pmid,affiliation_candidate,country,source,trust_score
42494796,Schweiz,CH,dictionary_exact,1.0
42208598,Germany,DE,pycountry_exact,0.95
42208598,Germany,DE,pycountry_exact,0.95
42208598,Germany,DE,pycountry_exact,0.95
42208598,Germany,DE,pycountry_exact,0.95
42208598,Germany,DE,pycountry_exact,0.95
42208598,Germany,DE,pycountry_exact,0.95
42208598,Germany,DE,pycountry_exact,0.95
42208598,Switzerland,CH,pycountry_exact,0.95
42208598,Germany,DE,pycountry_exact,0.95
42208598,Germany,DE,pycountry_exact,0.95
42208598,Germany,DE,pycountry_exact,0.95
42208598,Germany,DE,pycountry_exact,0.95
42208598,Germany,DE,pycountry_exact,0.95
42208598,Germany,DE,pycountry_exact,0.95
42208598,Germany,DE,pycountry_exact,0.95
42208598,Germany,DE,pycountry_exact,0.95
42208598,Germany,DE,pycountry_exact,0.95
41973606,Bundesanstalt für Arbeitsschutz und Arbeitsmedizin (BAuA). Fachbereich 4 - Gefahrstoffe und biologische Arbeitsstoffe. Gruppe 4.2 - Medizinischer Arbeitsschutz. Biomonitoring Nöldnerstraße 40/42 Deutschland,DE,geonames_word,0.8
41973606,Bundesinstitut für Risikobewertung. Fachgruppe 54 - Abt. Lebensmittelsicherheit Max-Dohrn-Straße 8-10 Deutschland,DE,geonames_word,0.8
41973606,Sozial- und Umweltmedizin Henkestraße 9-11 Deutschland,DE,geonames_word,0.8
41973606,Deutschland,DE,dictionary_exact,1.0
41971571,Deutschland,DE,dictionary_exact,1.0
41971571,Sozial- und Umweltmedizin Henkestraße 9-11 Deutschland,DE,geonames_word,0.8
41971571,Deutschland,DE,dictionary_exact,1.0
41971570,Sozial- und Umweltmedizin Henkestraße 9-11 Deutschland,DE,geonames_word,0.8
41971570,ABF Analytisch-biologisches Forschungslabor GmbH Semmelweisstraße 5 Deutschland,DE,geonames_word,0.8
41971570,Health and Safety Executive (HSE) Science and Research Centre Harpur Hill SK17 9JN Buxton (Derbyshire) Vereinigtes Königreich,GB,geonames_word,0.8
41971570,Deutschland,DE,dictionary_exact,1.0
41971569,Deutschland,DE,dictionary_exact,1.0
41971564,Deutschland,DE,dictionary_exact,1.0
41971561,Deutschland,DE,dictionary_exact,1.0
41586736,Deutschland,DE,dictionary_exact,1.0
41586736,Sozial- und Umweltmedizin Henkestraße 9-11 Deutschland,DE,geonames_word,0.8
41586734,Deutschland,DE,dictionary_exact,1.0
41586733,Deutschland,DE,dictionary_exact,1.0
41586732,Deutschland,DE,dictionary_exact,1.0
41586730,Deutschland,DE,dictionary_exact,1.0
41586730,Sozial- und Umweltmedizin Henkestraße 9-11 Deutschland,DE,geonames_word,0.8
41586729,Deutschland,DE,dictionary_exact,1.0
41586726,Deutschland,DE,dictionary_exact,1.0
41586725,Deutschland,DE,dictionary_exact,1.0
41586722,Deutschland,DE,dictionary_exact,1.0
41586721,Deutschland,DE,dictionary_exact,1.0
41586720,Deutschland,DE,dictionary_exact,1.0
41586717,Deutschland,DE,dictionary_exact,1.0
41586715,Sozial- und Umweltmedizin Henkestraße 9-11 Deutschland,DE,geonames_word,0.8
41586715,Deutschland,DE,dictionary_exact,1.0
41586712,Deutschland,DE,dictionary_exact,1.0
41586710,Deutschland,DE,dictionary_exact,1.0
41586709,Deutschland,DE,dictionary_exact,1.0
41586704,Deutschland,DE,dictionary_exact,1.0
41586700,Deutschland,DE,dictionary_exact,1.0
41586698,BASF SE. Corporate Health Management Carl-Bosch-Straße 38 Deutschland,DE,geonames_word,0.8
41586698,Sozial- und Umweltmedizin Henkestraße 9-11 Deutschland,DE,geonames_word,0.8
41586698,Deutschland,DE,dictionary_exact,1.0
41586446,Institut für Prävention und Arbeitsmedizin der DGUV (IPA) Bürkle de la camp-Platz 1 Deutschland,DE,geonames_word,0.8
41586446,Bundesanstalt für Arbeitsschutz und Arbeitsmedizin (BAuA) Friedrich-Henkel-Weg 1-25 Deutschland,DE,geonames_word,0.8
41586446,Berufsgenossenschaft der Bauwirtschaft (BG BAU) Am Knie 6 Deutschland,DE,geonames_word,0.8
41586446,Deutschland,DE,dictionary_exact,1.0
41586084,Institut für Arbeitsschutz der DGUV (IFA). Deutsche Gesetzliche Unfallversicherung e.V. (DGUV) Alte Heerstraße 111 Augustin Deutschland,DE,geonames_word,0.8
41586084,Bayerisches Landesamt für Gesundheit und Lebensmittelsicherheit (LGL) Pfarrstraße 3 Deutschland,DE,geonames_word,0.8
41586084,Bundesanstalt für Arbeitsschutz und Arbeitsmedizin (BAuA) Friedrich-Henkel-Weg 1-25 Deutschland,DE,geonames_word,0.8
41586084,Deutschland,DE,dictionary_exact,1.0
41586082,Health and Safety Executive (HSE) Science and Research Centre Harpur Hill SK17 9JN Buxton(Derbyshire),US,geonames_word,0.8
41586082,2Laboratory of Environmental and Occupational Toxicology. Department of Clinical Sciences and Community Health. University of Milano and Fondazione IRCCS Ca Granda Ospedale Maggiore PoliclinicoVia Francesco Sforza 3520122Milano,US,geonames_word,0.8
41586082,Sozial- und Umweltmedizin Henkestraße 9-11 Deutschland,DE,geonames_word,0.8
41586082,Deutschland,DE,dictionary_exact,1.0
41584498,BASF SE. Corporate Health Management Carl-Bosch-Straße 38 Deutschland,DE,geonames_word,0.8
41584498,Universitätsmedizin der Johannes Gutenberg-Universität Mainz Obere Zahlbacher Straße 67 Deutschland,DE,geonames_word,0.8
41584498,Sozial- und Umweltmedizin Henkestraße 9-11 Deutschland,DE,geonames_word,0.8
41584498,Geb. Q18 Deutschland,DE,geonames_word,0.8
41584498,Scheldelaan 600 Belgien,BE,geonames_word,0.8
41584498,Deutschland,DE,dictionary_exact,1.0
41584495,Deutschland,DE,dictionary_exact,1.0
41583135,Bundesanstalt für Arbeitsschutz und Arbeitsmedizin (BAuA) Friedrich-Henkel-Weg 1-25 Deutschland,DE,geonames_word,0.8
41583135,Land Sachsen-Anhalt Gebrüder-Bethmann-Str. 18 -Roßlau Deutschland,DE,geonames_word,0.8
41583135,Deutschland,DE,dictionary_exact,1.0
41583133,Bundesanstalt für Arbeitsschutz und Arbeitsmedizin (BAuA). Fachbereich 4 - Gefahrstoffe und biologische Arbeitsstoffe. Gruppe 4.2 - Medizinischer Arbeitsschutz. Biomonitoring Nöldnerstraße 40/42 Deutschland,DE,geonames_word,0.8
41583133,Bundesinstitut für Risikobewertung. Fachgruppe 54 - Abt. Lebensmittelsicherheit Max-Dohrn-Straße 8-10 Deutschland,DE,geonames_word,0.8
41583133,Sozial- und Umweltmedizin Henkestraße 9-11 Deutschland,DE,geonames_word,0.8
41583133,Deutschland,DE,dictionary_exact,1.0
41583132,Bayerisches Landesamt für Gesundheit und Lebensmittelsicherheit Pfarrstraße 3 Deutschland,DE,geonames_word,0.8
41583132,Hochschule Bonn-Rhein-Sieg. Fachbereich Angewandte Naturwissenschaften Grantham-Allee 20 Augustin Deutschland,DE,geonames_word,0.8
41583132,Bundesanstalt für Arbeitsschutz und Arbeitsmedizin (BAuA) Friedrich-Henkel-Weg 1-25 Deutschland,DE,geonames_word,0.8
41583132,Deutschland,DE,dictionary_exact,1.0
41571265,Deutschland,DE,dictionary_exact,1.0
41569278,Davos,not found,Not found,0.0
41569277,Divers Alert Network (DAN Suisse),not found,Not found,0.0
41569276,Schweiz,CH,dictionary_exact,1.0
41569276,Divers Alert Network Switzerland (DAN Europe Suisse),not found,Not found,0.0
41569276,Visp,not found,Not found,0.0
41569276,Schweiz,CH,dictionary_exact,1.0
41569276,Schweiz,CH,dictionary_exact,1.0
41569276,Schweiz,CH,dictionary_exact,1.0
41569276,Schweiz,CH,dictionary_exact,1.0
41569275,Bettlistrasse 16,not found,Not found,0.0
41569274,Zürich,CH,pycountry_exact,0.95
41569274,Zürich,CH,pycountry_exact,0.95
41569274,Graubünden,CH,pycountry_exact,0.95
41569273,Schweiz,CH,dictionary_exact,1.0
41569272,Zürich,CH,pycountry_exact,0.95
41569272,Zürich,CH,pycountry_exact,0.95
41569250,Horgen,CH,geonames_exact,0.9
41569250,Zürich,CH,pycountry_exact,0.95
41569249,Universitätsspital Zürich,CH,geonames_word,0.8
41569248,St. Gallen,CH,geonames_exact,0.9
41569247,Zürich,CH,pycountry_exact,0.95
41569247,Bern,CH,pycountry_exact,0.95
41569247,FHNW Muttenz,CH,geonames_word,0.8
41569247,Hausarztpraxis Küsnacht,not found,Not found,0.0
41569246,Universitätsspital Basel,CH,geonames_word,0.8
41569246,Universität Basel,CH,geonames_word,0.8
41569246,Universitätsspital Basel,CH,geonames_word,0.8
41569246,Universitätsspital Basel,CH,geonames_word,0.8
41569245,Switzerland,CH,pycountry_exact,0.95
41569245,Switzerland,CH,pycountry_exact,0.95
41569245,Switzerland,CH,pycountry_exact,0.95
41569245,0009-0003-7143-3110,not found,Not found,0.0
41569245,Switzerland,CH,pycountry_exact,0.95
41569244,Zürich,CH,pycountry_exact,0.95
41478791,Deutschland,DE,dictionary_exact,1.0
41478791,Deutschland,DE,dictionary_exact,1.0
41469806,USA,US,dictionary_exact,1.0
41469806,Großbritannien,GB,dictionary_exact,1.0
41469806,Volksrepublik China,not found,Not found,0.0
41469806,Deutschland,DE,dictionary_exact,1.0
41467911,Deutschland,DE,dictionary_exact,1.0
41467911,Deutschland,DE,dictionary_exact,1.0
41467911,Deutschland,DE,dictionary_exact,1.0
41461629,Deutschland,DE,dictionary_exact,1.0
41461629,Deutschland,DE,dictionary_exact,1.0
41461185,Germany,DE,pycountry_exact,0.95
41461185,Denmark,DK,pycountry_exact,0.95
41461185,Germany,DE,pycountry_exact,0.95
41460480,Deutschland,DE,dictionary_exact,1.0
41460480,Deutschland,DE,dictionary_exact,1.0
41460480,Deutschland,DE,dictionary_exact,1.0
41460480,Deutschland,DE,dictionary_exact,1.0
41460480,Deutschland,DE,dictionary_exact,1.0
41460480,Deutschland,DE,dictionary_exact,1.0
41460480,Deutschland,DE,dictionary_exact,1.0
41460480,Deutschland,DE,dictionary_exact,1.0
41460480,Deutschland,DE,dictionary_exact,1.0
41460480,Deutschland,DE,dictionary_exact,1.0
41460480,Deutschland,DE,dictionary_exact,1.0
41460480,Deutschland,DE,dictionary_exact,1.0
41460480,Deutschland,DE,dictionary_exact,1.0
41460480,Deutschland,DE,dictionary_exact,1.0
41460323,Deutschland,DE,dictionary_exact,1.0
41460323,Deutschland,DE,dictionary_exact,1.0
41460323,Deutschland,DE,dictionary_exact,1.0
41460323,Deutschland,DE,dictionary_exact,1.0
41460322,Deutschland,DE,dictionary_exact,1.0
41460318,Deutschland,DE,dictionary_exact,1.0
41460318,Deutschland,DE,dictionary_exact,1.0
41460318,Deutschland,DE,dictionary_exact,1.0
41460318,Deutschland,DE,dictionary_exact,1.0
41460318,Deutschland,DE,dictionary_exact,1.0
41460318,Deutschland,DE,dictionary_exact,1.0
41436664,Deutschland,DE,dictionary_exact,1.0
41436664,Deutschland,DE,dictionary_exact,1.0
41436664,Deutschland,DE,dictionary_exact,1.0
41436664,Deutschland,DE,dictionary_exact,1.0
41436653,Deutschland,DE,dictionary_exact,1.0
41436653,Deutschland,DE,dictionary_exact,1.0
41436653,Deutschland,DE,dictionary_exact,1.0
41432889,Deutschland,DE,dictionary_exact,1.0
41432889,Deutschland,DE,dictionary_exact,1.0
41432742,Deutschland,DE,dictionary_exact,1.0
41432742,Deutschland,DE,dictionary_exact,1.0
41432742,Österreich,AT,dictionary_exact,1.0
41432742,Deutschland,DE,dictionary_exact,1.0
41432742,Deutschland,DE,dictionary_exact,1.0
41432742,Deutschland,DE,dictionary_exact,1.0
41432742,Deutschland,DE,dictionary_exact,1.0
41432742,Deutschland,DE,dictionary_exact,1.0
41432732,Deutschland,DE,dictionary_exact,1.0
41432732,Deutschland,DE,dictionary_exact,1.0
41432732,Deutschland,DE,dictionary_exact,1.0
41432732,Deutschland,DE,dictionary_exact,1.0
41432732,Deutschland,DE,dictionary_exact,1.0
41429910,Deutschland,DE,dictionary_exact,1.0
41429910,Deutschland,DE,dictionary_exact,1.0
41429910,Deutschland,DE,dictionary_exact,1.0
41429910,Deutschland,DE,dictionary_exact,1.0
41429126,Germany,DE,pycountry_exact,0.95
41429126,Germany,DE,pycountry_exact,0.95
41429126,Germany,DE,pycountry_exact,0.95
41429126,Germany,DE,pycountry_exact,0.95
41429126,Germany,DE,pycountry_exact,0.95
41428201,Deutschland,DE,dictionary_exact,1.0
41422340,Deutschland,DE,dictionary_exact,1.0
41422340,Deutschland,DE,dictionary_exact,1.0
41422172,Deutschland,DE,dictionary_exact,1.0
41422172,Deutschland,DE,dictionary_exact,1.0
41422172,USA,US,dictionary_exact,1.0
41422172,United States,US,dictionary_exact,1.0
41420654,Deutschland,DE,dictionary_exact,1.0
41420654,Deutschland,DE,dictionary_exact,1.0
41420654,Deutschland,DE,dictionary_exact,1.0
41420066,Deutschland,DE,dictionary_exact,1.0
41420066,Deutschland,DE,dictionary_exact,1.0
41419695,Deutschland,DE,dictionary_exact,1.0
41419645,Deutschland,DE,dictionary_exact,1.0
41419645,Deutschland,DE,dictionary_exact,1.0
41419645,Deutschland,DE,dictionary_exact,1.0
41419645,Deutschland,DE,dictionary_exact,1.0
41418818,Institut für Qualitätssicherung in Prävention und Rehabilitation GmbH an der Deutschen Sporthochschule Köln (iqpr),DE,geonames_word,0.8
41418808,Österreich,AT,dictionary_exact,1.0
41418804,Marburg,DE,geonames_exact,0.9
41417115,Deutschland,DE,dictionary_exact,1.0
41417115,Deutschland,DE,dictionary_exact,1.0
41417115,Deutschland,DE,dictionary_exact,1.0
41417114,Deutschland,DE,dictionary_exact,1.0
41417114,Deutschland,DE,dictionary_exact,1.0
41417114,Deutschland,DE,dictionary_exact,1.0
41417114,Deutschland,DE,dictionary_exact,1.0
41417105,Deutschland,DE,dictionary_exact,1.0
41417105,Deutschland,DE,dictionary_exact,1.0
41417105,Deutschland,DE,dictionary_exact,1.0
41417092,Deutschland,DE,dictionary_exact,1.0
41417092,Deutschland,DE,dictionary_exact,1.0
41417092,Deutschland,DE,dictionary_exact,1.0
41417092,Deutschland,DE,dictionary_exact,1.0
41417092,Deutschland,DE,dictionary_exact,1.0
41417092,Deutschland,DE,dictionary_exact,1.0
41417092,Deutschland,DE,dictionary_exact,1.0
41417092,Deutschland,DE,dictionary_exact,1.0
41417092,Deutschland,DE,dictionary_exact,1.0
41417092,Deutschland,DE,dictionary_exact,1.0
41417092,Deutschland,DE,dictionary_exact,1.0
41417092,Deutschland,DE,dictionary_exact,1.0
41417092,Deutschland,DE,dictionary_exact,1.0
41417092,Deutschland,DE,dictionary_exact,1.0
41417092,Deutschland,DE,dictionary_exact,1.0
41417092,Deutschland,DE,dictionary_exact,1.0
41417091,Deutschland,DE,dictionary_exact,1.0
41417091,Deutschland,DE,dictionary_exact,1.0
41417091,Deutschland,DE,dictionary_exact,1.0
41417091,Deutschland,DE,dictionary_exact,1.0
41417091,Deutschland,DE,dictionary_exact,1.0
41417090,Deutschland,DE,dictionary_exact,1.0
41417090,Deutschland,DE,dictionary_exact,1.0
41417044,Deutschland,DE,dictionary_exact,1.0
41417044,Deutschland,DE,dictionary_exact,1.0
41417044,Deutschland,DE,dictionary_exact,1.0
41417044,Deutschland,DE,dictionary_exact,1.0
41417044,Ungarn,HU,dictionary_exact,1.0
41417043,Deutschland,DE,dictionary_exact,1.0
41413737,Deutschland,DE,dictionary_exact,1.0
41413737,Deutschland,DE,dictionary_exact,1.0
41413737,Deutschland,DE,dictionary_exact,1.0
41412197,Germany,DE,pycountry_exact,0.95
41412197,Germany,DE,pycountry_exact,0.95
41412186,Bad Saarow,TG,geonames_word,0.8
41412186,Neuruppin,DE,geonames_exact,0.9
41412186,Günzburg,DE,geonames_exact,0.9
41412186,Ibbenbüren,DE,geonames_exact,0.9
41412166,Germany,DE,pycountry_exact,0.95
41412166,Germany,DE,pycountry_exact,0.95
41412166,Germany,DE,pycountry_exact,0.95
41410944,Deutschland,DE,dictionary_exact,1.0
41410944,Deutschland,DE,dictionary_exact,1.0
41410941,Deutschland,DE,dictionary_exact,1.0
41410941,Deutschland,DE,dictionary_exact,1.0
41410941,Deutschland,DE,dictionary_exact,1.0
41410940,Deutschland,DE,dictionary_exact,1.0
41410939,Deutschland,DE,dictionary_exact,1.0
41410939,Deutschland,DE,dictionary_exact,1.0
41410939,Deutschland,DE,dictionary_exact,1.0
41410939,Deutschland,DE,dictionary_exact,1.0
41410938,Deutschland,DE,dictionary_exact,1.0
41410938,Deutschland,DE,dictionary_exact,1.0
41410780,Deutschland,DE,dictionary_exact,1.0
41410780,Deutschland,DE,dictionary_exact,1.0
41410780,Deutschland,DE,dictionary_exact,1.0
41410780,Deutschland,DE,dictionary_exact,1.0
41410780,Deutschland,DE,dictionary_exact,1.0
41410779,Deutschland,DE,dictionary_exact,1.0
41410779,Deutschland,DE,dictionary_exact,1.0
41410778,Deutschland,DE,dictionary_exact,1.0
41410778,Deutschland,DE,dictionary_exact,1.0
41410778,Deutschland,DE,dictionary_exact,1.0
41410755,Deutschland,DE,dictionary_exact,1.0
41410755,Deutschland,DE,dictionary_exact,1.0
41410703,Deutschland,DE,dictionary_exact,1.0
41410703,Deutschland,DE,dictionary_exact,1.0
41410703,Deutschland,DE,dictionary_exact,1.0
41410703,Deutschland,DE,dictionary_exact,1.0
41410703,Deutschland,DE,dictionary_exact,1.0
41410703,Deutschland,DE,dictionary_exact,1.0
41410703,Deutschland,DE,dictionary_exact,1.0
41410703,Deutschland,DE,dictionary_exact,1.0
41410703,Deutschland,DE,dictionary_exact,1.0
41410703,Deutschland,DE,dictionary_exact,1.0
41410702,Deutschland,DE,dictionary_exact,1.0
41410702,Deutschland,DE,dictionary_exact,1.0
41410702,Deutschland,DE,dictionary_exact,1.0
41410700,Deutschland,DE,dictionary_exact,1.0
41410699,Deutschland,DE,dictionary_exact,1.0
41410699,Deutschland,DE,dictionary_exact,1.0
41410698,Alexianer Zentrum für seelische Gesundheit Aachen,DE,geonames_word,0.8
41410698,Deutschland,DE,dictionary_exact,1.0
41410698,Deutschland,DE,dictionary_exact,1.0
41410698,Schweiz,CH,dictionary_exact,1.0
41410698,Schweiz,CH,dictionary_exact,1.0
41410698,USA,US,dictionary_exact,1.0
41410697,Deutschland,DE,dictionary_exact,1.0
41410697,Deutschland,DE,dictionary_exact,1.0
41410697,Deutschland,DE,dictionary_exact,1.0
41410697,Deutschland,DE,dictionary_exact,1.0
41410697,Deutschland,DE,dictionary_exact,1.0
41410697,Deutschland,DE,dictionary_exact,1.0
41407610,Deutschland,DE,dictionary_exact,1.0
41407610,Deutschland,DE,dictionary_exact,1.0
41407610,Deutschland,DE,dictionary_exact,1.0
41407609,Deutschland,DE,dictionary_exact,1.0
41407609,Deutschland,DE,dictionary_exact,1.0
41407607,Deutschland,DE,dictionary_exact,1.0
41407607,Deutschland,DE,dictionary_exact,1.0
41407257,Germany,DE,pycountry_exact,0.95
41407257,Germany,DE,pycountry_exact,0.95
41407256,Germany,DE,pycountry_exact,0.95
41407256,Germany,DE,pycountry_exact,0.95
41407254,Münster,IE,pycountry_exact,0.95
41407254,Hamburg,DE,pycountry_exact,0.95
41407254,Erlangen,DE,geonames_exact,0.9
41407254,München,DE,geonames_exact,0.9
41407254,Detmold,DE,geonames_exact,0.9
41407254,Jena,DE,geonames_exact,0.9
41407254,Husum,DE,geonames_exact,0.9
41407254,Aachen,DE,geonames_exact,0.9
41407254,Bremen,DE,pycountry_exact,0.95
41407254,Mainz,DE,geonames_exact,0.9
41407254,Tuebingen,DE,geonames_exact,0.9
41407254,Lübeck,DE,geonames_exact,0.9
41407254,Munich,DE,geonames_exact,0.9
41407253,Germany,DE,pycountry_exact,0.95
41407253,Germany,DE,pycountry_exact,0.95
41407253,Germany,DE,pycountry_exact,0.95
41407253,Germany,DE,pycountry_exact,0.95
41407253,Germany,DE,pycountry_exact,0.95
41407253,Germany,DE,pycountry_exact,0.95
41407252,Germany,DE,pycountry_exact,0.95
41407252,Germany,DE,pycountry_exact,0.95
41407252,Germany,DE,pycountry_exact,0.95
41407252,Germany,DE,pycountry_exact,0.95
41407252,Germany,DE,pycountry_exact,0.95
41405809,Österreich,AT,dictionary_exact,1.0
41405809,Österreich,AT,dictionary_exact,1.0
41405809,Österreich,AT,dictionary_exact,1.0
41405809,Österreich,AT,dictionary_exact,1.0
41405716,Deutschland,DE,dictionary_exact,1.0
41405702,Deutschland,DE,dictionary_exact,1.0
41405702,Deutschland,DE,dictionary_exact,1.0
41405699,Deutschland,DE,dictionary_exact,1.0
41405699,Deutschland,DE,dictionary_exact,1.0
41405699,Schweiz,CH,dictionary_exact,1.0
41405699,Deutschland,DE,dictionary_exact,1.0
41405699,Deutschland,DE,dictionary_exact,1.0
41405699,Deutschland,DE,dictionary_exact,1.0
41405699,Deutschland,DE,dictionary_exact,1.0
41405699,Deutschland,DE,dictionary_exact,1.0
41405699,Deutschland,DE,dictionary_exact,1.0
41405699,Deutschland,DE,dictionary_exact,1.0
41405699,Deutschland,DE,dictionary_exact,1.0
41405699,Deutschland,DE,dictionary_exact,1.0
41405604,Schweiz,CH,dictionary_exact,1.0
41405604,Schweiz,CH,dictionary_exact,1.0
41405603,Deutschland,DE,dictionary_exact,1.0
41405603,Deutschland,DE,dictionary_exact,1.0
41404673,Deutschland,DE,dictionary_exact,1.0
41404672,Deutschland,DE,dictionary_exact,1.0
41404672,Deutschland,DE,dictionary_exact,1.0
41404672,Deutschland,DE,dictionary_exact,1.0
41404672,Deutschland,DE,dictionary_exact,1.0
41402631,Deutschland,DE,dictionary_exact,1.0
41402631,Deutschland,DE,dictionary_exact,1.0
41402631,Deutschland,DE,dictionary_exact,1.0
41402630,Deutschland,DE,dictionary_exact,1.0
41402630,Deutschland,DE,dictionary_exact,1.0
41401937,Otto-von-Guericke-Universität Magdeburg,DE,geonames_word,0.8
41401937,Stendal,DE,geonames_exact,0.9
41401937,Laatzen,DE,geonames_exact,0.9
41401937,Universität Hildesheim,DE,geonames_word,0.8
41401936,Eichstätt,not found,Not found,0.0
41401936,Otto-von-Guericke-Universität Magdeburg,DE,geonames_word,0.8
41401936,Neuruppin,DE,geonames_exact,0.9
41401936,Berlin,DE,pycountry_exact,0.95
41401935,Bergische Universität Wuppertal,DE,geonames_word,0.8
41401935,Universität Witten/Herdecke Witten,DE,geonames_word,0.8
41401935,Universität Bielefeld,DE,geonames_word,0.8
41401933,Feldkirch,AT,geonames_exact,0.9
41401932,Germany,DE,pycountry_exact,0.95
41401932,Germany,DE,pycountry_exact,0.95
41401932,Germany,DE,pycountry_exact,0.95
41401932,Germany,DE,pycountry_exact,0.95
41401932,Germany,DE,pycountry_exact,0.95
41400897,Österreich,AT,dictionary_exact,1.0
41400897,Österreich,AT,dictionary_exact,1.0
41400897,Österreich,AT,dictionary_exact,1.0
41400897,Österreich,AT,dictionary_exact,1.0
41400897,Österreich,AT,dictionary_exact,1.0
41400897,Österreich,AT,dictionary_exact,1.0
41400822,Deutschland,DE,dictionary_exact,1.0
41400822,Deutschland,DE,dictionary_exact,1.0
41400822,Deutschland,DE,dictionary_exact,1.0
41400822,Deutschland,DE,dictionary_exact,1.0
41400684,Deutschland,DE,dictionary_exact,1.0
41400682,Deutschland,DE,dictionary_exact,1.0
41400668,Deutschland,DE,dictionary_exact,1.0
41400668,Deutschland,DE,dictionary_exact,1.0
41400668,Deutschland,DE,dictionary_exact,1.0
41400668,Deutschland,DE,dictionary_exact,1.0
41400668,Deutschland,DE,dictionary_exact,1.0
41400668,Deutschland,DE,dictionary_exact,1.0
41400667,Deutschland,DE,dictionary_exact,1.0
41400667,Deutschland,DE,dictionary_exact,1.0
41400667,Deutschland,DE,dictionary_exact,1.0
41400667,Deutschland,DE,dictionary_exact,1.0
41400667,Deutschland,DE,dictionary_exact,1.0
41400667,Deutschland,DE,dictionary_exact,1.0
41400667,Deutschland,DE,dictionary_exact,1.0
41400667,Deutschland,DE,dictionary_exact,1.0
41400667,Deutschland,DE,dictionary_exact,1.0
41400667,Deutschland,DE,dictionary_exact,1.0
41400667,Deutschland,DE,dictionary_exact,1.0
41400667,Deutschland,DE,dictionary_exact,1.0
41400667,Deutschland,DE,dictionary_exact,1.0
41400667,Deutschland,DE,dictionary_exact,1.0
41400667,Deutschland,DE,dictionary_exact,1.0
41400667,Deutschland,DE,dictionary_exact,1.0
41400667,Deutschland,DE,dictionary_exact,1.0
41400667,Deutschland,DE,dictionary_exact,1.0
41400667,Deutschland,DE,dictionary_exact,1.0
41400667,Deutschland,DE,dictionary_exact,1.0
41400667,Deutschland,DE,dictionary_exact,1.0
41400667,Deutschland,DE,dictionary_exact,1.0
41400667,Deutschland,DE,dictionary_exact,1.0
41400667,Deutschland,DE,dictionary_exact,1.0
41400667,Deutschland,DE,dictionary_exact,1.0
41400667,Deutschland,DE,dictionary_exact,1.0
41400667,Deutschland,DE,dictionary_exact,1.0
41400667,Deutschland,DE,dictionary_exact,1.0
41400667,Deutschland,DE,dictionary_exact,1.0
41400667,Deutschland,DE,dictionary_exact,1.0
41400667,Deutschland,DE,dictionary_exact,1.0
41400667,Deutschland,DE,dictionary_exact,1.0
41400667,Deutschland,DE,dictionary_exact,1.0
41400667,Deutschland,DE,dictionary_exact,1.0
41400667,Deutschland,DE,dictionary_exact,1.0
41400667,Deutschland,DE,dictionary_exact,1.0
41400667,Deutschland,DE,dictionary_exact,1.0
41400667,Deutschland,DE,dictionary_exact,1.0
41400667,Deutschland,DE,dictionary_exact,1.0
41400667,Deutschland,DE,dictionary_exact,1.0
41400667,Deutschland,DE,dictionary_exact,1.0
41400667,Deutschland,DE,dictionary_exact,1.0
41400667,Deutschland,DE,dictionary_exact,1.0
41400666,Deutschland,DE,dictionary_exact,1.0
41400666,Deutschland,DE,dictionary_exact,1.0
41400666,Deutschland,DE,dictionary_exact,1.0
41400666,Deutschland,DE,dictionary_exact,1.0
41400666,Deutschland,DE,dictionary_exact,1.0
41400664,Deutschland,DE,dictionary_exact,1.0
41400664,Deutschland,DE,dictionary_exact,1.0
41400664,Deutschland,DE,dictionary_exact,1.0
41400664,Deutschland,DE,dictionary_exact,1.0
41400664,Deutschland,DE,dictionary_exact,1.0
41400662,Deutschland,DE,dictionary_exact,1.0
41400656,Deutschland,DE,dictionary_exact,1.0
41400656,Deutschland,DE,dictionary_exact,1.0
41400656,Deutschland,DE,dictionary_exact,1.0
41398104,Deutschland,DE,dictionary_exact,1.0
41398104,Deutschland,DE,dictionary_exact,1.0
41398104,Deutschland,DE,dictionary_exact,1.0
41398104,Deutschland,DE,dictionary_exact,1.0
41398072,Deutschland,DE,dictionary_exact,1.0
41398072,Deutschland,DE,dictionary_exact,1.0
41398072,Deutschland,DE,dictionary_exact,1.0
41398072,Deutschland,DE,dictionary_exact,1.0
41398072,Deutschland,DE,dictionary_exact,1.0
41398072,Deutschland,DE,dictionary_exact,1.0
41398072,Österreich,AT,dictionary_exact,1.0
41398072,Deutschland,DE,dictionary_exact,1.0
41398072,Deutschland,DE,dictionary_exact,1.0
41398072,Deutschland,DE,dictionary_exact,1.0
41397429,Germany,DE,pycountry_exact,0.95
41397429,Germany,DE,pycountry_exact,0.95
41397429,Germany,DE,pycountry_exact,0.95
41397417,Humboldt-Universität zu Berlin,DE,geonames_word,0.8
41397416,Heinrich-Heine-Universität Düsseldorf,DE,geonames_word,0.8
41397416,Universitätsklinikum Düsseldorf,DE,geonames_word,0.8
41397416,Heinrich-Heine-Universität Düsseldorf,DE,geonames_word,0.8
41397416,Heinrich-Heine-Universität Düsseldorf,DE,geonames_word,0.8
41397416,LVR-Klinikum Düsseldorf - Kliniken der Heinrich-Heine-Universität Düsseldorf,DE,geonames_word,0.8
41397416,Heinrich-Heine-Universität Düsseldorf,DE,geonames_word,0.8
41397415,Universität Leipzig,DE,geonames_word,0.8
41397415,Universitätsmedizin der Johannes Gutenberg-Universität Mainz,DE,geonames_word,0.8
41397415,Wiesbaden,DE,geonames_exact,0.9
41397415,Universität Leipzig,DE,geonames_word,0.8
41397415,Universitätsmedizin Rostock,DE,geonames_word,0.8
41396362,Deutschland,DE,dictionary_exact,1.0
41396362,Deutschland,DE,dictionary_exact,1.0
41396309,Deutschland,DE,dictionary_exact,1.0
41396309,Deutschland,DE,dictionary_exact,1.0
41396309,Deutschland,DE,dictionary_exact,1.0
41387637,Deutschland,DE,dictionary_exact,1.0
41387637,Deutschland,DE,dictionary_exact,1.0
41386277,Germany,DE,pycountry_exact,0.95
41386277,Germany,DE,pycountry_exact,0.95
41386277,Germany,DE,pycountry_exact,0.95
41386277,Germany,DE,pycountry_exact,0.95
41386277,Germany,DE,pycountry_exact,0.95
41386277,Germany,DE,pycountry_exact,0.95
41386277,Germany,DE,pycountry_exact,0.95
41386277,Germany,DE,pycountry_exact,0.95
41386277,Germany,DE,pycountry_exact,0.95
41386277,Germany,DE,pycountry_exact,0.95
41386277,Germany,DE,pycountry_exact,0.95
41386277,Germany,DE,pycountry_exact,0.95
41386257,Deutschland,DE,dictionary_exact,1.0
41386255,Deutschland,DE,dictionary_exact,1.0
41386255,Schweiz,CH,dictionary_exact,1.0
41385099,Deutschland,DE,dictionary_exact,1.0
41385099,Deutschland,DE,dictionary_exact,1.0
41385099,Deutschland,DE,dictionary_exact,1.0
41385099,Deutschland,DE,dictionary_exact,1.0
41385099,Deutschland,DE,dictionary_exact,1.0
41385099,Schweiz,CH,dictionary_exact,1.0
41385071,Deutschland,DE,dictionary_exact,1.0
41385071,Deutschland,DE,dictionary_exact,1.0
41384983,Deutschland,DE,dictionary_exact,1.0
41384983,Deutschland,DE,dictionary_exact,1.0
41384971,Deutschland,DE,dictionary_exact,1.0
41384971,Deutschland,DE,dictionary_exact,1.0
41384971,Deutschland,DE,dictionary_exact,1.0
41384951,Österreich,AT,dictionary_exact,1.0
41384951,Österreich,AT,dictionary_exact,1.0
41384951,Österreich,AT,dictionary_exact,1.0
41384950,Deutschland,DE,dictionary_exact,1.0
41381952,Deutschland,DE,dictionary_exact,1.0
41381952,Deutschland,DE,dictionary_exact,1.0
41381952,Deutschland,DE,dictionary_exact,1.0
41381895,Deutschland,DE,dictionary_exact,1.0
41381895,Deutschland,DE,dictionary_exact,1.0
41381743,Deutschland,DE,dictionary_exact,1.0
41381743,Deutschland,DE,dictionary_exact,1.0
41380724,Switzerland,CH,pycountry_exact,0.95
41380718,Germany,DE,pycountry_exact,0.95
41380718,Germany,DE,pycountry_exact,0.95
41380718,Germany,DE,pycountry_exact,0.95
41380718,Germany,DE,pycountry_exact,0.95
41380718,Germany,DE,pycountry_exact,0.95
41380718,Germany,DE,pycountry_exact,0.95
41380718,Germany,DE,pycountry_exact,0.95
41380718,Germany,DE,pycountry_exact,0.95
41380718,Germany,DE,pycountry_exact,0.95
41380718,Switzerland,CH,pycountry_exact,0.95
41380718,Germany,DE,pycountry_exact,0.95
41380716,Freiburg,CH,geonames_exact,0.9
41380696,Germany,DE,pycountry_exact,0.95
41380696,Germany,DE,pycountry_exact,0.95
41380696,Germany,DE,pycountry_exact,0.95
41380696,Germany,DE,pycountry_exact,0.95
41380694,Germany,DE,pycountry_exact,0.95
41380694,Austria,AT,pycountry_exact,0.95
41380693,Germany,DE,pycountry_exact,0.95
41380692,Germany,DE,pycountry_exact,0.95
41380692,Germany,DE,pycountry_exact,0.95
41379490,Zürichbergstrasse 7,not found,Not found,0.0
41379490,ORCID https://orcid.org/0000-0001-5368-5099,not found,Not found,0.0
41379489,Universitätsspital Zürich,CH,geonames_word,0.8
41379488,Zürich,CH,pycountry_exact,0.95
41379488,Zürich,CH,pycountry_exact,0.95
41379488,WHM/FMF Stiftung zur Förderung der Weiterbildung in Hausarztmedizin,not found,Not found,0.0
41379488,St.Gallen,not found,Not found,0.0
41379488,Baden,DE,pycountry_exact,0.95
41379487,St. Gallen,CH,geonames_exact,0.9
41379487,St. Gallen,CH,geonames_exact,0.9
41379486,Schweiz,CH,dictionary_exact,1.0
41379486,Schweiz,CH,dictionary_exact,1.0
41379486,Schweiz,CH,dictionary_exact,1.0
41379485,St. Gallen,CH,geonames_exact,0.9
41379485,Frauenfeld,CH,geonames_exact,0.9
41379485,St. Gallen,CH,geonames_exact,0.9
41379485,St. Gallen,CH,geonames_exact,0.9
41379484,Horgen,CH,geonames_exact,0.9
41379484,Zürich,CH,pycountry_exact,0.95
41379483,Luzern,CH,pycountry_exact,0.95
41379483,Luzern,CH,pycountry_exact,0.95
41379373,Deutschland,DE,dictionary_exact,1.0
41379373,Deutschland,DE,dictionary_exact,1.0
41379159,Deutschland,DE,dictionary_exact,1.0
41379159,Deutschland,DE,dictionary_exact,1.0
41379159,Deutschland,DE,dictionary_exact,1.0
41379145,Deutschland,DE,dictionary_exact,1.0
41379145,Deutschland,DE,dictionary_exact,1.0
41379122,Deutschland,DE,dictionary_exact,1.0
41379122,Deutschland,DE,dictionary_exact,1.0
41379122,Deutschland,DE,dictionary_exact,1.0
41379121,Deutschland,DE,dictionary_exact,1.0
41379121,Deutschland,DE,dictionary_exact,1.0
41379121,Deutschland,DE,dictionary_exact,1.0
41379121,Deutschland,DE,dictionary_exact,1.0
41379121,Deutschland,DE,dictionary_exact,1.0
41379121,Deutschland,DE,dictionary_exact,1.0
41379121,Deutschland,DE,dictionary_exact,1.0
41379121,Deutschland,DE,dictionary_exact,1.0
41379120,Deutschland,DE,dictionary_exact,1.0
41379120,Deutschland,DE,dictionary_exact,1.0
41376424,Liestal,not found,Not found,0.0
41376423,Switzerland,CH,pycountry_exact,0.95
41376423,Switzerland,CH,pycountry_exact,0.95
41376423,Switzerland,CH,pycountry_exact,0.95
41376423,Switzerland,CH,pycountry_exact,0.95
41376423,Switzerland,CH,pycountry_exact,0.95
41376423,Switzerland,CH,pycountry_exact,0.95
41376422,Luzern,CH,pycountry_exact,0.95
41376422,Luzern,CH,pycountry_exact,0.95
41376421,Zürich,CH,pycountry_exact,0.95
41376421,Schwyz,CH,pycountry_exact,0.95
41376420,Biel,IT,pycountry_exact,0.95
41376419,Basel,CH,pycountry_exact,0.95
41376419,Basel,CH,pycountry_exact,0.95
41376418,Olten,CH,geonames_exact,0.9
41376418,Olten,CH,geonames_exact,0.9
41376418,Olten,CH,geonames_exact,0.9
41376417,Universitätsspital Zürich,CH,geonames_word,0.8
41376416,Universitätsspital Zürich USZ,CH,geonames_word,0.8
41371251,Deutschland,DE,dictionary_exact,1.0
41371251,Deutschland,DE,dictionary_exact,1.0
41371250,Deutschland,DE,dictionary_exact,1.0
41371250,Deutschland,DE,dictionary_exact,1.0
41371250,Deutschland,DE,dictionary_exact,1.0
41371248,Deutschland,DE,dictionary_exact,1.0
41371248,Deutschland,DE,dictionary_exact,1.0
41371248,Deutschland,DE,dictionary_exact,1.0
41371248,Deutschland,DE,dictionary_exact,1.0
41371245,Oberhausen,DE,geonames_exact,0.9
41371245,Venenzentrum Bergstraße und Darmstadt,DE,geonames_word,0.8
41371245,Dinslaken,DE,geonames_exact,0.9
41371245,Düsseldorf,DE,geonames_exact,0.9
41371245,Augsburg,DE,geonames_exact,0.9
41371245,GERMANY,DE,pycountry_exact,0.95
41371241,Deutschland,DE,dictionary_exact,1.0
41371241,Deutschland,DE,dictionary_exact,1.0
41371241,Deutschland,DE,dictionary_exact,1.0
41371227,Deutschland,DE,dictionary_exact,1.0
41369894,Deutschland,DE,dictionary_exact,1.0
41369894,Deutschland,DE,dictionary_exact,1.0
41369894,Deutschland,DE,dictionary_exact,1.0
41369893,Deutschland,DE,dictionary_exact,1.0
41369893,Deutschland,DE,dictionary_exact,1.0
41369893,Deutschland,DE,dictionary_exact,1.0
41369746,Deutschland,DE,dictionary_exact,1.0
41369746,Deutschland,DE,dictionary_exact,1.0
41369746,Deutschland,DE,dictionary_exact,1.0
41369745,Österreich,AT,dictionary_exact,1.0
41369745,Niederlande,NL,dictionary_exact,1.0
41369745,Österreich,AT,dictionary_exact,1.0
41369745,Österreich,AT,dictionary_exact,1.0
41369741,Deutschland,DE,dictionary_exact,1.0
41369741,Deutschland,DE,dictionary_exact,1.0
41369741,Deutschland,DE,dictionary_exact,1.0
41369735,Deutschland,DE,dictionary_exact,1.0
41369735,Deutschland,DE,dictionary_exact,1.0
41369734,Deutschland,DE,dictionary_exact,1.0
41369734,Deutschland,DE,dictionary_exact,1.0
41369727,Deutschland,DE,dictionary_exact,1.0
41369727,Deutschland,DE,dictionary_exact,1.0
41369726,Deutschland,DE,dictionary_exact,1.0
41369726,Deutschland,DE,dictionary_exact,1.0
41366604,Deutschland,DE,dictionary_exact,1.0
41366604,Deutschland,DE,dictionary_exact,1.0
41366604,Deutschland,DE,dictionary_exact,1.0
41365492,Germany,DE,pycountry_exact,0.95
41365492,Germany,DE,pycountry_exact,0.95
41365492,Germany,DE,pycountry_exact,0.95
41365492,Germany,DE,pycountry_exact,0.95
41365492,Germany,DE,pycountry_exact,0.95
41365492,Germany,DE,pycountry_exact,0.95
41365492,Germany,DE,pycountry_exact,0.95
41365492,Germany,DE,pycountry_exact,0.95
41365492,Germany,DE,pycountry_exact,0.95
41365492,Germany,DE,pycountry_exact,0.95
41365492,Germany,DE,pycountry_exact,0.95
41365492,Germany,DE,pycountry_exact,0.95
41365492,Germany,DE,pycountry_exact,0.95
41365492,Germany,DE,pycountry_exact,0.95
41365492,Germany,DE,pycountry_exact,0.95
41365492,Germany,DE,pycountry_exact,0.95
41365492,Germany,DE,pycountry_exact,0.95
41365492,Germany,DE,pycountry_exact,0.95
41365492,Germany,DE,pycountry_exact,0.95
41365492,Germany,DE,pycountry_exact,0.95
41365492,Germany,DE,pycountry_exact,0.95
41365492,Germany,DE,pycountry_exact,0.95
41365492,Germany,DE,pycountry_exact,0.95
41365361,Germany,DE,pycountry_exact,0.95
41365361,Germany,DE,pycountry_exact,0.95
41365361,Germany,DE,pycountry_exact,0.95
41365361,Germany,DE,pycountry_exact,0.95
41365360,Germany,DE,pycountry_exact,0.95
41365360,Germany,DE,pycountry_exact,0.95
41365360,Germany,DE,pycountry_exact,0.95
41365359,Germany,DE,pycountry_exact,0.95
41365358,Germany,DE,pycountry_exact,0.95
41365358,Germany,DE,pycountry_exact,0.95
41365358,Germany,DE,pycountry_exact,0.95
41365357,Universitätsmedizin der Johannes Gutenberg-Universität Mainz,DE,geonames_word,0.8
41365357,Kaiserslautern,DE,geonames_exact,0.9
41365357,Zentrum für Audiovisuelle Produktion (ZAP) der Johannes Gutenberg-Universität Mainz,DE,geonames_word,0.8
41365357,Rhön Klinikum Campus Bad Neustadt an der Saale,BE,geonames_word,0.8
41365357,Reha-Zentrum Bad Driburg,TG,geonames_word,0.8
41365357,Schömberg,not found,Not found,0.0
41365357,Bad Kreuznach,DE,geonames_exact,0.9
41365356,Medizinische Hochschule Hannover,DE,geonames_word,0.8
41365341,Deutschland,DE,dictionary_exact,1.0
41365313,Bamberg,DE,geonames_exact,0.9
41365313,Nürnberg,DE,geonames_exact,0.9
41364208,Deutschland,DE,dictionary_exact,1.0
41364208,Deutschland,DE,dictionary_exact,1.0
41364208,Deutschland,DE,dictionary_exact,1.0
41364208,Deutschland,DE,dictionary_exact,1.0
41364207,Deutschland,DE,dictionary_exact,1.0
41364195,Deutschland,DE,dictionary_exact,1.0
41364195,Deutschland,DE,dictionary_exact,1.0
41364195,Deutschland,DE,dictionary_exact,1.0
41364195,Deutschland,DE,dictionary_exact,1.0
41364195,Deutschland,DE,dictionary_exact,1.0
41364195,Deutschland,DE,dictionary_exact,1.0
41364195,Deutschland,DE,dictionary_exact,1.0
41364148,Deutschland,DE,dictionary_exact,1.0
41364148,Deutschland,DE,dictionary_exact,1.0
41364113,Deutschland,DE,dictionary_exact,1.0
41364113,Deutschland,DE,dictionary_exact,1.0
41364110,Deutschland,DE,dictionary_exact,1.0
41364110,Österreich,AT,dictionary_exact,1.0
41364110,Deutschland,DE,dictionary_exact,1.0
41364110,Schweiz,CH,dictionary_exact,1.0
41364110,Deutschland,DE,dictionary_exact,1.0
41364110,Deutschland,DE,dictionary_exact,1.0
41364109,Deutschland,DE,dictionary_exact,1.0
41364109,Deutschland,DE,dictionary_exact,1.0
41364109,Deutschland,DE,dictionary_exact,1.0
41364109,Deutschland,DE,dictionary_exact,1.0
41364003,Deutschland,DE,dictionary_exact,1.0
41364003,Deutschland,DE,dictionary_exact,1.0
41364003,Deutschland,DE,dictionary_exact,1.0
41361665,Deutschland,DE,dictionary_exact,1.0
41361665,Deutschland,DE,dictionary_exact,1.0
41361650,Deutschland,DE,dictionary_exact,1.0
41361649,Deutschland,DE,dictionary_exact,1.0
41361648,Deutschland,DE,dictionary_exact,1.0
41361647,Deutschland,DE,dictionary_exact,1.0
41361646,Deutschland,DE,dictionary_exact,1.0
41361645,Deutschland,DE,dictionary_exact,1.0
41361644,Deutschland,DE,dictionary_exact,1.0
41361643,Deutschland,DE,dictionary_exact,1.0
41361642,Deutschland,DE,dictionary_exact,1.0
41361642,Deutschland,DE,dictionary_exact,1.0
41361641,Deutschland,DE,dictionary_exact,1.0
41361641,Deutschland,DE,dictionary_exact,1.0
41361640,Deutschland,DE,dictionary_exact,1.0
41361640,Deutschland,DE,dictionary_exact,1.0
41361639,Deutschland,DE,dictionary_exact,1.0
41361639,Deutschland,DE,dictionary_exact,1.0
41361639,Deutschland,DE,dictionary_exact,1.0
41361638,Schweiz,CH,dictionary_exact,1.0
41361637,Schweiz,CH,dictionary_exact,1.0
41361636,Deutschland,DE,dictionary_exact,1.0
41361636,Deutschland,DE,dictionary_exact,1.0
41361635,Deutschland,DE,dictionary_exact,1.0
41361634,Deutschland,DE,dictionary_exact,1.0
41361634,Deutschland,DE,dictionary_exact,1.0
41361634,Deutschland,DE,dictionary_exact,1.0
41361633,Deutschland,DE,dictionary_exact,1.0
41361632,Deutschland,DE,dictionary_exact,1.0
41361631,Deutschland,DE,dictionary_exact,1.0
41361630,Deutschland,DE,dictionary_exact,1.0
41361629,Deutschland,DE,dictionary_exact,1.0
41361628,Deutschland,DE,dictionary_exact,1.0
41361627,Deutschland,DE,dictionary_exact,1.0
41361627,Deutschland,DE,dictionary_exact,1.0
41361626,Deutschland,DE,dictionary_exact,1.0
41361625,Deutschland,DE,dictionary_exact,1.0
41361624,Deutschland,DE,dictionary_exact,1.0
41361623,Deutschland,DE,dictionary_exact,1.0
41361622,Deutschland,DE,dictionary_exact,1.0
41361621,Deutschland,DE,dictionary_exact,1.0
41361620,Deutschland,DE,dictionary_exact,1.0
41361619,Deutschland,DE,dictionary_exact,1.0
41361618,Deutschland,DE,dictionary_exact,1.0
41361617,Deutschland,DE,dictionary_exact,1.0
41361616,Deutschland,DE,dictionary_exact,1.0
41361615,Deutschland,DE,dictionary_exact,1.0
41361614,Deutschland,DE,dictionary_exact,1.0
41361613,Deutschland,DE,dictionary_exact,1.0
41361612,Deutschland,DE,dictionary_exact,1.0
41361612,Deutschland,DE,dictionary_exact,1.0
41361611,Deutschland,DE,dictionary_exact,1.0
41361610,Deutschland,DE,dictionary_exact,1.0
41361609,Deutschland,DE,dictionary_exact,1.0
41361608,Deutschland,DE,dictionary_exact,1.0
41361607,Deutschland,DE,dictionary_exact,1.0
41361606,Deutschland,DE,dictionary_exact,1.0
41361605,Deutschland,DE,dictionary_exact,1.0
41361604,Deutschland,DE,dictionary_exact,1.0
41361603,Deutschland,DE,dictionary_exact,1.0
41361603,Deutschland,DE,dictionary_exact,1.0
41361603,Deutschland,DE,dictionary_exact,1.0
41361602,Deutschland,DE,dictionary_exact,1.0
41361601,Deutschland,DE,dictionary_exact,1.0
41361586,Deutschland,DE,dictionary_exact,1.0
41361586,Deutschland,DE,dictionary_exact,1.0
41361586,Deutschland,DE,dictionary_exact,1.0
41361135,Deutschland,DE,dictionary_exact,1.0
41361135,Deutschland,DE,dictionary_exact,1.0
41361135,Deutschland,DE,dictionary_exact,1.0
41361134,Deutschland,DE,dictionary_exact,1.0
41361134,Deutschland,DE,dictionary_exact,1.0
41361134,Deutschland,DE,dictionary_exact,1.0
41361133,Deutschland,DE,dictionary_exact,1.0
41361133,Deutschland,DE,dictionary_exact,1.0
41361133,Deutschland,DE,dictionary_exact,1.0
41361132,Gemeinschaftspraxis Dr. Flohr,not found,Not found,0.0
41361132,Deutschland,DE,dictionary_exact,1.0
41361132,Deutschland,DE,dictionary_exact,1.0
41361132,Deutschland,DE,dictionary_exact,1.0
41361132,Deutschland,DE,dictionary_exact,1.0
41361048,Deutschland,DE,dictionary_exact,1.0
41361048,Deutschland,DE,dictionary_exact,1.0
41361048,Deutschland,DE,dictionary_exact,1.0
41361018,Schweiz,CH,dictionary_exact,1.0
41361018,Schweiz,CH,dictionary_exact,1.0
41361018,Schweiz,CH,dictionary_exact,1.0
41361018,Schweiz,CH,dictionary_exact,1.0
41361017,Schweiz,CH,dictionary_exact,1.0
41361017,Schweiz,CH,dictionary_exact,1.0
41361017,Deutschland,DE,dictionary_exact,1.0
41360990,Deutschland,DE,dictionary_exact,1.0
41360990,Deutschland,DE,dictionary_exact,1.0
41360100,Germany,DE,pycountry_exact,0.95
41360100,Germany,DE,pycountry_exact,0.95
41360099,Hannover,DE,geonames_exact,0.9
41360099,Munich,DE,geonames_exact,0.9
41360099,Konstanz,DE,geonames_exact,0.9
41360099,Chur,BB,pycountry_exact,0.95
41360099,Dusseldorf,DE,geonames_exact,0.9
41360099,Brandenburg a.d. Havel,DE,geonames_word,0.8
41360099,Munster,IE,pycountry_exact,0.95
41360098,Germany,DE,pycountry_exact,0.95
41360098,Germany,DE,pycountry_exact,0.95
41360095,München,DE,geonames_exact,0.9
41360095,Bad Reichenhall,DE,geonames_exact,0.9
41360094,Deutschland,DE,dictionary_exact,1.0
41360094,Deutschland,DE,dictionary_exact,1.0
41360094,Deutschland,DE,dictionary_exact,1.0
41360094,Deutschland,DE,dictionary_exact,1.0
41360094,Deutschland,DE,dictionary_exact,1.0
41360094,Deutschland,DE,dictionary_exact,1.0
41360094,Deutschland,DE,dictionary_exact,1.0
41360094,Deutschland,DE,dictionary_exact,1.0
41360094,Deutschland,DE,dictionary_exact,1.0
41360075,Universitätsmedizin Leipzig,DE,geonames_word,0.8
41359122,Schweiz,CH,dictionary_exact,1.0
41359122,Schweiz,CH,dictionary_exact,1.0
41359043,Deutschland,DE,dictionary_exact,1.0
41359043,Deutschland,DE,dictionary_exact,1.0
41359043,Deutschland,DE,dictionary_exact,1.0
41359043,Deutschland,DE,dictionary_exact,1.0
41359043,Deutschland,DE,dictionary_exact,1.0
41359043,Deutschland,DE,dictionary_exact,1.0
41359043,Deutschland,DE,dictionary_exact,1.0
41359043,Deutschland,DE,dictionary_exact,1.0
41359043,Deutschland,DE,dictionary_exact,1.0
41359043,Deutschland,DE,dictionary_exact,1.0
41359043,Deutschland,DE,dictionary_exact,1.0
41359043,Deutschland,DE,dictionary_exact,1.0
41348326,Deutschland,DE,dictionary_exact,1.0
41348326,Deutschland,DE,dictionary_exact,1.0
41348324,Deutschland,DE,dictionary_exact,1.0
41348324,Deutschland,DE,dictionary_exact,1.0
41348324,Deutschland,DE,dictionary_exact,1.0
41348233,Deutschland,DE,dictionary_exact,1.0
41348233,Deutschland,DE,dictionary_exact,1.0
41348233,Deutschland,DE,dictionary_exact,1.0
41348233,Deutschland,DE,dictionary_exact,1.0
41348224,Deutschland,DE,dictionary_exact,1.0
41348186,Deutschland,DE,dictionary_exact,1.0
41348186,Deutschland,DE,dictionary_exact,1.0
41348185,Deutschland,DE,dictionary_exact,1.0
41348185,Deutschland,DE,dictionary_exact,1.0
41348162,Deutschland,DE,dictionary_exact,1.0
41348162,Deutschland,DE,dictionary_exact,1.0
41348162,Deutschland,DE,dictionary_exact,1.0
41348162,Deutschland,DE,dictionary_exact,1.0
41348162,Deutschland,DE,dictionary_exact,1.0
41348162,Deutschland,DE,dictionary_exact,1.0
41348123,Deutschland,DE,dictionary_exact,1.0
41348123,Deutschland,DE,dictionary_exact,1.0
41348123,Deutschland,DE,dictionary_exact,1.0
41348123,Deutschland,DE,dictionary_exact,1.0
41348123,Deutschland,DE,dictionary_exact,1.0
41348122,Deutschland,DE,dictionary_exact,1.0
41348122,Deutschland,DE,dictionary_exact,1.0
41346189,Deutschland,DE,dictionary_exact,1.0
41346189,Deutschland,DE,dictionary_exact,1.0
41346189,Deutschland,DE,dictionary_exact,1.0
41345313,Deutschland,DE,dictionary_exact,1.0
41345313,Polen,PL,dictionary_exact,1.0
41345313,Deutschland,DE,dictionary_exact,1.0
41345313,Südkorea,not found,Not found,0.0
41345313,Deutschland,DE,dictionary_exact,1.0
41344943,Deutschland,DE,dictionary_exact,1.0
41344943,Deutschland,DE,dictionary_exact,1.0
41344943,Deutschland,DE,dictionary_exact,1.0
41344358,Germany,DE,pycountry_exact,0.95
41344358,Germany,DE,pycountry_exact,0.95
41344358,Germany,DE,pycountry_exact,0.95
41344358,Germany,DE,pycountry_exact,0.95
41344358,Germany,DE,pycountry_exact,0.95
41344358,Germany,DE,pycountry_exact,0.95
41344346,Magdeburg,DE,geonames_exact,0.9
41344346,Magdeburg,DE,geonames_exact,0.9
41344346,Magdeburg,DE,geonames_exact,0.9
41344338,Germany,DE,pycountry_exact,0.95
41344338,Germany,DE,pycountry_exact,0.95
41344338,Germany,DE,pycountry_exact,0.95
41344338,Germany,DE,pycountry_exact,0.95
41344338,Germany,DE,pycountry_exact,0.95
41344338,Switzerland,CH,pycountry_exact,0.95
41344338,Switzerland,CH,pycountry_exact,0.95
41344338,Germany,DE,pycountry_exact,0.95
41344338,Switzerland,CH,pycountry_exact,0.95
41344338,Germany,DE,pycountry_exact,0.95
41344338,Germany,DE,pycountry_exact,0.95
41344338,Germany,DE,pycountry_exact,0.95
41343033,Deutschland,DE,dictionary_exact,1.0
41343033,Deutschland,DE,dictionary_exact,1.0
41343033,Deutschland,DE,dictionary_exact,1.0
41343033,Deutschland,DE,dictionary_exact,1.0
41342916,Deutschland,DE,dictionary_exact,1.0
41342916,Deutschland,DE,dictionary_exact,1.0
41342915,Deutschland,DE,dictionary_exact,1.0
41342915,Deutschland,DE,dictionary_exact,1.0
41342914,Deutschland,DE,dictionary_exact,1.0
41342914,Deutschland,DE,dictionary_exact,1.0
41342910,Deutschland,DE,dictionary_exact,1.0
41342910,Deutschland,DE,dictionary_exact,1.0
41342909,Deutschland,DE,dictionary_exact,1.0
41342909,Deutschland,DE,dictionary_exact,1.0
41342909,Deutschland,DE,dictionary_exact,1.0
41342909,Deutschland,DE,dictionary_exact,1.0
41342909,Deutschland,DE,dictionary_exact,1.0
41342909,Deutschland,DE,dictionary_exact,1.0
41338281,MSH Medical School Hamburg,DE,geonames_word,0.8
41338280,Universität Osnabrück,DE,geonames_word,0.8
41338280,Universität Münster,DE,geonames_word,0.8
41338279,Medizinische Fakultät und Universitätsklinikum Düsseldorf,DE,geonames_word,0.8
41338279,LVR-Klinikum Düsseldorf - Kliniken der Heinrich-Heine-Universität Düsseldorf,DE,geonames_word,0.8
41338279,UniversitätsKlinikum Heidelberg,DE,geonames_word,0.8
41338279,Universität Kassel,DE,geonames_word,0.8
41338247,Universitätsklinikum Eppendorf (UKE),DE,geonames_word,0.8
41338238,Germany,DE,pycountry_exact,0.95
41335380,Deutschland,DE,dictionary_exact,1.0
41335380,Deutschland,DE,dictionary_exact,1.0
41335347,Deutschland,DE,dictionary_exact,1.0
41335347,Deutschland,DE,dictionary_exact,1.0
41335347,Deutschland,DE,dictionary_exact,1.0
41335347,Deutschland,DE,dictionary_exact,1.0
41335347,Deutschland,DE,dictionary_exact,1.0
41335339,Schweiz,CH,dictionary_exact,1.0
41335339,Schweiz,CH,dictionary_exact,1.0
41335337,Deutschland,DE,dictionary_exact,1.0
41335337,Deutschland,DE,dictionary_exact,1.0
41335336,Deutschland,DE,dictionary_exact,1.0
41335336,Deutschland,DE,dictionary_exact,1.0
41335336,Deutschland,DE,dictionary_exact,1.0
41335226,Deutschland,DE,dictionary_exact,1.0
41335226,Deutschland,DE,dictionary_exact,1.0
41335226,Deutschland,DE,dictionary_exact,1.0
41335216,Deutschland,DE,dictionary_exact,1.0
41335216,Deutschland,DE,dictionary_exact,1.0
41335216,Schweiz,CH,dictionary_exact,1.0
41335216,Deutschland,DE,dictionary_exact,1.0
41335216,Deutschland,DE,dictionary_exact,1.0
41335204,Deutschland,DE,dictionary_exact,1.0
41335204,Deutschland,DE,dictionary_exact,1.0
41335204,Deutschland,DE,dictionary_exact,1.0
41335204,Deutschland,DE,dictionary_exact,1.0
41335203,Deutschland,DE,dictionary_exact,1.0
41335203,Deutschland,DE,dictionary_exact,1.0
41335177,Italien,IT,dictionary_exact,1.0
41335177,Deutschland,DE,dictionary_exact,1.0
41335177,Deutschland,DE,dictionary_exact,1.0
41331155,Deutschland,DE,dictionary_exact,1.0
41331155,Deutschland,DE,dictionary_exact,1.0
41331155,Deutschland,DE,dictionary_exact,1.0
41331155,Deutschland,DE,dictionary_exact,1.0
41331155,Deutschland,DE,dictionary_exact,1.0
41331155,Deutschland,DE,dictionary_exact,1.0
41331155,Deutschland,DE,dictionary_exact,1.0
41331155,Deutschland,DE,dictionary_exact,1.0
41330554,Hamburg,DE,pycountry_exact,0.95
41330552,Deutschland,DE,dictionary_exact,1.0
41330552,Deutschland,DE,dictionary_exact,1.0
41330547,Germany,DE,pycountry_exact,0.95
41329360,Deutschland,DE,dictionary_exact,1.0
41329360,Deutschland,DE,dictionary_exact,1.0
41329352,Deutschland,DE,dictionary_exact,1.0
41329352,Deutschland,DE,dictionary_exact,1.0
41329352,Deutschland,DE,dictionary_exact,1.0
41329352,Deutschland,DE,dictionary_exact,1.0
41329352,Deutschland,DE,dictionary_exact,1.0
41329352,Deutschland,DE,dictionary_exact,1.0
41329352,Deutschland,DE,dictionary_exact,1.0
41329350,Deutschland,DE,dictionary_exact,1.0
41329350,Deutschland,DE,dictionary_exact,1.0
41329350,Deutschland,DE,dictionary_exact,1.0
41329350,Deutschland,DE,dictionary_exact,1.0
41329342,Deutschland,DE,dictionary_exact,1.0
41329331,Deutschland,DE,dictionary_exact,1.0
41329230,Deutschland,DE,dictionary_exact,1.0
41329230,Deutschland,DE,dictionary_exact,1.0
41329230,Deutschland,DE,dictionary_exact,1.0
41329230,Deutschland,DE,dictionary_exact,1.0
41329229,Deutschland,DE,dictionary_exact,1.0
41329229,Deutschland,DE,dictionary_exact,1.0
41328749,Freiburgstrasse 7,not found,Not found,0.0
41328749,University of Bern,CH,geonames_word,0.8
41328749,Switzerland,CH,pycountry_exact,0.95
41328749,Switzerland,CH,pycountry_exact,0.95
41327958,Universität Bern,CH,geonames_word,0.8
41327958,Lindau,DE,geonames_exact,0.9
41326853,Deutschland,DE,dictionary_exact,1.0
41326853,Deutschland,DE,dictionary_exact,1.0
41326838,Deutschland,DE,dictionary_exact,1.0
41326838,Deutschland,DE,dictionary_exact,1.0
41326838,Deutschland,DE,dictionary_exact,1.0
41326722,Deutschland,DE,dictionary_exact,1.0
41326722,Deutschland,DE,dictionary_exact,1.0
41326722,Deutschland,DE,dictionary_exact,1.0
41326722,Deutschland,DE,dictionary_exact,1.0
41325990,Halle (Saale),DE,geonames_exact,0.9
41325990,Heidelberg,DE,geonames_exact,0.9
41325990,Mainz,DE,geonames_exact,0.9
41325990,Lübeck,DE,geonames_exact,0.9
41325989,Magdeburg,DE,geonames_exact,0.9
41325989,Magdeburg,DE,geonames_exact,0.9
41325989,Magdeburg,DE,geonames_exact,0.9
41325989,Magdeburg,DE,geonames_exact,0.9
41325983,Deutschland,DE,dictionary_exact,1.0
41325983,Deutschland,DE,dictionary_exact,1.0
41325983,Technische Universität München,DE,geonames_word,0.8
41325983,Deutschland,DE,dictionary_exact,1.0
41325983,Deutschland,DE,dictionary_exact,1.0
41325983,Deutschland,DE,dictionary_exact,1.0
41325744,Fachanwältin für Medizinrecht ENP Eypasch Nord Rechtsanwälte PartmbB,not found,Not found,0.0
41324693,Deutschland,DE,dictionary_exact,1.0
41324684,Deutschland,DE,dictionary_exact,1.0
41324684,Deutschland,DE,dictionary_exact,1.0
41324684,Deutschland,DE,dictionary_exact,1.0
41324684,Deutschland,DE,dictionary_exact,1.0
41324658,Deutschland,DE,dictionary_exact,1.0
41324656,Schweiz,CH,dictionary_exact,1.0
41324656,Deutschland,DE,dictionary_exact,1.0
41324656,Schweiz,CH,dictionary_exact,1.0
41324654,Schweiz,CH,dictionary_exact,1.0
41324654,USA,US,dictionary_exact,1.0
41324654,Deutschland,DE,dictionary_exact,1.0
41324654,Deutschland,DE,dictionary_exact,1.0
41324654,Deutschland,DE,dictionary_exact,1.0
41324648,Deutschland,DE,dictionary_exact,1.0
41324648,Deutschland,DE,dictionary_exact,1.0
41324648,Deutschland,DE,dictionary_exact,1.0
41324648,Deutschland,DE,dictionary_exact,1.0
41324647,Deutschland,DE,dictionary_exact,1.0
41324647,Deutschland,DE,dictionary_exact,1.0
41324647,Deutschland,DE,dictionary_exact,1.0
41324647,Deutschland,DE,dictionary_exact,1.0
41324636,Deutschland,DE,dictionary_exact,1.0
41324636,Deutschland,DE,dictionary_exact,1.0
41324636,Deutschland,DE,dictionary_exact,1.0
41324636,Deutschland,DE,dictionary_exact,1.0
41324633,Deutschland,DE,dictionary_exact,1.0
41324633,Deutschland,DE,dictionary_exact,1.0
41324620,Deutschland,DE,dictionary_exact,1.0
41324620,Deutschland,DE,dictionary_exact,1.0
41324620,Deutschland,DE,dictionary_exact,1.0
41324620,Deutschland,DE,dictionary_exact,1.0
41324620,Deutschland,DE,dictionary_exact,1.0
41324619,Deutschland,DE,dictionary_exact,1.0
41324619,Deutschland,DE,dictionary_exact,1.0
41324619,Deutschland,DE,dictionary_exact,1.0
41324618,Deutschland,DE,dictionary_exact,1.0
41324618,Deutschland,DE,dictionary_exact,1.0
41324618,Deutschland,DE,dictionary_exact,1.0
41324618,Deutschland,DE,dictionary_exact,1.0
41324618,Deutschland,DE,dictionary_exact,1.0
41324618,Deutschland,DE,dictionary_exact,1.0
41324618,Deutschland,DE,dictionary_exact,1.0
41324618,Deutschland,DE,dictionary_exact,1.0
41324618,Deutschland,DE,dictionary_exact,1.0
41324618,Deutschland,DE,dictionary_exact,1.0
41324618,Deutschland,DE,dictionary_exact,1.0
41324617,Deutschland,DE,dictionary_exact,1.0
41324617,Deutschland,DE,dictionary_exact,1.0
41324617,Deutschland,DE,dictionary_exact,1.0
41324617,Deutschland,DE,dictionary_exact,1.0
41323239,Schweiz,CH,dictionary_exact,1.0
41323239,Schweiz,CH,dictionary_exact,1.0
41323239,Deutschland,DE,dictionary_exact,1.0
41323239,Schweiz,CH,dictionary_exact,1.0
41318716,Deutschland,DE,dictionary_exact,1.0
41318716,Deutschland,DE,dictionary_exact,1.0
41318716,Deutschland,DE,dictionary_exact,1.0
41314403,Charité Universitätsmedizin Berlin,DE,geonames_word,0.8
41314402,Universität zu Lübeck,DE,geonames_word,0.8
41314253,Germany,DE,pycountry_exact,0.95
41314253,Germany,DE,pycountry_exact,0.95
41314253,Germany,DE,pycountry_exact,0.95
41314246,Ettlingen,DE,geonames_exact,0.9
41314246,Iffezheim,not found,Not found,0.0
41314245,Berlin,DE,pycountry_exact,0.95
41314244,LMU München,DE,geonames_word,0.8
41314243,Erfurt,DE,geonames_exact,0.9
41314240,Rosenheim,DE,geonames_exact,0.9
41314240,Freising,DE,geonames_exact,0.9
41314238,Universität Greifswald,DE,geonames_word,0.8
41314238,Warder,ET,geonames_exact,0.9
41314238,Universität Hildesheim,DE,geonames_word,0.8
41314237,Warder,ET,geonames_exact,0.9
41314237,Hildesheim,DE,geonames_exact,0.9
41314237,Bönebüttel,not found,Not found,0.0
41314236,Tierpark Nordhorn gGmbH,DE,geonames_word,0.8
41314235,Justus-Liebig-Universität Gießen,DE,geonames_word,0.8
41314235,Justus-Liebig-Universität Gießen,DE,geonames_word,0.8
41313471,Deutschland,DE,dictionary_exact,1.0
41313471,Deutschland,DE,dictionary_exact,1.0
41313471,Deutschland,DE,dictionary_exact,1.0
41313451,Deutschland,DE,dictionary_exact,1.0
41313451,Deutschland,DE,dictionary_exact,1.0
41313451,Frankreich,FR,dictionary_exact,1.0
41313440,Deutschland,DE,dictionary_exact,1.0
41313440,Deutschland,DE,dictionary_exact,1.0
41313440,Deutschland,DE,dictionary_exact,1.0
41313391,Deutschland,DE,dictionary_exact,1.0
41313391,Deutschland,DE,dictionary_exact,1.0
41313391,Deutschland,DE,dictionary_exact,1.0
41313391,Deutschland,DE,dictionary_exact,1.0
41313391,Deutschland,DE,dictionary_exact,1.0
41313382,Österreich,AT,dictionary_exact,1.0
41313382,Österreich,AT,dictionary_exact,1.0
41313382,Österreich,AT,dictionary_exact,1.0
41313382,Österreich,AT,dictionary_exact,1.0
41313382,Österreich,AT,dictionary_exact,1.0
41313382,Österreich,AT,dictionary_exact,1.0
41313382,Österreich,AT,dictionary_exact,1.0
41313382,Österreich,AT,dictionary_exact,1.0
41313382,Österreich,AT,dictionary_exact,1.0
41313382,Österreich,AT,dictionary_exact,1.0
41313382,Österreich,AT,dictionary_exact,1.0
41313382,Schweiz,CH,dictionary_exact,1.0
41313382,Österreich,AT,dictionary_exact,1.0
41313382,Österreich,AT,dictionary_exact,1.0
41313381,Österreich,AT,dictionary_exact,1.0
41313381,Österreich,AT,dictionary_exact,1.0
41313381,Österreich,AT,dictionary_exact,1.0
41313376,Deutschland,DE,dictionary_exact,1.0
41313376,Deutschland,DE,dictionary_exact,1.0
41313376,Deutschland,DE,dictionary_exact,1.0
41313366,Deutschland,DE,dictionary_exact,1.0
41313366,Deutschland,DE,dictionary_exact,1.0
41313366,Großbritannien,GB,dictionary_exact,1.0
41313366,Deutschland,DE,dictionary_exact,1.0
41313366,Niederlande,NL,dictionary_exact,1.0
41311112,Deutschland,DE,dictionary_exact,1.0
41311112,Deutschland,DE,dictionary_exact,1.0
41311112,Deutschland,DE,dictionary_exact,1.0
41311112,Deutschland,DE,dictionary_exact,1.0
41309106,Lastrup,not found,Not found,0.0
41309106,Stiftung Tierärztliche Hochschule Hannover,DE,geonames_word,0.8
41309103,Germany,DE,pycountry_exact,0.95
41309090,Germany,DE,pycountry_exact,0.95
41309089,Germany,DE,pycountry_exact,0.95
41307687,Deutschland,DE,dictionary_exact,1.0
41307687,Deutschland,DE,dictionary_exact,1.0
41307686,Deutschland,DE,dictionary_exact,1.0
41307685,Deutschland,DE,dictionary_exact,1.0
41307685,Deutschland,DE,dictionary_exact,1.0
41307685,Deutschland,DE,dictionary_exact,1.0
41307681,Deutschland,DE,dictionary_exact,1.0
41307681,Deutschland,DE,dictionary_exact,1.0
41307655,Deutschland,DE,dictionary_exact,1.0
41307655,Deutschland,DE,dictionary_exact,1.0
41307653,Deutschland,DE,dictionary_exact,1.0
41307653,Deutschland,DE,dictionary_exact,1.0
41307653,Deutschland,DE,dictionary_exact,1.0
41307653,Deutschland,DE,dictionary_exact,1.0
41307653,Deutschland,DE,dictionary_exact,1.0
41307652,Deutschland,DE,dictionary_exact,1.0
41307652,Deutschland,DE,dictionary_exact,1.0
41307652,Deutschland,DE,dictionary_exact,1.0
41307651,Deutschland,DE,dictionary_exact,1.0
41307651,Deutschland,DE,dictionary_exact,1.0
41307650,Deutschland,DE,dictionary_exact,1.0
41307650,Deutschland,DE,dictionary_exact,1.0
41307650,Deutschland,DE,dictionary_exact,1.0
41307650,Deutschland,DE,dictionary_exact,1.0
41307568,Deutschland,DE,dictionary_exact,1.0
41307568,Deutschland,DE,dictionary_exact,1.0
41307568,Deutschland,DE,dictionary_exact,1.0
41307568,Deutschland,DE,dictionary_exact,1.0
41307568,Deutschland,DE,dictionary_exact,1.0
41299104,Deutschland,DE,dictionary_exact,1.0
41299104,Deutschland,DE,dictionary_exact,1.0
41298964,Deutschland,DE,dictionary_exact,1.0
41298964,Deutschland,DE,dictionary_exact,1.0
41298964,Deutschland,DE,dictionary_exact,1.0
41298890,Deutschland,DE,dictionary_exact,1.0
41297892,Deutschland,DE,dictionary_exact,1.0
41297892,Deutschland,DE,dictionary_exact,1.0
41297891,Deutschland,DE,dictionary_exact,1.0
41297891,Deutschland,DE,dictionary_exact,1.0
41297891,Deutschland,DE,dictionary_exact,1.0
41297891,Deutschland,DE,dictionary_exact,1.0
41297891,Deutschland,DE,dictionary_exact,1.0
41297889,Deutschland,DE,dictionary_exact,1.0
41296285,Deutschland,DE,dictionary_exact,1.0
41296285,Deutschland,DE,dictionary_exact,1.0
41296285,Deutschland,DE,dictionary_exact,1.0
41296285,Deutschland,DE,dictionary_exact,1.0
41296285,Deutschland,DE,dictionary_exact,1.0
41296285,Deutschland,DE,dictionary_exact,1.0
41296285,Deutschland,DE,dictionary_exact,1.0
41296285,Frankreich,FR,dictionary_exact,1.0
41296285,Deutschland,DE,dictionary_exact,1.0
41296285,Deutschland,DE,dictionary_exact,1.0
41296285,Deutschland,DE,dictionary_exact,1.0
41296285,Deutschland,DE,dictionary_exact,1.0
41296285,Deutschland,DE,dictionary_exact,1.0
41296285,Deutschland,DE,dictionary_exact,1.0
41296285,Deutschland,DE,dictionary_exact,1.0
41296073,Deutschland,DE,dictionary_exact,1.0
41296073,Deutschland,DE,dictionary_exact,1.0
41296069,Deutschland,DE,dictionary_exact,1.0
41296069,Deutschland,DE,dictionary_exact,1.0
41296048,Deutschland,DE,dictionary_exact,1.0
41296048,Deutschland,DE,dictionary_exact,1.0
41296039,Deutschland,DE,dictionary_exact,1.0
41296039,Deutschland,DE,dictionary_exact,1.0
41296039,Deutschland,DE,dictionary_exact,1.0
41296039,Deutschland,DE,dictionary_exact,1.0
41296039,Deutschland,DE,dictionary_exact,1.0
41296015,Deutschland,DE,dictionary_exact,1.0
41296015,Deutschland,DE,dictionary_exact,1.0
41296015,Deutschland,DE,dictionary_exact,1.0
41296015,Deutschland,DE,dictionary_exact,1.0
41296014,Deutschland,DE,dictionary_exact,1.0
41296014,Deutschland,DE,dictionary_exact,1.0
41295995,Deutschland,DE,dictionary_exact,1.0
41295995,Deutschland,DE,dictionary_exact,1.0
41295994,Deutschland,DE,dictionary_exact,1.0
41295994,Deutschland,DE,dictionary_exact,1.0
41295994,Deutschland,DE,dictionary_exact,1.0
41295994,Deutschland,DE,dictionary_exact,1.0
41295988,Deutschland,DE,dictionary_exact,1.0
41295988,Deutschland,DE,dictionary_exact,1.0
41295988,Deutschland,DE,dictionary_exact,1.0
41295988,Deutschland,DE,dictionary_exact,1.0
41295988,Deutschland,DE,dictionary_exact,1.0
41295988,Deutschland,DE,dictionary_exact,1.0
41295988,Deutschland,DE,dictionary_exact,1.0
41295988,Deutschland,DE,dictionary_exact,1.0
41295988,Deutschland,DE,dictionary_exact,1.0
41295987,Deutschland,DE,dictionary_exact,1.0
41295987,Deutschland,DE,dictionary_exact,1.0
41295987,Deutschland,DE,dictionary_exact,1.0
41295987,Deutschland,DE,dictionary_exact,1.0
41295983,Deutschland,DE,dictionary_exact,1.0
41295983,Deutschland,DE,dictionary_exact,1.0
41295983,Deutschland,DE,dictionary_exact,1.0
41295983,Deutschland,DE,dictionary_exact,1.0
41293817,Deutschland,DE,dictionary_exact,1.0
41291366,Deutschland,DE,dictionary_exact,1.0
41291366,Deutschland,DE,dictionary_exact,1.0
41291366,Deutschland,DE,dictionary_exact,1.0
41291366,Österreich,AT,dictionary_exact,1.0
41291366,Deutschland,DE,dictionary_exact,1.0
41291366,Deutschland,DE,dictionary_exact,1.0
41291366,Deutschland,DE,dictionary_exact,1.0
41291364,Deutschland,DE,dictionary_exact,1.0
41291364,Deutschland,DE,dictionary_exact,1.0
41291240,Deutschland,DE,dictionary_exact,1.0
41291240,Deutschland,DE,dictionary_exact,1.0
41291234,Deutschland,DE,dictionary_exact,1.0
41291234,Deutschland,DE,dictionary_exact,1.0
41291234,Deutschland,DE,dictionary_exact,1.0
41291121,Deutschland,DE,dictionary_exact,1.0
41291121,Deutschland,DE,dictionary_exact,1.0
41291121,Deutschland,DE,dictionary_exact,1.0
41291121,Deutschland,DE,dictionary_exact,1.0
41290192,Austria,AT,pycountry_exact,0.95
41290030,Witten,DE,geonames_exact,0.9
41290030,Deutschland,DE,dictionary_exact,1.0
41290030,Ingoldstadt,not found,Not found,0.0
41290030,Burgwedel,not found,Not found,0.0
41290030,Germany,DE,pycountry_exact,0.95
41290030,Germany,DE,pycountry_exact,0.95
41290030,Bad Wildungen,DE,geonames_exact,0.9
41290030,Erlangen,DE,geonames_exact,0.9
41290030,Bad Hersfeld,DE,geonames_exact,0.9
41290030,Wuppertal,DE,geonames_exact,0.9
41290030,Dresden,DE,geonames_exact,0.9
41290030,Konz,DE,geonames_exact,0.9
41290030,Limburgerhof,not found,Not found,0.0
41290030,Augsburg,DE,geonames_exact,0.9
41290018,Rostock,DE,geonames_exact,0.9
41290018,Germany,DE,pycountry_exact,0.95
41288720,Deutschland,DE,dictionary_exact,1.0
41288720,Deutschland,DE,dictionary_exact,1.0
41288720,Deutschland,DE,dictionary_exact,1.0
41288720,Deutschland,DE,dictionary_exact,1.0
41288720,Deutschland,DE,dictionary_exact,1.0
41288720,Österreich,AT,dictionary_exact,1.0
41288720,Deutschland,DE,dictionary_exact,1.0
41288720,Deutschland,DE,dictionary_exact,1.0
41288711,Deutschland,DE,dictionary_exact,1.0
41288684,Schweiz,CH,dictionary_exact,1.0
41288684,Schweiz,CH,dictionary_exact,1.0
41288684,Schweiz,CH,dictionary_exact,1.0
41288684,Deutschland,DE,dictionary_exact,1.0
41288684,USA,US,dictionary_exact,1.0
41288676,Deutschland,DE,dictionary_exact,1.0
41288676,Deutschland,DE,dictionary_exact,1.0
41288676,Deutschland,DE,dictionary_exact,1.0
41288676,Deutschland,DE,dictionary_exact,1.0
41288675,Deutschland,DE,dictionary_exact,1.0
41288675,Deutschland,DE,dictionary_exact,1.0
41288674,Deutschland,DE,dictionary_exact,1.0
41288673,Deutschland,DE,dictionary_exact,1.0
41288672,Deutschland,DE,dictionary_exact,1.0
41288668,Deutschland,DE,dictionary_exact,1.0
41288660,Deutschland,DE,dictionary_exact,1.0
41288659,Deutschland,DE,dictionary_exact,1.0
41288659,Deutschland,DE,dictionary_exact,1.0
41288659,Schweiz,CH,dictionary_exact,1.0
41288659,Deutschland,DE,dictionary_exact,1.0
41288659,Deutschland,DE,dictionary_exact,1.0
41288659,Deutschland,DE,dictionary_exact,1.0
41288657,Deutschland,DE,dictionary_exact,1.0
41288657,Deutschland,DE,dictionary_exact,1.0
41288657,Deutschland,DE,dictionary_exact,1.0
41288657,Deutschland,DE,dictionary_exact,1.0
41288657,Deutschland,DE,dictionary_exact,1.0
41288655,Deutschland,DE,dictionary_exact,1.0
41288655,Deutschland,DE,dictionary_exact,1.0
41285397,Germany,DE,pycountry_exact,0.95
41285397,Germany,DE,pycountry_exact,0.95
41285396,Germany,DE,pycountry_exact,0.95
41285396,Germany,DE,pycountry_exact,0.95
41285396,Germany,DE,pycountry_exact,0.95
41285396,Slovakia,SK,pycountry_exact,0.95
41285385,Germany,DE,pycountry_exact,0.95
41285385,Germany,DE,pycountry_exact,0.95
41285385,Germany,DE,pycountry_exact,0.95
41285385,Germany,DE,pycountry_exact,0.95
41285385,Germany,DE,pycountry_exact,0.95
41285384,Turkey,TR,dictionary_exact,1.0
41285149,Technische Universität München,DE,geonames_word,0.8
41284040,Deutschland,DE,dictionary_exact,1.0
41284040,Deutschland,DE,dictionary_exact,1.0
41284020,Deutschland,DE,dictionary_exact,1.0
41284020,Deutschland,DE,dictionary_exact,1.0
41284020,Deutschland,DE,dictionary_exact,1.0
41284017,Deutschland,DE,dictionary_exact,1.0
41284017,Deutschland,DE,dictionary_exact,1.0
41284010,Deutschland,DE,dictionary_exact,1.0
41270799,Taiwan,TW,dictionary_exact,1.0
41270799,Taiwan,TW,dictionary_exact,1.0
41270799,Taiwan,TW,dictionary_exact,1.0
41270799,Taiwan,TW,dictionary_exact,1.0
41270783,Medizinischen Fakultät der Universität Leipzig,DE,geonames_word,0.8
41270783,Frankfurt,DE,geonames_exact,0.9
41270781,Italy,IT,pycountry_exact,0.95
41270781,Germany,DE,pycountry_exact,0.95
41270781,Germany,DE,pycountry_exact,0.95
41270781,Germany,DE,pycountry_exact,0.95
41270781,Germany,DE,pycountry_exact,0.95
41270780,Germany,DE,pycountry_exact,0.95
41270780,Germany,DE,pycountry_exact,0.95
41270780,Germany,DE,pycountry_exact,0.95
41270779,Germany,DE,pycountry_exact,0.95
41270779,Germany,DE,pycountry_exact,0.95
41270777,Switzerland,CH,pycountry_exact,0.95
41270777,Germany,DE,pycountry_exact,0.95
41270777,United States,US,dictionary_exact,1.0
41270777,Germany,DE,pycountry_exact,0.95
41270759,Germany,DE,pycountry_exact,0.95
41270759,Germany,DE,pycountry_exact,0.95
41270759,Germany,DE,pycountry_exact,0.95
41270759,Germany,DE,pycountry_exact,0.95
41270759,Germany,DE,pycountry_exact,0.95
41270759,Germany,DE,pycountry_exact,0.95
41270759,Germany,DE,pycountry_exact,0.95
41270759,Germany,DE,pycountry_exact,0.95
41270759,Germany,DE,pycountry_exact,0.95
41270759,Germany,DE,pycountry_exact,0.95
41270759,Germany,DE,pycountry_exact,0.95
41270759,Germany,DE,pycountry_exact,0.95
41270759,Germany,DE,pycountry_exact,0.95
41270759,Germany,DE,pycountry_exact,0.95
41270759,Germany,DE,pycountry_exact,0.95
41270759,Germany,DE,pycountry_exact,0.95
41270759,Germany,DE,pycountry_exact,0.95
41270759,Germany,DE,pycountry_exact,0.95
41270759,Germany,DE,pycountry_exact,0.95
41270759,Germany,DE,pycountry_exact,0.95
41270759,Austria,AT,pycountry_exact,0.95
41270759,Germany,DE,pycountry_exact,0.95
41270759,Germany,DE,pycountry_exact,0.95
41270759,Germany,DE,pycountry_exact,0.95
41270759,Germany,DE,pycountry_exact,0.95
41269643,Deutschland,DE,dictionary_exact,1.0
41269642,Deutschland,DE,dictionary_exact,1.0
41269641,Deutschland,DE,dictionary_exact,1.0
41269640,Deutschland,DE,dictionary_exact,1.0
41269639,Deutschland,DE,dictionary_exact,1.0
41269638,Deutschland,DE,dictionary_exact,1.0
41269637,Deutschland,DE,dictionary_exact,1.0
41269636,Deutschland,DE,dictionary_exact,1.0
41269635,Deutschland,DE,dictionary_exact,1.0
41269635,Deutschland,DE,dictionary_exact,1.0
41269634,Deutschland,DE,dictionary_exact,1.0
41269634,Deutschland,DE,dictionary_exact,1.0
41269633,Deutschland,DE,dictionary_exact,1.0
41269632,Deutschland,DE,dictionary_exact,1.0
41269631,Deutschland,DE,dictionary_exact,1.0
41269630,Deutschland,DE,dictionary_exact,1.0
41269630,Deutschland,DE,dictionary_exact,1.0
41269629,Deutschland,DE,dictionary_exact,1.0
41269628,Deutschland,DE,dictionary_exact,1.0
41269627,Deutschland,DE,dictionary_exact,1.0
41269626,Deutschland,DE,dictionary_exact,1.0
41269625,Deutschland,DE,dictionary_exact,1.0
41269625,Deutschland,DE,dictionary_exact,1.0
41269624,Deutschland,DE,dictionary_exact,1.0
41269623,Deutschland,DE,dictionary_exact,1.0
41269622,Deutschland,DE,dictionary_exact,1.0
41269621,Deutschland,DE,dictionary_exact,1.0
41269620,Deutschland,DE,dictionary_exact,1.0
41269619,Deutschland,DE,dictionary_exact,1.0
41269618,Deutschland,DE,dictionary_exact,1.0
41269617,Deutschland,DE,dictionary_exact,1.0
41269616,Deutschland,DE,dictionary_exact,1.0
41269615,Deutschland,DE,dictionary_exact,1.0
41269614,Deutschland,DE,dictionary_exact,1.0
41269613,Deutschland,DE,dictionary_exact,1.0
41269612,Deutschland,DE,dictionary_exact,1.0
41269611,Deutschland,DE,dictionary_exact,1.0
41269610,Deutschland,DE,dictionary_exact,1.0
41269609,Deutschland,DE,dictionary_exact,1.0
41269608,Deutschland,DE,dictionary_exact,1.0
41269607,Deutschland,DE,dictionary_exact,1.0
41269606,Deutschland,DE,dictionary_exact,1.0
41269605,Österreich,AT,dictionary_exact,1.0
41269604,Österreich,AT,dictionary_exact,1.0
41269603,Deutschland,DE,dictionary_exact,1.0
41269602,Deutschland,DE,dictionary_exact,1.0
41269601,Deutschland,DE,dictionary_exact,1.0
41269600,Deutschland,DE,dictionary_exact,1.0
41269600,Deutschland,DE,dictionary_exact,1.0
41269599,Deutschland,DE,dictionary_exact,1.0
41269598,Deutschland,DE,dictionary_exact,1.0
41269597,Deutschland,DE,dictionary_exact,1.0
41269597,Deutschland,DE,dictionary_exact,1.0
41269596,Deutschland,DE,dictionary_exact,1.0
41269595,Deutschland,DE,dictionary_exact,1.0
41266822,Deutschland,DE,dictionary_exact,1.0
41266822,Deutschland,DE,dictionary_exact,1.0
41266156,Deutschland,DE,dictionary_exact,1.0
41266156,Deutschland,DE,dictionary_exact,1.0
41266156,Deutschland,DE,dictionary_exact,1.0
41266156,Deutschland,DE,dictionary_exact,1.0
41266156,Deutschland,DE,dictionary_exact,1.0
41264006,Deutschland,DE,dictionary_exact,1.0
41264006,Deutschland,DE,dictionary_exact,1.0
41264006,Deutschland,DE,dictionary_exact,1.0
41264006,Deutschland,DE,dictionary_exact,1.0
41264006,Deutschland,DE,dictionary_exact,1.0
41264006,Deutschland,DE,dictionary_exact,1.0
41264006,Deutschland,DE,dictionary_exact,1.0
41263999,Deutschland,DE,dictionary_exact,1.0
41263999,Deutschland,DE,dictionary_exact,1.0
41263999,Deutschland,DE,dictionary_exact,1.0
41263998,Deutschland,DE,dictionary_exact,1.0
41263998,Deutschland,DE,dictionary_exact,1.0
41263998,Deutschland,DE,dictionary_exact,1.0
41263998,Deutschland,DE,dictionary_exact,1.0
41263998,Deutschland,DE,dictionary_exact,1.0
41263985,Deutschland,DE,dictionary_exact,1.0
41263985,USA,US,dictionary_exact,1.0
41263985,Schweiz,CH,dictionary_exact,1.0
41263970,Deutschland,DE,dictionary_exact,1.0
41263970,Deutschland,DE,dictionary_exact,1.0
41263970,Deutschland,DE,dictionary_exact,1.0
41263970,Deutschland,DE,dictionary_exact,1.0
41263970,Deutschland,DE,dictionary_exact,1.0
41263970,Deutschland,DE,dictionary_exact,1.0
41263970,Deutschland,DE,dictionary_exact,1.0
41263970,Deutschland,DE,dictionary_exact,1.0
41263970,Deutschland,DE,dictionary_exact,1.0
41263970,Deutschland,DE,dictionary_exact,1.0
41263970,Deutschland,DE,dictionary_exact,1.0
41263970,Deutschland,DE,dictionary_exact,1.0
41263970,Deutschland,DE,dictionary_exact,1.0
41263970,Deutschland,DE,dictionary_exact,1.0
41263970,Deutschland,DE,dictionary_exact,1.0
41263970,Deutschland,DE,dictionary_exact,1.0
41263970,Deutschland,DE,dictionary_exact,1.0
41263970,Deutschland,DE,dictionary_exact,1.0
41263970,Deutschland,DE,dictionary_exact,1.0
41263970,Deutschland,DE,dictionary_exact,1.0
41263970,Deutschland,DE,dictionary_exact,1.0
41263958,Deutschland,DE,dictionary_exact,1.0
41263958,Deutschland,DE,dictionary_exact,1.0
41263958,Deutschland,DE,dictionary_exact,1.0
41263958,Deutschland,DE,dictionary_exact,1.0
41263958,Deutschland,DE,dictionary_exact,1.0
41263957,Deutschland,DE,dictionary_exact,1.0
41263957,Deutschland,DE,dictionary_exact,1.0
41263957,Deutschland,DE,dictionary_exact,1.0
41263957,Deutschland,DE,dictionary_exact,1.0
41263957,Deutschland,DE,dictionary_exact,1.0
41263957,Deutschland,DE,dictionary_exact,1.0
41263957,Deutschland,DE,dictionary_exact,1.0
41261228,Deutschland,DE,dictionary_exact,1.0
41261228,Deutschland,DE,dictionary_exact,1.0
41260985,Deutschland,DE,dictionary_exact,1.0
41260985,Deutschland,DE,dictionary_exact,1.0
41260985,Deutschland,DE,dictionary_exact,1.0
41260985,Deutschland,DE,dictionary_exact,1.0
41260985,Australia,AU,pycountry_exact,0.95
41260384,Germany,DE,pycountry_exact,0.95
41260353,Germany,DE,pycountry_exact,0.95
41260353,Germany,DE,pycountry_exact,0.95
41258949,Deutschland,DE,dictionary_exact,1.0
41258949,Deutschland,DE,dictionary_exact,1.0
41258949,Deutschland,DE,dictionary_exact,1.0
41258949,Deutschland,DE,dictionary_exact,1.0
41258949,Deutschland,DE,dictionary_exact,1.0
41258949,Deutschland,DE,dictionary_exact,1.0
41258949,Deutschland,DE,dictionary_exact,1.0
41258949,Deutschland,DE,dictionary_exact,1.0
41258949,Deutschland,DE,dictionary_exact,1.0
41258949,Deutschland,DE,dictionary_exact,1.0
41258949,Deutschland,DE,dictionary_exact,1.0
41258949,Deutschland,DE,dictionary_exact,1.0
41258949,Deutschland,DE,dictionary_exact,1.0
41258949,Deutschland,DE,dictionary_exact,1.0
41258949,Deutschland,DE,dictionary_exact,1.0
41258949,Deutschland,DE,dictionary_exact,1.0
41258949,Deutschland,DE,dictionary_exact,1.0
41258949,Deutschland,DE,dictionary_exact,1.0
41258949,Deutschland,DE,dictionary_exact,1.0
41258949,Deutschland,DE,dictionary_exact,1.0
41258949,Deutschland,DE,dictionary_exact,1.0
41258949,Deutschland,DE,dictionary_exact,1.0
41258949,Deutschland,DE,dictionary_exact,1.0
41258949,Deutschland,DE,dictionary_exact,1.0
41258949,Deutschland,DE,dictionary_exact,1.0
41258949,Deutschland,DE,dictionary_exact,1.0
41258922,Deutschland,DE,dictionary_exact,1.0
41258922,Deutschland,DE,dictionary_exact,1.0
41257338,Deutschland,DE,dictionary_exact,1.0
41257338,Deutschland,DE,dictionary_exact,1.0
41257338,Deutschland,DE,dictionary_exact,1.0
41257338,Deutschland,DE,dictionary_exact,1.0
41257338,Deutschland,DE,dictionary_exact,1.0
41257338,Deutschland,DE,dictionary_exact,1.0
41257338,LVR-Universitätsklinik Essen,DE,geonames_word,0.8
41257338,Deutschland,DE,dictionary_exact,1.0
41257338,Deutschland,DE,dictionary_exact,1.0
41257338,Deutschland,DE,dictionary_exact,1.0
41257338,Deutschland,DE,dictionary_exact,1.0
41257313,Germany,DE,pycountry_exact,0.95
41257313,Germany,DE,pycountry_exact,0.95
41257313,Germany,DE,pycountry_exact,0.95
41257313,Germany,DE,pycountry_exact,0.95
41257313,Germany,DE,pycountry_exact,0.95
41254204,Deutschland,DE,dictionary_exact,1.0
41254204,Deutschland,DE,dictionary_exact,1.0
41254189,Deutschland,DE,dictionary_exact,1.0
41254189,Deutschland,DE,dictionary_exact,1.0
41254189,Deutschland,DE,dictionary_exact,1.0
41254189,Deutschland,DE,dictionary_exact,1.0
41254189,Deutschland,DE,dictionary_exact,1.0
41253178,Innsbruck,AT,geonames_exact,0.9
41251813,Deutschland,DE,dictionary_exact,1.0
41251813,Deutschland,DE,dictionary_exact,1.0
41251775,Deutschland,DE,dictionary_exact,1.0
41251775,Deutschland,DE,dictionary_exact,1.0
41251775,Deutschland,DE,dictionary_exact,1.0
41251775,Deutschland,DE,dictionary_exact,1.0
41251775,Deutschland,DE,dictionary_exact,1.0
41251775,Deutschland,DE,dictionary_exact,1.0
41251775,Deutschland,DE,dictionary_exact,1.0
41251775,Deutschland,DE,dictionary_exact,1.0
41251775,Deutschland,DE,dictionary_exact,1.0
41251775,Deutschland,DE,dictionary_exact,1.0
41251758,Deutschland,DE,dictionary_exact,1.0
41251729,Deutschland,DE,dictionary_exact,1.0
41251729,Deutschland,DE,dictionary_exact,1.0
41251715,Deutschland,DE,dictionary_exact,1.0
41251715,Deutschland,DE,dictionary_exact,1.0
41251715,Deutschland,DE,dictionary_exact,1.0
41251715,Deutschland,DE,dictionary_exact,1.0
41251709,Österreich,AT,dictionary_exact,1.0
41251703,Deutschland,DE,dictionary_exact,1.0
41251703,Deutschland,DE,dictionary_exact,1.0
41251702,Deutschland,DE,dictionary_exact,1.0
41251702,Deutschland,DE,dictionary_exact,1.0
41251698,Deutschland,DE,dictionary_exact,1.0
41251697,Deutschland,DE,dictionary_exact,1.0
41251558,Schweiz,CH,dictionary_exact,1.0
41251558,Schweiz,CH,dictionary_exact,1.0
41251455,Schweiz,CH,dictionary_exact,1.0
41251455,Schweiz,CH,dictionary_exact,1.0
41251454,Schweiz,CH,dictionary_exact,1.0
41251454,Schweiz,CH,dictionary_exact,1.0
41251454,Schweiz,CH,dictionary_exact,1.0
41251454,Schweiz,CH,dictionary_exact,1.0
41251454,Schweiz,CH,dictionary_exact,1.0
41251454,Schweiz,CH,dictionary_exact,1.0
41251454,Schweiz,CH,dictionary_exact,1.0
41251454,Schweiz,CH,dictionary_exact,1.0
41251454,Schweiz,CH,dictionary_exact,1.0
41251454,Schweiz,CH,dictionary_exact,1.0
41251454,Schweiz,CH,dictionary_exact,1.0
41251453,Schweiz,CH,dictionary_exact,1.0
41251453,Schweiz,CH,dictionary_exact,1.0
41251453,Schweiz,CH,dictionary_exact,1.0
41251453,Schweiz,CH,dictionary_exact,1.0
41251453,Schweiz,CH,dictionary_exact,1.0
41251453,Schweiz,CH,dictionary_exact,1.0
41251453,Schweiz,CH,dictionary_exact,1.0
41251452,Lausanne,CH,geonames_exact,0.9
41251452,Winterthur,CH,geonames_exact,0.9
41251452,Aarau,CH,geonames_exact,0.9
41251452,Zürich,CH,pycountry_exact,0.95
41251451,Schweiz,CH,dictionary_exact,1.0
41251451,Schweiz,CH,dictionary_exact,1.0
41251451,Schweiz,CH,dictionary_exact,1.0
41251450,Schweiz,CH,dictionary_exact,1.0
41251450,Schweiz,CH,dictionary_exact,1.0
41251450,Deutschland,DE,dictionary_exact,1.0
41251450,Deutschland,DE,dictionary_exact,1.0
41251450,Schweiz,CH,dictionary_exact,1.0
41251450,Schweiz,CH,dictionary_exact,1.0
41251450,Schweiz,CH,dictionary_exact,1.0
41251218,Österreich,AT,dictionary_exact,1.0
41251218,Österreich,AT,dictionary_exact,1.0
41251216,Österreich,AT,dictionary_exact,1.0
41250969,Deutschland,DE,dictionary_exact,1.0
41250969,Deutschland,DE,dictionary_exact,1.0
41250969,Deutschland,DE,dictionary_exact,1.0
41250969,Deutschland,DE,dictionary_exact,1.0
41250969,Deutschland,DE,dictionary_exact,1.0
41248694,GERMANY,DE,pycountry_exact,0.95
41248694,GERMANY,DE,pycountry_exact,0.95
41248694,UNITED STATES,US,pycountry_exact,0.95
41248693,Germany,DE,pycountry_exact,0.95
41248693,Germany,DE,pycountry_exact,0.95
41248692,Germany,DE,pycountry_exact,0.95
41248692,Germany,DE,pycountry_exact,0.95
41248692,Germany,DE,pycountry_exact,0.95
41248692,Germany,DE,pycountry_exact,0.95
41248691,Germany,DE,pycountry_exact,0.95
41248691,Germany,DE,pycountry_exact,0.95
41248691,Germany,DE,pycountry_exact,0.95
41248691,Germany,DE,pycountry_exact,0.95
41248691,Germany,DE,pycountry_exact,0.95
41248691,Switzerland,CH,pycountry_exact,0.95
41248691,Switzerland,CH,pycountry_exact,0.95
41248691,Germany,DE,pycountry_exact,0.95
41248691,Switzerland,CH,pycountry_exact,0.95
41248691,Germany,DE,pycountry_exact,0.95
41248691,Germany,DE,pycountry_exact,0.95
41248691,Germany,DE,pycountry_exact,0.95
41248681,Berlin,DE,pycountry_exact,0.95
41248681,Berlin,DE,pycountry_exact,0.95
41248681,Hannover,DE,geonames_exact,0.9
41248681,Hannover,DE,geonames_exact,0.9
41248681,München,DE,geonames_exact,0.9
41248681,Großhansdorf,not found,Not found,0.0
41248681,Großhansdorf,not found,Not found,0.0
41248681,Hamburg,DE,pycountry_exact,0.95
41248681,Hamburg,DE,pycountry_exact,0.95
41248681,Lunzenau,not found,Not found,0.0
41248681,Dresden,DE,geonames_exact,0.9
41248681,Immenhausen,not found,Not found,0.0
41248681,Göttingen,DE,geonames_exact,0.9
41248681,Stuttgart,DE,geonames_exact,0.9
41248681,Berlin,DE,pycountry_exact,0.95
41248681,Stuttgart,DE,geonames_exact,0.9
41248681,Heidelberg,DE,geonames_exact,0.9
41248681,Mannheim,DE,geonames_exact,0.9
41247524,Deutschland,DE,dictionary_exact,1.0
41247509,Deutschland,DE,dictionary_exact,1.0
41247509,Deutschland,DE,dictionary_exact,1.0
41247509,Schweiz,CH,dictionary_exact,1.0
41247509,Schweiz,CH,dictionary_exact,1.0
41247461,Deutschland,DE,dictionary_exact,1.0
41247461,Deutschland,DE,dictionary_exact,1.0
41247461,Deutschland,DE,dictionary_exact,1.0
41247384,Deutschland,DE,dictionary_exact,1.0
41247384,Deutsches Netzwerk Gedächtnisambulanzen (DNG),not found,Not found,0.0
41247384,Deutschland,DE,dictionary_exact,1.0
41247384,Deutschland,DE,dictionary_exact,1.0
41247384,Deutschland,DE,dictionary_exact,1.0
41247384,Deutschland,DE,dictionary_exact,1.0
41247384,Deutsches Netzwerk Gedächtnisambulanzen (DNG),not found,Not found,0.0
41247384,Deutschland,DE,dictionary_exact,1.0
41241637,Deutschland,DE,dictionary_exact,1.0
41241637,Deutschland,DE,dictionary_exact,1.0
41241637,Deutschland,DE,dictionary_exact,1.0
41240102,Deutschland,DE,dictionary_exact,1.0
41240102,Deutschland,DE,dictionary_exact,1.0
41238977,Fachgebiet 31: ÖGD-Kontaktstelle,not found,Not found,0.0
41238977,Deutschland,DE,dictionary_exact,1.0
41238977,Fachgebiet 31: ÖGD-Kontaktstelle,not found,Not found,0.0
41238977,Deutschland,DE,dictionary_exact,1.0
41238977,Deutschland,DE,dictionary_exact,1.0
41238977,Deutschland,DE,dictionary_exact,1.0
41238977,Schweden,SE,dictionary_exact,1.0
41238977,Deutschland,DE,dictionary_exact,1.0
41238977,Deutschland,DE,dictionary_exact,1.0
41238977,Deutschland,DE,dictionary_exact,1.0
41238977,Deutschland,DE,dictionary_exact,1.0
41238977,Deutschland,DE,dictionary_exact,1.0
41238977,Deutschland,DE,dictionary_exact,1.0
41238953,Deutschland,DE,dictionary_exact,1.0
41238953,Deutschland,DE,dictionary_exact,1.0
41238926,Deutschland,DE,dictionary_exact,1.0
41238926,Frankreich,FR,dictionary_exact,1.0
41238926,Deutschland,DE,dictionary_exact,1.0
41238909,Deutschland,DE,dictionary_exact,1.0
41238909,Deutschland,DE,dictionary_exact,1.0
41238909,Deutschland,DE,dictionary_exact,1.0
41238909,Deutschland,DE,dictionary_exact,1.0
41238818,Deutschland,DE,dictionary_exact,1.0
41238818,Deutschland,DE,dictionary_exact,1.0
41238776,Deutschland,DE,dictionary_exact,1.0
41238776,Deutschland,DE,dictionary_exact,1.0
41236576,Deutschland,DE,dictionary_exact,1.0
41236576,Deutschland,DE,dictionary_exact,1.0
41236561,Deutschland,DE,dictionary_exact,1.0
41236560,Deutschland,DE,dictionary_exact,1.0
41236560,Deutschland,DE,dictionary_exact,1.0
41236560,Deutschland,DE,dictionary_exact,1.0
41236560,Deutschland,DE,dictionary_exact,1.0
41236560,Deutschland,DE,dictionary_exact,1.0
41236549,Deutschland,DE,dictionary_exact,1.0
41236549,Deutschland,DE,dictionary_exact,1.0
41236549,Deutschland,DE,dictionary_exact,1.0
41235422,Deutschland,DE,dictionary_exact,1.0
41235421,Deutschland,DE,dictionary_exact,1.0
41233229,Deutschland,DE,dictionary_exact,1.0
41233229,Deutschland,DE,dictionary_exact,1.0
41233229,Deutschland,DE,dictionary_exact,1.0
41233228,Deutschland,DE,dictionary_exact,1.0
41233228,Deutschland,DE,dictionary_exact,1.0
41231386,Deutschland,DE,dictionary_exact,1.0
41231306,Deutschland,DE,dictionary_exact,1.0
41231306,Deutschland,DE,dictionary_exact,1.0
41231264,Deutschland,DE,dictionary_exact,1.0
41231264,Deutschland,DE,dictionary_exact,1.0
41231264,Deutschland,DE,dictionary_exact,1.0
41231263,Österreich,AT,dictionary_exact,1.0
41231263,Österreich,AT,dictionary_exact,1.0
41231263,Österreich,AT,dictionary_exact,1.0
41231263,Österreich,AT,dictionary_exact,1.0
41231262,Deutschland,DE,dictionary_exact,1.0
41229160,AG Versorgungsforschung,MY,geonames_word,0.8
41229160,Deutschland,DE,dictionary_exact,1.0
41229160,Deutschland,DE,dictionary_exact,1.0
41224942,Deutschland,DE,dictionary_exact,1.0
41224942,Deutschland,DE,dictionary_exact,1.0
41224942,Deutschland,DE,dictionary_exact,1.0
41224204,Universitätsklinikum Leipzig,DE,geonames_word,0.8
41224203,Universitätsklinikum Hamburg-Eppendorf,DE,geonames_word,0.8
41224203,Universitätsklinikum Hamburg-Eppendorf,DE,geonames_word,0.8
41224203,UniversitätsKlinikum Heidelberg,DE,geonames_word,0.8
41224202,Universitätsklinikum Leipzig,DE,geonames_word,0.8
41224202,Universität Leipzig,DE,geonames_word,0.8
41224202,Deggendorf,DE,geonames_exact,0.9
41224201,Universitätsklinikum Ulm,DE,geonames_word,0.8
41224201,Otto von Guericke Universität Magdeburg,DE,geonames_word,0.8
41224201,Otto-von-Guericke-Universität Magdeburg,DE,geonames_word,0.8
41224200,Frauenfeld,CH,geonames_exact,0.9
41224200,Zürich,CH,pycountry_exact,0.95
41224199,Germany,DE,pycountry_exact,0.95
41224199,Germany,DE,pycountry_exact,0.95
41224097,Medizinischen Fakultät der Universität Leipzig,DE,geonames_word,0.8
41224097,Frankfurt,DE,geonames_exact,0.9
41224096,Essen,DE,pycountry_exact,0.95
41224096,Essen,DE,pycountry_exact,0.95
41224096,Berlin,DE,pycountry_exact,0.95
41224096,Berlin,DE,pycountry_exact,0.95
41224096,Wuppertal,DE,geonames_exact,0.9
41224096,Mainz,DE,geonames_exact,0.9
41224096,Berlin,DE,pycountry_exact,0.95
41224095,varisano Klinikum Frankfurt Höchst,DE,geonames_word,0.8
41224095,Universitätsklinikum Frankfurt,DE,geonames_word,0.8
41224095,Philipps-Universität Marburg,DE,geonames_word,0.8
41224095,Goethe Universität Frankfurt,DE,geonames_word,0.8
41224094,Schweiz,CH,dictionary_exact,1.0
41224094,Mannheim,DE,geonames_exact,0.9
41224094,Ravensburg,DE,geonames_exact,0.9
41224094,Zentren für Psychiatrie Südwürttemberg,not found,Not found,0.0
41224093,Medizinische Fakultät der Universität Leipzig,DE,geonames_word,0.8
41224093,Universität zu Lübeck,DE,geonames_word,0.8
41224093,Lehrstuhl für Psychiatrie und Psychotherapie,AF,geonames_word,0.8
41224093,Leipzig,DE,geonames_exact,0.9
41222698,Deutschland,DE,dictionary_exact,1.0
41222698,Deutschland,DE,dictionary_exact,1.0
41222698,Schweiz,CH,dictionary_exact,1.0
41222698,Deutschland,DE,dictionary_exact,1.0
41222687,Deutschland,DE,dictionary_exact,1.0
41222687,Deutschland,DE,dictionary_exact,1.0
41222687,Deutschland,DE,dictionary_exact,1.0
41222675,Deutschland,DE,dictionary_exact,1.0
41222673,Deutschland,DE,dictionary_exact,1.0
41222673,Deutschland,DE,dictionary_exact,1.0
41222673,Deutschland,DE,dictionary_exact,1.0
41222673,Deutschland,DE,dictionary_exact,1.0
41222669,Deutschland,DE,dictionary_exact,1.0
41222669,Deutschland,DE,dictionary_exact,1.0
41222669,Deutschland,DE,dictionary_exact,1.0
41222657,Deutschland,DE,dictionary_exact,1.0
41222657,Deutschland,DE,dictionary_exact,1.0
41222600,Deutschland,DE,dictionary_exact,1.0
41222600,Deutschland,DE,dictionary_exact,1.0
41222600,Deutschland,DE,dictionary_exact,1.0
41222600,Deutschland,DE,dictionary_exact,1.0
41222403,Deutschland,DE,dictionary_exact,1.0
41222403,Deutschland,DE,dictionary_exact,1.0
41219494,Deutschland,DE,dictionary_exact,1.0
41219494,Deutschland,DE,dictionary_exact,1.0
41218629,Germany,DE,pycountry_exact,0.95
41218629,Germany,DE,pycountry_exact,0.95
41218629,Germany,DE,pycountry_exact,0.95
41218629,Germany,DE,pycountry_exact,0.95
41218628,Germany,DE,pycountry_exact,0.95
41218628,Germany,DE,pycountry_exact,0.95
41218626,Deutschland,DE,dictionary_exact,1.0
41218626,Deutschland,DE,dictionary_exact,1.0
41218626,Deutschland,DE,dictionary_exact,1.0
41218625,Hannover,DE,geonames_exact,0.9
41218625,Bielefeld,DE,geonames_exact,0.9
41218624,Deutschland,DE,dictionary_exact,1.0
41218624,Deutschland,DE,dictionary_exact,1.0
41218624,Deutschland,DE,dictionary_exact,1.0
41218624,Deutschland,DE,dictionary_exact,1.0
41218624,Austria,AT,pycountry_exact,0.95
41218622,Deutschland,DE,dictionary_exact,1.0
41218622,Deutschland,DE,dictionary_exact,1.0
41218622,Deutschland,DE,dictionary_exact,1.0
41218622,Deutschland,DE,dictionary_exact,1.0
41218622,Deutschland,DE,dictionary_exact,1.0
41218622,Deutschland,DE,dictionary_exact,1.0
41218622,Deutschland,DE,dictionary_exact,1.0
41218622,Deutschland,DE,dictionary_exact,1.0
41218622,Österreich,AT,dictionary_exact,1.0
41218622,Deutschland,DE,dictionary_exact,1.0
41218622,Deutschland,DE,dictionary_exact,1.0
41218622,Deutschland,DE,dictionary_exact,1.0
41217515,Deutschland,DE,dictionary_exact,1.0
41217514,Deutschland,DE,dictionary_exact,1.0
41217499,Deutschland,DE,dictionary_exact,1.0
41217499,Deutschland,DE,dictionary_exact,1.0
41217499,Deutschland,DE,dictionary_exact,1.0
41217499,Deutschland,DE,dictionary_exact,1.0
41217499,Deutschland,DE,dictionary_exact,1.0
41217499,Deutschland,DE,dictionary_exact,1.0
41217499,Deutschland,DE,dictionary_exact,1.0
41217499,Deutschland,DE,dictionary_exact,1.0
41217499,Deutschland,DE,dictionary_exact,1.0
41217499,Deutschland,DE,dictionary_exact,1.0
41217499,Deutschland,DE,dictionary_exact,1.0
41217499,Deutschland,DE,dictionary_exact,1.0
41217499,Deutschland,DE,dictionary_exact,1.0
41217499,Deutschland,DE,dictionary_exact,1.0
41217499,Deutschland,DE,dictionary_exact,1.0
41217499,Schweiz,CH,dictionary_exact,1.0
41217499,Deutschland,DE,dictionary_exact,1.0
41217499,Deutschland,DE,dictionary_exact,1.0
41217499,Deutschland,DE,dictionary_exact,1.0
41217499,Deutschland,DE,dictionary_exact,1.0
41217499,Deutschland,DE,dictionary_exact,1.0
41217499,Deutschland,DE,dictionary_exact,1.0
41217499,Deutschland,DE,dictionary_exact,1.0
41217499,Deutschland,DE,dictionary_exact,1.0
41217498,Deutschland,DE,dictionary_exact,1.0
41217498,Deutschland,DE,dictionary_exact,1.0
41217498,Deutschland,DE,dictionary_exact,1.0
41217498,Deutschland,DE,dictionary_exact,1.0
41217498,Deutschland,DE,dictionary_exact,1.0
41217498,Deutschland,DE,dictionary_exact,1.0
41217498,Deutschland,DE,dictionary_exact,1.0
41217498,Deutschland,DE,dictionary_exact,1.0
41217498,Deutschland,DE,dictionary_exact,1.0
41217498,Deutschland,DE,dictionary_exact,1.0
41217498,Deutschland,DE,dictionary_exact,1.0
41217498,Deutschland,DE,dictionary_exact,1.0
41217498,Deutschland,DE,dictionary_exact,1.0
41217498,Deutschland,DE,dictionary_exact,1.0
41217498,Deutschland,DE,dictionary_exact,1.0
41217498,Schweiz,CH,dictionary_exact,1.0
41217498,Deutschland,DE,dictionary_exact,1.0
41217498,Deutschland,DE,dictionary_exact,1.0
41217498,Deutschland,DE,dictionary_exact,1.0
41217498,Deutschland,DE,dictionary_exact,1.0
41217498,Deutschland,DE,dictionary_exact,1.0
41217498,Deutschland,DE,dictionary_exact,1.0
41217498,Deutschland,DE,dictionary_exact,1.0
41217498,Deutschland,DE,dictionary_exact,1.0
41217495,Deutschland,DE,dictionary_exact,1.0
41217495,Deutschland,DE,dictionary_exact,1.0
41217495,Deutschland,DE,dictionary_exact,1.0
41217490,Deutschland,DE,dictionary_exact,1.0
41217490,Deutschland,DE,dictionary_exact,1.0
41217488,Deutschland,DE,dictionary_exact,1.0
41217488,Deutschland,DE,dictionary_exact,1.0
41217488,Deutschland,DE,dictionary_exact,1.0
41214339,Österreich,AT,dictionary_exact,1.0
41214339,Österreich,AT,dictionary_exact,1.0
41214338,Deutschland,DE,dictionary_exact,1.0
41214338,Schweiz,CH,dictionary_exact,1.0
41214189,Deutschland,DE,dictionary_exact,1.0
41214189,Deutschland,DE,dictionary_exact,1.0
41213629,GERMANY,DE,pycountry_exact,0.95
41213629,GERMANY,DE,pycountry_exact,0.95
41213629,UNITED STATES,US,pycountry_exact,0.95
41213611,Germany,DE,pycountry_exact,0.95
41213611,Germany,DE,pycountry_exact,0.95
41213611,Germany,DE,pycountry_exact,0.95
41213597,Deutschland,DE,dictionary_exact,1.0
41213597,Deutschland,DE,dictionary_exact,1.0
41213597,Deutschland,DE,dictionary_exact,1.0
41213540,Münster,IE,pycountry_exact,0.95
41213540,München,DE,geonames_exact,0.9
41213540,Jena,DE,geonames_exact,0.9
41213540,Hamburg,DE,pycountry_exact,0.95
41213540,Deutschland,DE,dictionary_exact,1.0
41213540,Regensburg,DE,geonames_exact,0.9
41213540,Hannover,DE,geonames_exact,0.9
41213540,Bonn,DE,geonames_exact,0.9
41213540,München,DE,geonames_exact,0.9
41213540,München,DE,geonames_exact,0.9
41213540,Klinik für Diagnostische und Interventionelle Radiologie Universitätsklinikum Bonn,DE,geonames_word,0.8
41213540,München,DE,geonames_exact,0.9
41213540,Hamburg,DE,pycountry_exact,0.95
41213540,Universitätsklinikum Leipzig,DE,geonames_word,0.8
41213540,Essen,DE,pycountry_exact,0.95
41213540,Münster,IE,pycountry_exact,0.95
41213540,Aachen,DE,geonames_exact,0.9
41213540,Klinikum Landshut,DE,geonames_word,0.8
41213540,Universitätsklinikum Mainz,DE,geonames_word,0.8
41213540,LMU Klinikum München,DE,geonames_word,0.8
41213539,Germany,DE,pycountry_exact,0.95
41213539,Germany,DE,pycountry_exact,0.95
41213539,Germany,DE,pycountry_exact,0.95
41213539,Germany,DE,pycountry_exact,0.95
41213539,Germany,DE,pycountry_exact,0.95
41213537,Städtisches Klinikum Solingen,DE,geonames_word,0.8
41213535,Deutschland,DE,dictionary_exact,1.0
41213535,Deutschland,DE,dictionary_exact,1.0
41213535,Deutschland,DE,dictionary_exact,1.0
41213535,Deutschland,DE,dictionary_exact,1.0
41213535,Deutschland,DE,dictionary_exact,1.0
41213535,Deutschland,DE,dictionary_exact,1.0
41213535,Deutschland,DE,dictionary_exact,1.0
41213535,Deutschland,DE,dictionary_exact,1.0
41213530,Universitätsmedizin Rostock,DE,geonames_word,0.8
41213510,Charité - Universitätsmedizin Berlin,DE,geonames_word,0.8
41213510,Klinikum Stuttgart,DE,geonames_word,0.8
41213510,Medizinische Universitätsklinik Tübingen,DE,geonames_word,0.8
41213509,Universität Trier,DE,geonames_word,0.8
41212890,Deutschland,DE,dictionary_exact,1.0
41212890,Deutschland,DE,dictionary_exact,1.0
41212890,Deutschland,DE,dictionary_exact,1.0
41212283,Deutschland,DE,dictionary_exact,1.0
41212283,Deutschland,DE,dictionary_exact,1.0
41212246,Deutschland,DE,dictionary_exact,1.0
41212246,Deutschland,DE,dictionary_exact,1.0
41212245,Deutschland,DE,dictionary_exact,1.0
41212244,Deutschland,DE,dictionary_exact,1.0
41212244,Deutschland,DE,dictionary_exact,1.0
41212244,Deutschland,DE,dictionary_exact,1.0
41212244,Deutschland,DE,dictionary_exact,1.0
41212204,Deutschland,DE,dictionary_exact,1.0
41212203,Deutschland,DE,dictionary_exact,1.0
41212203,Deutschland,DE,dictionary_exact,1.0
41212181,Deutschland,DE,dictionary_exact,1.0
41206816,Deutschland,DE,dictionary_exact,1.0
41204989,Deutschland,DE,dictionary_exact,1.0
41204989,Deutschland,DE,dictionary_exact,1.0
41204989,Deutschland,DE,dictionary_exact,1.0
41203915,Deutschland,DE,dictionary_exact,1.0
41203915,Deutschland,DE,dictionary_exact,1.0
41202845,Deutschland,DE,dictionary_exact,1.0
41202845,Deutschland,DE,dictionary_exact,1.0
41202845,Deutschland,DE,dictionary_exact,1.0
41202845,Deutschland,DE,dictionary_exact,1.0
41201604,Schweiz,CH,dictionary_exact,1.0
41201604,Schweiz,CH,dictionary_exact,1.0
41201604,Deutschland,DE,dictionary_exact,1.0
41201550,Deutschland,DE,dictionary_exact,1.0
41201541,Deutschland,DE,dictionary_exact,1.0
41201541,Deutschland,DE,dictionary_exact,1.0
41201541,Schweiz,CH,dictionary_exact,1.0
41201541,Schweiz,CH,dictionary_exact,1.0
41201541,USA,US,dictionary_exact,1.0
41201540,Deutschland,DE,dictionary_exact,1.0
41201540,Deutschland,DE,dictionary_exact,1.0
41201540,Deutschland,DE,dictionary_exact,1.0
41201470,Deutschland,DE,dictionary_exact,1.0
41199067,Deutschland,DE,dictionary_exact,1.0
41199066,Deutschland,DE,dictionary_exact,1.0
41199065,Deutschland,DE,dictionary_exact,1.0
41199064,Deutschland,DE,dictionary_exact,1.0
41199063,Deutschland,DE,dictionary_exact,1.0
41199062,Deutschland,DE,dictionary_exact,1.0
41199061,Deutschland,DE,dictionary_exact,1.0
41199060,Deutschland,DE,dictionary_exact,1.0
41199059,Deutschland,DE,dictionary_exact,1.0
41199058,Deutschland,DE,dictionary_exact,1.0
41199058,Deutschland,DE,dictionary_exact,1.0
41199057,Deutschland,DE,dictionary_exact,1.0
41199057,Deutschland,DE,dictionary_exact,1.0
41199056,Deutschland,DE,dictionary_exact,1.0
41199056,Deutschland,DE,dictionary_exact,1.0
41199055,Deutschland,DE,dictionary_exact,1.0
41199054,Deutschland,DE,dictionary_exact,1.0
41199053,Deutschland,DE,dictionary_exact,1.0
41199052,Deutschland,DE,dictionary_exact,1.0
41199051,Deutschland,DE,dictionary_exact,1.0
41199050,Deutschland,DE,dictionary_exact,1.0
41199049,Deutschland,DE,dictionary_exact,1.0
41199048,Helmstr,not found,Not found,0.0
41199048,Deutschland,DE,dictionary_exact,1.0
41199047,Deutschland,DE,dictionary_exact,1.0
41199046,Deutschland,DE,dictionary_exact,1.0
41199045,Deutschland,DE,dictionary_exact,1.0
41199044,Deutschland,DE,dictionary_exact,1.0
41199043,Deutschland,DE,dictionary_exact,1.0
41199042,Deutschland,DE,dictionary_exact,1.0
41199041,Deutschland,DE,dictionary_exact,1.0
41199040,Deutschland,DE,dictionary_exact,1.0
41199039,Deutschland,DE,dictionary_exact,1.0
41199038,Deutschland,DE,dictionary_exact,1.0
41199037,Deutschland,DE,dictionary_exact,1.0
41199036,Deutschland,DE,dictionary_exact,1.0
41199035,Schweiz,CH,dictionary_exact,1.0
41199034,Deutschland,DE,dictionary_exact,1.0
41199033,Deutschland,DE,dictionary_exact,1.0
41199032,Deutschland,DE,dictionary_exact,1.0
41199031,Deutschland,DE,dictionary_exact,1.0
41199030,Deutschland,DE,dictionary_exact,1.0
41199029,Deutschland,DE,dictionary_exact,1.0
41199028,Deutschland,DE,dictionary_exact,1.0
41199027,Deutschland,DE,dictionary_exact,1.0
41199026,Deutschland,DE,dictionary_exact,1.0
41199025,Deutschland,DE,dictionary_exact,1.0
41198997,Deutschland,DE,dictionary_exact,1.0
41198997,Deutschland,DE,dictionary_exact,1.0
41198997,Deutschland,DE,dictionary_exact,1.0
41197986,Stiftung Tierärztliche Hochschule Hannover,DE,geonames_word,0.8
41197986,Cloppenburg,DE,geonames_exact,0.9
41197666,GERMANY,DE,pycountry_exact,0.95
41197666,GERMANY,DE,pycountry_exact,0.95
41197666,GERMANY,DE,pycountry_exact,0.95
41197658,Germany,DE,pycountry_exact,0.95
41197658,Germany,DE,pycountry_exact,0.95
41197657,Germany,DE,pycountry_exact,0.95
41197657,Germany,DE,pycountry_exact,0.95
41197657,Portugal,PT,dictionary_exact,1.0
41196389,Deutschland,DE,dictionary_exact,1.0
41196389,Deutschland,DE,dictionary_exact,1.0
41196388,Deutschland,DE,dictionary_exact,1.0
41196388,Deutschland,DE,dictionary_exact,1.0
41196331,Deutschland,DE,dictionary_exact,1.0
41196310,Deutschland,DE,dictionary_exact,1.0
41196310,Deutschland,DE,dictionary_exact,1.0
41196310,Deutschland,DE,dictionary_exact,1.0
41196310,Deutschland,DE,dictionary_exact,1.0
41196310,Deutschland,DE,dictionary_exact,1.0
41196308,Deutschland,DE,dictionary_exact,1.0
41196308,Deutschland,DE,dictionary_exact,1.0
41196308,Deutschland,DE,dictionary_exact,1.0
41196308,Deutschland,DE,dictionary_exact,1.0
41196308,Deutschland,DE,dictionary_exact,1.0
41196308,Deutschland,DE,dictionary_exact,1.0
41196308,Deutschland,DE,dictionary_exact,1.0
41196308,Deutschland,DE,dictionary_exact,1.0
41196308,Deutschland,DE,dictionary_exact,1.0
41196308,Deutschland,DE,dictionary_exact,1.0
41196308,Deutschland,DE,dictionary_exact,1.0
41196308,Deutschland,DE,dictionary_exact,1.0
41196308,Deutschland,DE,dictionary_exact,1.0
41196308,Deutschland,DE,dictionary_exact,1.0
41196308,Deutschland,DE,dictionary_exact,1.0
41196308,Deutschland,DE,dictionary_exact,1.0
41196308,Deutschland,DE,dictionary_exact,1.0
41196308,Deutschland,DE,dictionary_exact,1.0
41196308,Deutschland,DE,dictionary_exact,1.0
41196308,Deutschland,DE,dictionary_exact,1.0
41196308,Deutschland,DE,dictionary_exact,1.0
41196308,Deutschland,DE,dictionary_exact,1.0
41196308,Deutschland,DE,dictionary_exact,1.0
41196308,Deutschland,DE,dictionary_exact,1.0
41196308,Schweiz,CH,dictionary_exact,1.0
41196308,Deutschland,DE,dictionary_exact,1.0
41196308,Deutschland,DE,dictionary_exact,1.0
41196308,Deutschland,DE,dictionary_exact,1.0
41196308,Griechenland,not found,Not found,0.0
41196307,Deutschland,DE,dictionary_exact,1.0
41196307,Deutschland,DE,dictionary_exact,1.0
41196307,Deutschland,DE,dictionary_exact,1.0
41196306,Deutschland,DE,dictionary_exact,1.0
41196306,Deutschland,DE,dictionary_exact,1.0
41196306,Deutschland,DE,dictionary_exact,1.0
41193350,Deutschland,DE,dictionary_exact,1.0
41193350,Deutschland,DE,dictionary_exact,1.0
41193350,Deutschland,DE,dictionary_exact,1.0
41193350,Deutschland,DE,dictionary_exact,1.0
41193350,Deutschland,DE,dictionary_exact,1.0
41193349,Deutschland,DE,dictionary_exact,1.0
41193349,Deutschland,DE,dictionary_exact,1.0
41193349,Deutschland,DE,dictionary_exact,1.0
41192434,Germany,DE,pycountry_exact,0.95
41192434,Germany,DE,pycountry_exact,0.95
41192434,Germany,DE,pycountry_exact,0.95
41192434,Germany,DE,pycountry_exact,0.95
41192434,Germany,DE,pycountry_exact,0.95
41192434,Germany,DE,pycountry_exact,0.95
41191087,Großbritannien,GB,dictionary_exact,1.0
41191087,Großbritannien,GB,dictionary_exact,1.0
41191082,Deutschland,DE,dictionary_exact,1.0
41191082,Deutschland,DE,dictionary_exact,1.0
41191080,Deutschland,DE,dictionary_exact,1.0
41191076,Österreich,AT,dictionary_exact,1.0
41191076,Deutschland,DE,dictionary_exact,1.0
41191071,Deutschland,DE,dictionary_exact,1.0
41191071,Deutschland,DE,dictionary_exact,1.0
41191071,Deutschland,DE,dictionary_exact,1.0
41191062,Deutschland,DE,dictionary_exact,1.0
41191062,Deutschland,DE,dictionary_exact,1.0
41191062,Deutschland,DE,dictionary_exact,1.0
41191060,Deutschland,DE,dictionary_exact,1.0
41187770,Germany,DE,pycountry_exact,0.95
41187770,Germany,DE,pycountry_exact,0.95
41186700,Deutschland,DE,dictionary_exact,1.0
41186700,Deutschland,DE,dictionary_exact,1.0
41186697,Deutschland,DE,dictionary_exact,1.0
41186697,Deutschland,DE,dictionary_exact,1.0
41186696,Deutschland,DE,dictionary_exact,1.0
41186696,Deutschland,DE,dictionary_exact,1.0
41186696,Deutschland,DE,dictionary_exact,1.0
41186696,Deutschland,DE,dictionary_exact,1.0
41186696,Deutschland,DE,dictionary_exact,1.0
41186696,Cluster of Excellence RESIST (EXC 2155),TR,geonames_word,0.8
41186696,Deutschland,DE,dictionary_exact,1.0
41186696,Deutschland,DE,dictionary_exact,1.0
41186684,Deutschland,DE,dictionary_exact,1.0
41186684,Deutschland,DE,dictionary_exact,1.0
41186682,Deutschland,DE,dictionary_exact,1.0
41186655,Deutschland,DE,dictionary_exact,1.0
41186655,Deutschland,DE,dictionary_exact,1.0
41186652,Deutschland,DE,dictionary_exact,1.0
41186648,Deutschland,DE,dictionary_exact,1.0
41186630,Deutschland,DE,dictionary_exact,1.0
41186630,Deutschland,DE,dictionary_exact,1.0
41186630,Deutschland,DE,dictionary_exact,1.0
41186615,Deutschland,DE,dictionary_exact,1.0
41186615,Deutschland,DE,dictionary_exact,1.0
41185564,Universität Bern,CH,geonames_word,0.8
41185564,Universität Bern,CH,geonames_word,0.8
41185564,Universität Bern,CH,geonames_word,0.8
41184496,Deutschland,DE,dictionary_exact,1.0
41184496,Deutschland,DE,dictionary_exact,1.0
41183562,Deutschland,DE,dictionary_exact,1.0
41183562,Deutschland,DE,dictionary_exact,1.0
41183562,Deutschland,DE,dictionary_exact,1.0
41183550,Germany,DE,pycountry_exact,0.95
41183549,Germany,DE,pycountry_exact,0.95
41183549,Germany,DE,pycountry_exact,0.95
41183548,Germany,DE,pycountry_exact,0.95
41183546,Deutschland,DE,dictionary_exact,1.0
41183545,Deutschland,DE,dictionary_exact,1.0
41183545,Deutschland,DE,dictionary_exact,1.0
41183545,Deutschland,DE,dictionary_exact,1.0
41183545,Deutschland,DE,dictionary_exact,1.0
41183545,Deutschland,DE,dictionary_exact,1.0
41183545,Deutschland,DE,dictionary_exact,1.0
41183545,Deutschland,DE,dictionary_exact,1.0
41183545,Deutschland,DE,dictionary_exact,1.0
41183530,Deutschland,DE,dictionary_exact,1.0
41183530,Deutschland,DE,dictionary_exact,1.0
41183530,Deutschland,DE,dictionary_exact,1.0
41183530,USA,US,dictionary_exact,1.0
41183530,Deutschland,DE,dictionary_exact,1.0
41183529,Germany,DE,pycountry_exact,0.95
41183523,D- (Taunus),not found,Not found,0.0
41183522,Vorstand IAG-KHT,AF,geonames_word,0.8
41183522,Vorstand IAG-KHT,AF,geonames_word,0.8
41183522,Charité Berlin,DE,geonames_word,0.8
41183522,Vorstand IAG-KHT,AF,geonames_word,0.8
41183522,Präsident DGHNO-KHC,UA,geonames_word,0.8
41183522,Geschäftsstelle DGHNO-KHC Bonn,DE,geonames_word,0.8
41183522,Vorstand IAG-KHT,AF,geonames_word,0.8
41183522,Vorstand IAG-KHT,AF,geonames_word,0.8
41183522,Präsident DGMKG,not found,Not found,0.0
41183522,Vorstand IAG-KHT,AF,geonames_word,0.8
41183522,Vorstand IAG-KHT,AF,geonames_word,0.8
41183522,Präsident DEGRO,not found,Not found,0.0
41183522,Vorstand IAG-KHT,AF,geonames_word,0.8
41183521,Deutschland,DE,dictionary_exact,1.0
41182390,Deutschland,DE,dictionary_exact,1.0
41182390,Deutschland,DE,dictionary_exact,1.0
41182390,Deutschland,DE,dictionary_exact,1.0
41182370,Deutschland,DE,dictionary_exact,1.0
41182368,Deutschland,DE,dictionary_exact,1.0
41182368,Deutschland,DE,dictionary_exact,1.0
41182368,Deutschland,DE,dictionary_exact,1.0
41182368,Deutschland,DE,dictionary_exact,1.0
41173695,Deutschland,DE,dictionary_exact,1.0
41173695,Deutschland,DE,dictionary_exact,1.0
41173695,Deutschland,DE,dictionary_exact,1.0
41173695,Deutschland,DE,dictionary_exact,1.0
41173695,Deutschland,DE,dictionary_exact,1.0
41173695,Deutschland,DE,dictionary_exact,1.0
41173695,Deutschland,DE,dictionary_exact,1.0
41173695,Deutschland,DE,dictionary_exact,1.0
41171413,Deutschland,DE,dictionary_exact,1.0
41171413,Deutschland,DE,dictionary_exact,1.0
41171402,Deutschland,DE,dictionary_exact,1.0
41171401,Deutschland,DE,dictionary_exact,1.0
41168601,Deutschland,DE,dictionary_exact,1.0
41168600,Deutschland,DE,dictionary_exact,1.0
41168599,Deutschland,DE,dictionary_exact,1.0
41168598,Schweiz,CH,dictionary_exact,1.0
41168597,Deutschland,DE,dictionary_exact,1.0
41168596,Deutschland,DE,dictionary_exact,1.0
41168596,Deutschland,DE,dictionary_exact,1.0
41168595,Deutschland,DE,dictionary_exact,1.0
41168594,Deutschland,DE,dictionary_exact,1.0
41168594,Deutschland,DE,dictionary_exact,1.0
41168594,Deutschland,DE,dictionary_exact,1.0
41168593,Deutschland,DE,dictionary_exact,1.0
41168593,Deutschland,DE,dictionary_exact,1.0
41168593,Deutschland,DE,dictionary_exact,1.0
41168592,Deutschland,DE,dictionary_exact,1.0
41168592,Deutschland,DE,dictionary_exact,1.0
41168592,Deutschland,DE,dictionary_exact,1.0
41168591,Deutschland,DE,dictionary_exact,1.0
41168590,Deutschland,DE,dictionary_exact,1.0
41168590,Deutschland,DE,dictionary_exact,1.0
41168590,Deutschland,DE,dictionary_exact,1.0
41168589,Deutschland,DE,dictionary_exact,1.0
41168588,Deutschland,DE,dictionary_exact,1.0
41168587,Deutschland,DE,dictionary_exact,1.0
41168586,Deutschland,DE,dictionary_exact,1.0
41168585,Deutschland,DE,dictionary_exact,1.0
41168584,Deutschland,DE,dictionary_exact,1.0
41168583,Deutschland,DE,dictionary_exact,1.0
41168582,Deutschland,DE,dictionary_exact,1.0
41168581,Deutschland,DE,dictionary_exact,1.0
41168580,Deutschland,DE,dictionary_exact,1.0
41168579,Deutschland,DE,dictionary_exact,1.0
41168578,Deutschland,DE,dictionary_exact,1.0
41168577,Deutschland,DE,dictionary_exact,1.0
41168576,Deutschland,DE,dictionary_exact,1.0
41168575,Deutschland,DE,dictionary_exact,1.0
41168574,Deutschland,DE,dictionary_exact,1.0
41168573,Deutschland,DE,dictionary_exact,1.0
41168572,Deutschland,DE,dictionary_exact,1.0
41168538,Deutschland,DE,dictionary_exact,1.0
41168538,Deutschland,DE,dictionary_exact,1.0
41168537,Deutschland,DE,dictionary_exact,1.0
41168537,Deutschland,DE,dictionary_exact,1.0
41168537,Deutschland,DE,dictionary_exact,1.0
41168529,Deutschland,DE,dictionary_exact,1.0
41168529,Deutschland,DE,dictionary_exact,1.0
41168529,Deutschland,DE,dictionary_exact,1.0
41168529,Deutschland,DE,dictionary_exact,1.0
41168499,Deutschland,DE,dictionary_exact,1.0
41168499,Deutschland,DE,dictionary_exact,1.0
41168499,Deutschland,DE,dictionary_exact,1.0
41168476,Deutschland,DE,dictionary_exact,1.0
41168383,Deutschland,DE,dictionary_exact,1.0
41168383,Schweiz,CH,dictionary_exact,1.0
41167598,Germany,DE,pycountry_exact,0.95
41167598,Germany,DE,pycountry_exact,0.95
41167522,Regensburg,DE,geonames_exact,0.9
41167503,Universität zu Lübeck,DE,geonames_word,0.8
41167502,Halle (Saale),DE,geonames_exact,0.9
41167502,Hochschule Düsseldorf,DE,geonames_word,0.8
41167502,Hochschule für Angewandte Wissenschaften Hamburg,DE,geonames_word,0.8
41167501,Deutschland,DE,dictionary_exact,1.0
41167501,Deutschland,DE,dictionary_exact,1.0
41167501,Deutschland,DE,dictionary_exact,1.0
41167501,Deutschland,DE,dictionary_exact,1.0
41167501,Deutschland,DE,dictionary_exact,1.0
41167501,Deutschland,DE,dictionary_exact,1.0
41167501,Deutschland,DE,dictionary_exact,1.0
41167501,Deutschland,DE,dictionary_exact,1.0
41167501,Deutschland,DE,dictionary_exact,1.0
41167501,Deutschland,DE,dictionary_exact,1.0
41167501,Deutschland,DE,dictionary_exact,1.0
41167501,Deutschland,DE,dictionary_exact,1.0
41167501,Deutschland,DE,dictionary_exact,1.0
41167501,Deutschland,DE,dictionary_exact,1.0
41167501,Deutschland,DE,dictionary_exact,1.0
41167491,Germany,DE,pycountry_exact,0.95
41167491,Germany,DE,pycountry_exact,0.95
41165857,Schweiz,CH,dictionary_exact,1.0
41165857,Schweiz,CH,dictionary_exact,1.0
41165857,Switzerland,CH,pycountry_exact,0.95
41165854,Deutschland,DE,dictionary_exact,1.0
41165854,Deutschland,DE,dictionary_exact,1.0
41165854,Deutschland,DE,dictionary_exact,1.0
41165854,Deutschland,DE,dictionary_exact,1.0
41165854,Deutschland,DE,dictionary_exact,1.0
41165854,Deutschland,DE,dictionary_exact,1.0
41165854,Deutschland,DE,dictionary_exact,1.0
41165854,Deutschland,DE,dictionary_exact,1.0
41165854,Deutschland,DE,dictionary_exact,1.0
41165854,Deutschland,DE,dictionary_exact,1.0
41165854,Deutschland,DE,dictionary_exact,1.0
41165854,Deutschland,DE,dictionary_exact,1.0
41165854,Deutschland,DE,dictionary_exact,1.0
41165854,Deutschland,DE,dictionary_exact,1.0
41165854,Deutschland,DE,dictionary_exact,1.0
41165854,Deutschland,DE,dictionary_exact,1.0
41165854,Deutschland,DE,dictionary_exact,1.0
41165854,Deutschland,DE,dictionary_exact,1.0
41165852,Deutschland,DE,dictionary_exact,1.0
41165852,Deutschland,DE,dictionary_exact,1.0
41165851,Deutschland,DE,dictionary_exact,1.0
41165851,Deutschland,DE,dictionary_exact,1.0
41165851,Deutschland,DE,dictionary_exact,1.0
41165840,Deutschland,DE,dictionary_exact,1.0
41165840,Deutschland,DE,dictionary_exact,1.0
41165840,Deutschland,DE,dictionary_exact,1.0
41165805,Deutschland,DE,dictionary_exact,1.0
41165805,Deutschland,DE,dictionary_exact,1.0
41165804,Deutschland,DE,dictionary_exact,1.0
41165804,Deutschland,DE,dictionary_exact,1.0
41165803,Deutschland,DE,dictionary_exact,1.0
41165803,Deutschland,DE,dictionary_exact,1.0
41165792,Deutschland,DE,dictionary_exact,1.0
41165792,Deutschland,DE,dictionary_exact,1.0
41165792,Deutschland,DE,dictionary_exact,1.0
41165792,Deutschland,DE,dictionary_exact,1.0
41165792,Deutschland,DE,dictionary_exact,1.0
41165792,Deutschland,DE,dictionary_exact,1.0
41165792,Deutschland,DE,dictionary_exact,1.0
41165792,Deutschland,DE,dictionary_exact,1.0
41165792,Deutschland,DE,dictionary_exact,1.0
41165791,Deutschland,DE,dictionary_exact,1.0
41165790,Deutschland,DE,dictionary_exact,1.0
41165790,Deutschland,DE,dictionary_exact,1.0
41165790,Deutschland,DE,dictionary_exact,1.0
41165790,Deutschland,DE,dictionary_exact,1.0
41165790,Deutschland,DE,dictionary_exact,1.0
41165786,Deutschland,DE,dictionary_exact,1.0
41165786,Deutschland,DE,dictionary_exact,1.0
41165786,Deutschland,DE,dictionary_exact,1.0
41165776,Deutschland,DE,dictionary_exact,1.0
41165776,Deutschland,DE,dictionary_exact,1.0
41165776,Deutschland,DE,dictionary_exact,1.0
41165776,Deutschland,DE,dictionary_exact,1.0
41165764,Deutschland,DE,dictionary_exact,1.0
41165764,Österreich,AT,dictionary_exact,1.0
41165764,Schweiz,CH,dictionary_exact,1.0
41165764,Deutschland,DE,dictionary_exact,1.0
41165764,Deutschland,DE,dictionary_exact,1.0
41165764,Deutschland,DE,dictionary_exact,1.0
41162767,Deutschland,DE,dictionary_exact,1.0
41162767,Deutschland,DE,dictionary_exact,1.0
41162760,Deutschland,DE,dictionary_exact,1.0
41162760,Deutschland,DE,dictionary_exact,1.0
41162760,Deutschland,DE,dictionary_exact,1.0
41162760,Deutschland,DE,dictionary_exact,1.0
41162758,Deutschland,DE,dictionary_exact,1.0
41162758,Deutschland,DE,dictionary_exact,1.0
41162758,Deutschland,DE,dictionary_exact,1.0
41162673,Deutschland,DE,dictionary_exact,1.0
41162673,Deutschland,DE,dictionary_exact,1.0
41162602,Deutschland,DE,dictionary_exact,1.0
41162601,Deutschland,DE,dictionary_exact,1.0
41162601,Deutschland,DE,dictionary_exact,1.0
41162601,Deutschland,DE,dictionary_exact,1.0
41162601,Deutschland,DE,dictionary_exact,1.0
41162601,Deutschland,DE,dictionary_exact,1.0
41161327,Schweiz,CH,dictionary_exact,1.0
41161327,Österreich,AT,dictionary_exact,1.0
41161327,Österreich,AT,dictionary_exact,1.0
41160239,Österreich,AT,dictionary_exact,1.0
41160239,Österreich,AT,dictionary_exact,1.0
41160239,Österreich,AT,dictionary_exact,1.0
41160239,Österreich,AT,dictionary_exact,1.0
41160239,Österreich,AT,dictionary_exact,1.0
41160239,Österreich,AT,dictionary_exact,1.0
41160165,Deutschland,DE,dictionary_exact,1.0
41160165,Deutschland,DE,dictionary_exact,1.0
41160165,Deutschland,DE,dictionary_exact,1.0
41160165,Deutschland,DE,dictionary_exact,1.0
41160165,Deutschland,DE,dictionary_exact,1.0
41160165,Deutschland,DE,dictionary_exact,1.0
41160165,Deutschland,DE,dictionary_exact,1.0
41160165,Niederlande,NL,dictionary_exact,1.0
41160165,Deutschland,DE,dictionary_exact,1.0
41160165,Deutschland,DE,dictionary_exact,1.0
41160165,Deutschland,DE,dictionary_exact,1.0
41160165,Deutschland,DE,dictionary_exact,1.0
41160165,Deutschland,DE,dictionary_exact,1.0
41160164,Deutschland,DE,dictionary_exact,1.0
41160164,Deutschland,DE,dictionary_exact,1.0
41160164,Deutschland,DE,dictionary_exact,1.0
41160164,Deutschland,DE,dictionary_exact,1.0
41160163,Deutschland,DE,dictionary_exact,1.0
41160163,Deutschland,DE,dictionary_exact,1.0
41160163,Deutschland,DE,dictionary_exact,1.0
41160163,Deutschland,DE,dictionary_exact,1.0
41160163,Deutschland,DE,dictionary_exact,1.0
41160159,Deutschland,DE,dictionary_exact,1.0
41160159,Deutschland,DE,dictionary_exact,1.0
41160159,Deutschland,DE,dictionary_exact,1.0
41160159,Deutschland,DE,dictionary_exact,1.0
41160159,Deutschland,DE,dictionary_exact,1.0
41160159,Deutschland,DE,dictionary_exact,1.0
41160159,Deutschland,DE,dictionary_exact,1.0
41160158,Deutschland,DE,dictionary_exact,1.0
41160158,Deutschland,DE,dictionary_exact,1.0
41160158,Deutschland,DE,dictionary_exact,1.0
41160157,Tansania,TZ,dictionary_exact,1.0
41160148,Deutschland,DE,dictionary_exact,1.0
41160148,Deutschland,DE,dictionary_exact,1.0
41160148,Deutschland,DE,dictionary_exact,1.0
41160148,Deutschland,DE,dictionary_exact,1.0
41160148,Deutschland,DE,dictionary_exact,1.0
41160146,Deutschland,DE,dictionary_exact,1.0
41160146,Deutschland,DE,dictionary_exact,1.0
41160139,Deutschland,DE,dictionary_exact,1.0
41160139,Deutschland,DE,dictionary_exact,1.0
41160119,Deutschland,DE,dictionary_exact,1.0
41160114,Deutschland,DE,dictionary_exact,1.0
41152621,Deutschland,DE,dictionary_exact,1.0
41152489,Österreich,AT,dictionary_exact,1.0
41152489,Österreich,AT,dictionary_exact,1.0
41151765,Freiburg,CH,geonames_exact,0.9
41151764,Minden,DE,geonames_exact,0.9
41151761,Hamburg,DE,pycountry_exact,0.95
41151761,Lübeck,DE,geonames_exact,0.9
41151761,Lübeck,DE,geonames_exact,0.9
41151616,Hamburg,DE,pycountry_exact,0.95
41151616,Hannover,DE,geonames_exact,0.9
41151615,Berlin,DE,pycountry_exact,0.95
41151615,Berlin,DE,pycountry_exact,0.95
41151614,Deutschland,DE,dictionary_exact,1.0
41151614,Deutschland,DE,dictionary_exact,1.0
41151613,Göttingen,DE,geonames_exact,0.9
41151613,Niedersachsen,DE,pycountry_exact,0.95
41151612,Medizinische Klinik und Poliklinik IV,AF,geonames_word,0.8
41151612,München,DE,geonames_exact,0.9
41151612,Deutschland,DE,dictionary_exact,1.0
41151611,Freiburg,CH,geonames_exact,0.9
41151611,Freiburg,CH,geonames_exact,0.9
41151610,Regensburg,DE,geonames_exact,0.9
41151610,Regensburg,DE,geonames_exact,0.9
41151610,Regensburg,DE,geonames_exact,0.9
41148327,Deutschland,DE,dictionary_exact,1.0
41148327,Deutschland,DE,dictionary_exact,1.0
41148312,Deutschland,DE,dictionary_exact,1.0
41148312,Deutschland,DE,dictionary_exact,1.0
41148312,Deutschland,DE,dictionary_exact,1.0
41148311,Deutschland,DE,dictionary_exact,1.0
41148311,Deutschland,DE,dictionary_exact,1.0
41148310,Schweiz,CH,dictionary_exact,1.0
41148310,Schweiz,CH,dictionary_exact,1.0
41148296,Deutschland,DE,dictionary_exact,1.0
41148296,Deutschland,DE,dictionary_exact,1.0
41148267,Deutschland,DE,dictionary_exact,1.0
41148267,Deutschland,DE,dictionary_exact,1.0
41148265,Deutschland,DE,dictionary_exact,1.0
41148265,Deutschland,DE,dictionary_exact,1.0
41148265,Deutschland,DE,dictionary_exact,1.0
41145866,Deutschland,DE,dictionary_exact,1.0
41145121,Deutschland,DE,dictionary_exact,1.0
41145121,Deutschland,DE,dictionary_exact,1.0
41145121,Deutschland,DE,dictionary_exact,1.0
41145121,Deutschland,DE,dictionary_exact,1.0
41145119,Germany,DE,pycountry_exact,0.95
41145119,Germany,DE,pycountry_exact,0.95
41145119,Germany,DE,pycountry_exact,0.95
41145118,Germany,DE,pycountry_exact,0.95
41145118,Germany,DE,pycountry_exact,0.95
41145118,Germany,DE,pycountry_exact,0.95
41145118,Germany,DE,pycountry_exact,0.95
41145118,Germany,DE,pycountry_exact,0.95
41145118,Germany,DE,pycountry_exact,0.95
41145118,Germany,DE,pycountry_exact,0.95
41145118,Germany,DE,pycountry_exact,0.95
41145118,Germany,DE,pycountry_exact,0.95
41145118,Germany,DE,pycountry_exact,0.95
41145118,Germany,DE,pycountry_exact,0.95
41145118,Germany,DE,pycountry_exact,0.95
41145118,Germany,DE,pycountry_exact,0.95
41145118,Germany,DE,pycountry_exact,0.95
41145118,Germany,DE,pycountry_exact,0.95
41145118,Germany,DE,pycountry_exact,0.95
41145118,Germany,DE,pycountry_exact,0.95
41145118,Germany,DE,pycountry_exact,0.95
41145118,Germany,DE,pycountry_exact,0.95
41145118,Germany,DE,pycountry_exact,0.95
41145118,Germany,DE,pycountry_exact,0.95
41145118,Germany,DE,pycountry_exact,0.95
41145118,Germany,DE,pycountry_exact,0.95
41145118,Germany,DE,pycountry_exact,0.95
41145118,Germany,DE,pycountry_exact,0.95
41145118,Germany,DE,pycountry_exact,0.95
41145118,Germany,DE,pycountry_exact,0.95
41145118,Germany,DE,pycountry_exact,0.95
41145118,Germany,DE,pycountry_exact,0.95
41145118,Germany,DE,pycountry_exact,0.95
41145118,Germany,DE,pycountry_exact,0.95
41145118,Germany,DE,pycountry_exact,0.95
41145118,Germany,DE,pycountry_exact,0.95
41143996,Deutschland,DE,dictionary_exact,1.0
41143996,Deutschland,DE,dictionary_exact,1.0
41143966,Deutschland,DE,dictionary_exact,1.0
41143896,Deutschland,DE,dictionary_exact,1.0
41143896,Deutschland,DE,dictionary_exact,1.0
41143896,Deutschland,DE,dictionary_exact,1.0
41139732,Deutschland,DE,dictionary_exact,1.0
41139709,Deutschland,DE,dictionary_exact,1.0
41139709,Deutschland,DE,dictionary_exact,1.0
41136791,Schweiz,CH,dictionary_exact,1.0
41136769,Deutschland,DE,dictionary_exact,1.0
41136768,Deutschland,DE,dictionary_exact,1.0
41136768,Deutschland,DE,dictionary_exact,1.0
41136768,Deutschland,DE,dictionary_exact,1.0
41136768,Deutschland,DE,dictionary_exact,1.0
41136768,Deutschland,DE,dictionary_exact,1.0
41136768,Österreich,AT,dictionary_exact,1.0
41136768,Österreich,AT,dictionary_exact,1.0
41136768,Österreich,AT,dictionary_exact,1.0
41136768,Deutschland,DE,dictionary_exact,1.0
41136768,Deutschland,DE,dictionary_exact,1.0
41136768,Deutschland,DE,dictionary_exact,1.0
41136680,Deutschland,DE,dictionary_exact,1.0
41136680,Deutschland,DE,dictionary_exact,1.0
41134376,Deutschland,DE,dictionary_exact,1.0
41134376,Deutschland,DE,dictionary_exact,1.0
41134376,Deutschland,DE,dictionary_exact,1.0
41134361,Deutschland,DE,dictionary_exact,1.0
41134360,Deutschland,DE,dictionary_exact,1.0
41134360,Deutschland,DE,dictionary_exact,1.0
41134360,Deutschland,DE,dictionary_exact,1.0
41134360,Deutschland,DE,dictionary_exact,1.0
41134360,Deutschland,DE,dictionary_exact,1.0
41134360,Deutschland,DE,dictionary_exact,1.0
41134359,Deutschland,DE,dictionary_exact,1.0
41134359,Deutschland,DE,dictionary_exact,1.0
41134357,Deutschland,DE,dictionary_exact,1.0
41134357,Deutschland,DE,dictionary_exact,1.0
41134333,Deutschland,DE,dictionary_exact,1.0
41134333,Deutschland,DE,dictionary_exact,1.0
41134329,Schweiz,CH,dictionary_exact,1.0
41134329,Schweiz,CH,dictionary_exact,1.0
41134329,Schweiz,CH,dictionary_exact,1.0
41134329,Schweiz,CH,dictionary_exact,1.0
41134314,Deutschland,DE,dictionary_exact,1.0
41132088,Deutschland,DE,dictionary_exact,1.0
41131265,Deutschland,DE,dictionary_exact,1.0
41131264,Deutschland,DE,dictionary_exact,1.0
41131263,Deutschland,DE,dictionary_exact,1.0
41131262,Deutschland,DE,dictionary_exact,1.0
41131261,Deutschland,DE,dictionary_exact,1.0
41131260,Deutschland,DE,dictionary_exact,1.0
41131259,Deutschland,DE,dictionary_exact,1.0
41131258,Deutschland,DE,dictionary_exact,1.0
41131257,Deutschland,DE,dictionary_exact,1.0
41131257,Deutschland,DE,dictionary_exact,1.0
41131256,Deutschland,DE,dictionary_exact,1.0
41131256,Deutschland,DE,dictionary_exact,1.0
41131255,Deutschland,DE,dictionary_exact,1.0
41131255,Deutschland,DE,dictionary_exact,1.0
41131254,Deutschland,DE,dictionary_exact,1.0
41131254,Deutschland,DE,dictionary_exact,1.0
41131253,Deutschland,DE,dictionary_exact,1.0
41131253,Deutschland,DE,dictionary_exact,1.0
41131253,Deutschland,DE,dictionary_exact,1.0
41131252,Deutschland,DE,dictionary_exact,1.0
41131252,Deutschland,DE,dictionary_exact,1.0
41131251,Deutschland,DE,dictionary_exact,1.0
41131250,Deutschland,DE,dictionary_exact,1.0
41131249,Deutschland,DE,dictionary_exact,1.0
41131248,Deutschland,DE,dictionary_exact,1.0
41131247,Deutschland,DE,dictionary_exact,1.0
41131246,Deutschland,DE,dictionary_exact,1.0
41131246,Deutschland,DE,dictionary_exact,1.0
41131245,Deutschland,DE,dictionary_exact,1.0
41131244,Deutschland,DE,dictionary_exact,1.0
41131243,Deutschland,DE,dictionary_exact,1.0
41131242,Deutschland,DE,dictionary_exact,1.0
41131241,Deutschland,DE,dictionary_exact,1.0
41131240,Deutschland,DE,dictionary_exact,1.0
41131239,Deutschland,DE,dictionary_exact,1.0
41131238,Schweiz,CH,dictionary_exact,1.0
41131237,Deutschland,DE,dictionary_exact,1.0
41131236,Deutschland,DE,dictionary_exact,1.0
41131235,Deutschland,DE,dictionary_exact,1.0
41131234,Deutschland,DE,dictionary_exact,1.0
41131233,Deutschland,DE,dictionary_exact,1.0
41131232,Deutschland,DE,dictionary_exact,1.0
41131231,Deutschland,DE,dictionary_exact,1.0
41131230,Deutschland,DE,dictionary_exact,1.0
41131229,Deutschland,DE,dictionary_exact,1.0
41131228,Deutschland,DE,dictionary_exact,1.0
41131227,Deutschland,DE,dictionary_exact,1.0
41131226,Deutschland,DE,dictionary_exact,1.0
41131225,Deutschland,DE,dictionary_exact,1.0
41131224,Deutschland,DE,dictionary_exact,1.0
41130266,Deutschland,DE,dictionary_exact,1.0
41130264,Germany,DE,pycountry_exact,0.95
41130264,Germany,DE,pycountry_exact,0.95
41130264,Germany,DE,pycountry_exact,0.95
41130264,Germany,DE,pycountry_exact,0.95
41130264,Germany,DE,pycountry_exact,0.95
41130264,Germany,DE,pycountry_exact,0.95
41128870,Deutschland,DE,dictionary_exact,1.0
41128870,Deutschland,DE,dictionary_exact,1.0
41128870,Deutschland,DE,dictionary_exact,1.0
41128870,Deutschland,DE,dictionary_exact,1.0
41128869,Deutschland,DE,dictionary_exact,1.0
41128869,Deutschland,DE,dictionary_exact,1.0
41128869,Deutschland,DE,dictionary_exact,1.0
41128849,Deutschland,DE,dictionary_exact,1.0
41128848,Deutschland,DE,dictionary_exact,1.0
41128848,Deutschland,DE,dictionary_exact,1.0
41128811,Deutschland,DE,dictionary_exact,1.0
41125967,Österreich,AT,dictionary_exact,1.0
41125954,Österreich,AT,dictionary_exact,1.0
41125954,Österreich,AT,dictionary_exact,1.0
41125854,Deutschland,DE,dictionary_exact,1.0
41125854,Deutschland,DE,dictionary_exact,1.0
41125854,Schweiz,CH,dictionary_exact,1.0
41125854,Deutschland,DE,dictionary_exact,1.0
41125854,Deutschland,DE,dictionary_exact,1.0
41125838,Österreich,AT,dictionary_exact,1.0
41125838,Deutschland,DE,dictionary_exact,1.0
41125838,Deutschland,DE,dictionary_exact,1.0
41125838,Deutschland,DE,dictionary_exact,1.0
41125838,Deutschland,DE,dictionary_exact,1.0
41125838,Deutschland,DE,dictionary_exact,1.0
41125821,Deutschland,DE,dictionary_exact,1.0
41125821,Deutschland,DE,dictionary_exact,1.0
41125821,Deutschland,DE,dictionary_exact,1.0
41125821,Deutschland,DE,dictionary_exact,1.0
41125821,Deutschland,DE,dictionary_exact,1.0
41125821,Deutschland,DE,dictionary_exact,1.0
41125821,Deutschland,DE,dictionary_exact,1.0
41125821,Deutschland,DE,dictionary_exact,1.0
41125821,Deutschland,DE,dictionary_exact,1.0
41125821,Deutschland,DE,dictionary_exact,1.0
41125821,Deutschland,DE,dictionary_exact,1.0
41125821,Deutschland,DE,dictionary_exact,1.0
41125102,Osnabrück,DE,geonames_exact,0.9
41125102,Luxembourg,LU,pycountry_exact,0.95
41125102,Luxembourg,LU,pycountry_exact,0.95
41125102,Luxemburg,LU,dictionary_exact,1.0
41125089,Deutschland,DE,dictionary_exact,1.0
41125089,Deutschland,DE,dictionary_exact,1.0
41125088,Deutschland,DE,dictionary_exact,1.0
41125073,Germany,DE,pycountry_exact,0.95
41125073,Germany,DE,pycountry_exact,0.95
41125073,Germany,DE,pycountry_exact,0.95
41125073,Germany,DE,pycountry_exact,0.95
41125073,Germany,DE,pycountry_exact,0.95
41125073,Switzerland,CH,pycountry_exact,0.95
41125072,Germany,DE,pycountry_exact,0.95
41125071,Germany,DE,pycountry_exact,0.95
41125071,Germany,DE,pycountry_exact,0.95
41125071,Germany,DE,pycountry_exact,0.95
41123673,Deutschland,DE,dictionary_exact,1.0
41123673,Deutschland,DE,dictionary_exact,1.0
41123649,Deutschland,DE,dictionary_exact,1.0
41123649,Deutschland,DE,dictionary_exact,1.0
41123628,Deutschland,DE,dictionary_exact,1.0
41123628,Deutschland,DE,dictionary_exact,1.0
41123628,Deutschland,DE,dictionary_exact,1.0
41123628,Deutschland,DE,dictionary_exact,1.0
41119978,Ibbenbüren,DE,geonames_exact,0.9
41119978,Ibbenbüren,DE,geonames_exact,0.9
41119960,Germany,DE,pycountry_exact,0.95
41119959,Germany,DE,pycountry_exact,0.95
41119959,Germany,DE,pycountry_exact,0.95
41119959,Germany,DE,pycountry_exact,0.95
41119959,Germany,DE,pycountry_exact,0.95
41119957,Germany,DE,pycountry_exact,0.95
41119957,Germany,DE,pycountry_exact,0.95
41119957,Switzerland,CH,pycountry_exact,0.95
41119957,Switzerland,CH,pycountry_exact,0.95
41119957,Germany,DE,pycountry_exact,0.95
41119957,Germany,DE,pycountry_exact,0.95
41119957,Germany,DE,pycountry_exact,0.95
41119957,Germany,DE,pycountry_exact,0.95
41119562,Universitätsklinikum Hamburg-Eppendorf,DE,geonames_word,0.8
41119561,Justus-Liebig-Universität Gießen,DE,geonames_word,0.8
41119561,EX-IN Hessen e.V. Marburg,DE,geonames_word,0.8
41119561,Gießen,DE,geonames_exact,0.9
41119560,Essen,DE,pycountry_exact,0.95
41119560,Essen,DE,pycountry_exact,0.95
41119560,Berlin,DE,pycountry_exact,0.95
41119560,Berlin,DE,pycountry_exact,0.95
41119560,Wuppertal,DE,geonames_exact,0.9
41119560,Wuppertal,DE,geonames_exact,0.9
41119560,Vereinigung für analytische und tiefenpsychologisch fundierte Kinder- und Jugendlichen-Psychotherapie in Deutschland e.V. Berlin,DE,geonames_word,0.8
41119560,Mainz,DE,geonames_exact,0.9
41119559,Universitätsklinikum Leipzig,DE,geonames_word,0.8
41117988,Deutschland,DE,dictionary_exact,1.0
41117988,Deutschland,DE,dictionary_exact,1.0
41117960,Deutschland,DE,dictionary_exact,1.0
41117912,Deutschland,DE,dictionary_exact,1.0
41117912,Deutschland,DE,dictionary_exact,1.0
41117912,Deutschland,DE,dictionary_exact,1.0
41117908,Deutschland,DE,dictionary_exact,1.0
41117908,Deutschland,DE,dictionary_exact,1.0
41117908,Deutschland,DE,dictionary_exact,1.0
41117908,Deutschland,DE,dictionary_exact,1.0
41117908,Deutschland,DE,dictionary_exact,1.0
41117908,Deutschland,DE,dictionary_exact,1.0
41117901,Deutschland,DE,dictionary_exact,1.0
41117901,Deutschland,DE,dictionary_exact,1.0
41116093,Deutschland,DE,dictionary_exact,1.0
41116093,Deutschland,DE,dictionary_exact,1.0
41116093,Deutschland,DE,dictionary_exact,1.0
41116093,Deutschland,DE,dictionary_exact,1.0
41116093,Deutschland,DE,dictionary_exact,1.0
41116092,Deutschland,DE,dictionary_exact,1.0
41116092,Deutschland,DE,dictionary_exact,1.0
41116092,Deutschland,DE,dictionary_exact,1.0
41115967,Deutschland,DE,dictionary_exact,1.0
41115967,Deutschland,DE,dictionary_exact,1.0
41115967,Deutschland,DE,dictionary_exact,1.0
41115967,Österreich,AT,dictionary_exact,1.0
41115967,Deutschland,DE,dictionary_exact,1.0
41115967,Deutschland,DE,dictionary_exact,1.0
41115967,Deutschland,DE,dictionary_exact,1.0
41115967,Deutschland,DE,dictionary_exact,1.0
41115946,Deutschland,DE,dictionary_exact,1.0
41115946,Deutschland,DE,dictionary_exact,1.0
41115946,Deutschland,DE,dictionary_exact,1.0
41115946,Deutschland,DE,dictionary_exact,1.0
41115946,USA,US,dictionary_exact,1.0
41115946,Deutschland,DE,dictionary_exact,1.0
41115946,Deutschland,DE,dictionary_exact,1.0
41115946,Deutschland,DE,dictionary_exact,1.0
41114847,Deutschland,DE,dictionary_exact,1.0
41114847,Deutschland,DE,dictionary_exact,1.0
41114847,Deutschland,DE,dictionary_exact,1.0
41114847,Deutschland,DE,dictionary_exact,1.0
41114847,Deutschland,DE,dictionary_exact,1.0
41114841,Deutschland,DE,dictionary_exact,1.0
41114841,Deutschland,DE,dictionary_exact,1.0
41114841,Deutschland,DE,dictionary_exact,1.0
41114841,Deutschland,DE,dictionary_exact,1.0
41114832,Deutschland,DE,dictionary_exact,1.0
41114832,Deutschland,DE,dictionary_exact,1.0
41114832,Deutschland,DE,dictionary_exact,1.0
41114829,Deutschland,DE,dictionary_exact,1.0
41114829,Deutschland,DE,dictionary_exact,1.0
41114826,Deutschland,DE,dictionary_exact,1.0
41114824,Deutschland,DE,dictionary_exact,1.0
41114824,Deutschland,DE,dictionary_exact,1.0
41114824,Deutschland,DE,dictionary_exact,1.0
41114821,Deutschland,DE,dictionary_exact,1.0
41114821,Deutschland,DE,dictionary_exact,1.0
41114821,Deutschland,DE,dictionary_exact,1.0
41114739,Deutschland,DE,dictionary_exact,1.0
41114739,Deutschland,DE,dictionary_exact,1.0
41114736,Deutschland,DE,dictionary_exact,1.0
41114736,Deutschland,DE,dictionary_exact,1.0
41114736,Deutschland,DE,dictionary_exact,1.0
41114736,Deutschland,DE,dictionary_exact,1.0
41107561,Deutschland,DE,dictionary_exact,1.0
41107561,Deutschland,DE,dictionary_exact,1.0
41107561,Auf dem Schafsberg,ET,geonames_word,0.8
41107530,Deutschland,DE,dictionary_exact,1.0
41107530,Deutschland,DE,dictionary_exact,1.0
41107158,Deutschland,DE,dictionary_exact,1.0
41107158,Deutschland,DE,dictionary_exact,1.0
41106396,Deutschland,DE,dictionary_exact,1.0
41106395,Universitätsklinikum Jena,DE,geonames_word,0.8
41106395,Germany,DE,pycountry_exact,0.95
41105244,Schweiz,CH,dictionary_exact,1.0
41105244,Schweiz,CH,dictionary_exact,1.0
41105244,Schweiz,CH,dictionary_exact,1.0
41105244,Schweiz,CH,dictionary_exact,1.0
41105244,Schweiz,CH,dictionary_exact,1.0
41105244,Schweiz,CH,dictionary_exact,1.0
41105244,Schweiz,CH,dictionary_exact,1.0
41105244,Schweiz,CH,dictionary_exact,1.0
41105244,Schweiz,CH,dictionary_exact,1.0
41105244,Schweiz,CH,dictionary_exact,1.0
41105244,Schweiz,CH,dictionary_exact,1.0
41105244,Schweiz,CH,dictionary_exact,1.0
41105240,Deutschland,DE,dictionary_exact,1.0
41105240,Schweiz,CH,dictionary_exact,1.0
41105240,Schweiz,CH,dictionary_exact,1.0
41105240,Deutschland,DE,dictionary_exact,1.0
41105240,Deutschland,DE,dictionary_exact,1.0
41105240,Deutschland,DE,dictionary_exact,1.0
41105240,Deutschland,DE,dictionary_exact,1.0
41105229,Deutschland,DE,dictionary_exact,1.0
41105227,Deutschland,DE,dictionary_exact,1.0
41105227,Deutschland,DE,dictionary_exact,1.0
41105227,Deutschland,DE,dictionary_exact,1.0
41105227,Deutschland,DE,dictionary_exact,1.0
41105227,Deutschland,DE,dictionary_exact,1.0
41105227,Deutschland,DE,dictionary_exact,1.0
41105227,Deutschland,DE,dictionary_exact,1.0
41105218,Deutschland,DE,dictionary_exact,1.0
41105218,Deutschland,DE,dictionary_exact,1.0
41105217,Deutschland,DE,dictionary_exact,1.0
41105217,Deutschland,DE,dictionary_exact,1.0
41102507,Deutschland,DE,dictionary_exact,1.0
41102507,Deutschland,DE,dictionary_exact,1.0
41102507,Deutschland,DE,dictionary_exact,1.0
41102507,Deutschland,DE,dictionary_exact,1.0
41102507,Deutschland,DE,dictionary_exact,1.0
41101351,Austria,AT,pycountry_exact,0.95
41101350,Deutschland,DE,dictionary_exact,1.0
41101350,Deutschland,DE,dictionary_exact,1.0
41101350,Deutschland,DE,dictionary_exact,1.0
41101350,Deutschland,DE,dictionary_exact,1.0
41101350,Deutschland,DE,dictionary_exact,1.0
41101349,Deutschland,DE,dictionary_exact,1.0
41101349,Deutschland,DE,dictionary_exact,1.0
41101349,Holland,NL,dictionary_exact,1.0
41101349,Holland,NL,dictionary_exact,1.0
41101349,Holland,NL,dictionary_exact,1.0
41101347,Deutschland,DE,dictionary_exact,1.0
41099857,Deutschland,DE,dictionary_exact,1.0
41099857,Deutschland,DE,dictionary_exact,1.0
41099857,Deutschland,DE,dictionary_exact,1.0
41099857,Schweiz,CH,dictionary_exact,1.0
41099857,Deutschland,DE,dictionary_exact,1.0
41099819,Deutschland,DE,dictionary_exact,1.0
41099819,Schweiz,CH,dictionary_exact,1.0
41099818,Deutschland,DE,dictionary_exact,1.0
41099818,Deutschland,DE,dictionary_exact,1.0
41099798,Deutschland,DE,dictionary_exact,1.0
41099798,Italien,IT,dictionary_exact,1.0
41099798,Deutschland,DE,dictionary_exact,1.0
41094272,Deutschland,DE,dictionary_exact,1.0
41094272,Deutschland,DE,dictionary_exact,1.0
41094270,Deutschland,DE,dictionary_exact,1.0
41094270,Deutschland,DE,dictionary_exact,1.0
41094061,Deutschland,DE,dictionary_exact,1.0
41094061,Deutschland,DE,dictionary_exact,1.0
41094061,Deutschland,DE,dictionary_exact,1.0
41094061,Deutschland,DE,dictionary_exact,1.0
41094061,Deutschland,DE,dictionary_exact,1.0
41094056,Deutschland,DE,dictionary_exact,1.0
41094056,Deutschland,DE,dictionary_exact,1.0
41092959,Germany,DE,pycountry_exact,0.95
41092959,Germany,DE,pycountry_exact,0.95
41092959,Germany,DE,pycountry_exact,0.95
41092959,Germany,DE,pycountry_exact,0.95
41092959,Germany,DE,pycountry_exact,0.95
41092959,Germany,DE,pycountry_exact,0.95
41092958,Stadtroda,not found,Not found,0.0
41092958,Universität Leipzig,DE,geonames_word,0.8
41092958,Leipzig,DE,geonames_exact,0.9
41092958,Oberharz am Brocken,BE,geonames_word,0.8
41092958,Mittweida,DE,geonames_exact,0.9
41092957,Laatzen,DE,geonames_exact,0.9
41092957,Universität Hildesheim,DE,geonames_word,0.8
41092957,Medizinische Hochschule Hannover,DE,geonames_word,0.8
41092956,Universitätsmedizin Rostock,DE,geonames_word,0.8
41092956,Universität Kassel,DE,geonames_word,0.8
41092956,Schweiz,CH,dictionary_exact,1.0
41092956,Universität Leipzig,DE,geonames_word,0.8
41092956,Universitätsmedizin der Johannes Gutenberg-Universität Mainz,DE,geonames_word,0.8
41092954,Berlin,DE,pycountry_exact,0.95
41092954,Medizinisches Versorgungszentrum (MVZ) COAGUMED Gerinnungszentrum Berlin und,AF,geonames_word,0.8
41092954,Brandenburg an der Havel,DE,geonames_exact,0.9
41092932,Deutschland,DE,dictionary_exact,1.0
41092932,Deutschland,DE,dictionary_exact,1.0
41092932,Deutschland,DE,dictionary_exact,1.0
41092932,Deutschland,DE,dictionary_exact,1.0
41092931,Deutschland,DE,dictionary_exact,1.0
41092918,Deutschland,DE,dictionary_exact,1.0
41092918,Deutschland,DE,dictionary_exact,1.0
41092918,Poland,PL,pycountry_exact,0.95
41092917,Justus-Liebig-Universität Gießen,DE,geonames_word,0.8
41092917,Erlangen,DE,geonames_exact,0.9
41092917,Koblenz,DE,geonames_exact,0.9
41092917,Ludwig-Maximilians-Universität München,DE,geonames_word,0.8
41092917,Aulendorf,not found,Not found,0.0
41092917,Rostock,DE,geonames_exact,0.9
41092917,Bad Langensalza,DE,geonames_exact,0.9
41092917,Bochum,DE,geonames_exact,0.9
41092917,Freiburg,CH,geonames_exact,0.9
41092917,Stuttgart,DE,geonames_exact,0.9
41092917,Freie Universität Berlin,DE,geonames_word,0.8
41092917,Justus-Liebig-Universität Gießen,DE,geonames_word,0.8
41092917,Detmold,DE,geonames_exact,0.9
41092916,Universität Leipzig,DE,geonames_word,0.8
41092915,Österreich,AT,dictionary_exact,1.0
41092915,Österreich,AT,dictionary_exact,1.0
41092915,Deutschland,DE,dictionary_exact,1.0
41092914,Sankt Augustin,DE,geonames_exact,0.9
41092913,Ludwig-Maximilians-Universität München,DE,geonames_word,0.8
41092912,Freie Universität Berlin,DE,geonames_word,0.8
41092912,Freie Universität Berlin,DE,geonames_word,0.8
41092912,Freie Universität Berlin,DE,geonames_word,0.8
41092912,Freie Universität Berlin,DE,geonames_word,0.8
41091151,Deutschland,DE,dictionary_exact,1.0
41091151,Deutschland,DE,dictionary_exact,1.0
41091151,Deutschland,DE,dictionary_exact,1.0
41091151,Deutschland,DE,dictionary_exact,1.0
41091151,Deutschland,DE,dictionary_exact,1.0
41091150,Deutschland,DE,dictionary_exact,1.0
41091150,Deutschland,DE,dictionary_exact,1.0
41087766,Deutschland,DE,dictionary_exact,1.0
41087766,Deutschland,DE,dictionary_exact,1.0
41087766,Deutschland,DE,dictionary_exact,1.0
41087766,Deutschland,DE,dictionary_exact,1.0
41087766,Deutschland,DE,dictionary_exact,1.0
41087766,Deutschland,DE,dictionary_exact,1.0
41087766,Deutschland,DE,dictionary_exact,1.0
41087708,Deutschland,DE,dictionary_exact,1.0
41087708,Deutschland,DE,dictionary_exact,1.0
41087708,Deutschland,DE,dictionary_exact,1.0
41087708,Deutschland,DE,dictionary_exact,1.0
41087246,Deutschland,DE,dictionary_exact,1.0
41087246,Deutschland,DE,dictionary_exact,1.0
41087246,Deutschland,DE,dictionary_exact,1.0
41087246,Deutschland,DE,dictionary_exact,1.0
41086827,Berlin,DE,pycountry_exact,0.95
41086827,Berlin,DE,pycountry_exact,0.95
41086827,Hannover,DE,geonames_exact,0.9
41086827,Hannover,DE,geonames_exact,0.9
41086827,München,DE,geonames_exact,0.9
41086827,Großhansdorf,not found,Not found,0.0
41086827,Großhansdorf,not found,Not found,0.0
41086827,Hamburg,DE,pycountry_exact,0.95
41086827,Hamburg,DE,pycountry_exact,0.95
41086827,Lunzenau,not found,Not found,0.0
41086827,Dresden,DE,geonames_exact,0.9
41086827,Immenhausen,not found,Not found,0.0
41086827,Göttingen,DE,geonames_exact,0.9
41086827,Stuttgart,DE,geonames_exact,0.9
41086827,Berlin,DE,pycountry_exact,0.95
41086827,Stuttgart,DE,geonames_exact,0.9
41086827,Heidelberg,DE,geonames_exact,0.9
41086827,Mannheim,DE,geonames_exact,0.9
41086820,Germany,DE,pycountry_exact,0.95
41085648,Deutschland,DE,dictionary_exact,1.0
41085648,Deutschland,DE,dictionary_exact,1.0
41085648,Deutschland,DE,dictionary_exact,1.0
41085648,Deutschland,DE,dictionary_exact,1.0
41085647,Deutschland,DE,dictionary_exact,1.0
41085647,Deutschland,DE,dictionary_exact,1.0
41085647,Deutschland,DE,dictionary_exact,1.0
41085647,Deutschland,DE,dictionary_exact,1.0
41085647,Deutschland,DE,dictionary_exact,1.0
41085647,Deutschland,DE,dictionary_exact,1.0
41085647,Deutschland,DE,dictionary_exact,1.0
41085647,Deutschland,DE,dictionary_exact,1.0
41085647,Deutschland,DE,dictionary_exact,1.0
41085586,Deutschland,DE,dictionary_exact,1.0
41085586,Deutschland,DE,dictionary_exact,1.0
41083744,Deutschland,DE,dictionary_exact,1.0
41083744,Deutschland,DE,dictionary_exact,1.0
41082899,Germany,DE,pycountry_exact,0.95
41082899,Germany,DE,pycountry_exact,0.95
41082898,Germany,DE,pycountry_exact,0.95
41082898,Germany,DE,pycountry_exact,0.95
41082878,Heinrich-Heine Universität Düsseldorf,DE,geonames_word,0.8
41082878,Kliniken der Heinrich-Heine Universität Düsseldorf,DE,geonames_word,0.8
41082878,Universitätsklinikum Heidelberg,DE,geonames_word,0.8
41082874,Justus-Liebig-Universität Gießen,DE,geonames_word,0.8
41082869,Germany,DE,pycountry_exact,0.95
41082869,Germany,DE,pycountry_exact,0.95
41082868,Abteilung Neonatologie,not found,Not found,0.0
41082867,Universitätsklinikum Heidelberg,DE,geonames_word,0.8
41082866,Österreich,AT,dictionary_exact,1.0
41082866,Deutschland,DE,dictionary_exact,1.0
41082866,Deutschland,DE,dictionary_exact,1.0
41082866,Deutschland,DE,dictionary_exact,1.0
41082866,Deutschland,DE,dictionary_exact,1.0
41082866,Deutschland,DE,dictionary_exact,1.0
41082865,Universitätsklinikum Eppendorf (UKE),DE,geonames_word,0.8
41081872,Deutschland,DE,dictionary_exact,1.0
41081872,Deutschland,DE,dictionary_exact,1.0
41081872,Deutschland,DE,dictionary_exact,1.0
41081872,Deutschland,DE,dictionary_exact,1.0
41081872,Deutschland,DE,dictionary_exact,1.0
41081872,Deutschland,DE,dictionary_exact,1.0
41081833,Deutschland,DE,dictionary_exact,1.0
41081833,Deutschland,DE,dictionary_exact,1.0
41081833,Deutschland,DE,dictionary_exact,1.0
41081832,Deutschland,DE,dictionary_exact,1.0
41081832,Deutschland,DE,dictionary_exact,1.0
41081794,Deutschland,DE,dictionary_exact,1.0
41081794,Deutschland,DE,dictionary_exact,1.0
41081794,Deutschland,DE,dictionary_exact,1.0
41081794,Deutschland,DE,dictionary_exact,1.0
41081794,Deutschland,DE,dictionary_exact,1.0
41081794,Deutschland,DE,dictionary_exact,1.0
41076599,Deutschland,DE,dictionary_exact,1.0
41076599,Deutschland,DE,dictionary_exact,1.0
41073609,Deutschland,DE,dictionary_exact,1.0
41073609,Deutschland,DE,dictionary_exact,1.0
41073530,Deutschland,DE,dictionary_exact,1.0
41073530,Deutschland,DE,dictionary_exact,1.0
41073530,Deutschland,DE,dictionary_exact,1.0
41073530,Deutschland,DE,dictionary_exact,1.0
41072470,Homburg,DE,geonames_exact,0.9
41072470,Homburg,DE,geonames_exact,0.9
41072470,Saarbrücken,DE,geonames_exact,0.9
41072470,Saarbrücken,DE,geonames_exact,0.9
41072470,Wiesbaden,DE,geonames_exact,0.9
41072424,Deutschland,DE,dictionary_exact,1.0
41072424,Deutschland,DE,dictionary_exact,1.0
41072422,Deutschland,DE,dictionary_exact,1.0
41072422,Deutschland,DE,dictionary_exact,1.0
41072422,Deutschland,DE,dictionary_exact,1.0
41072422,Deutschland,DE,dictionary_exact,1.0
41072422,Österreich,AT,dictionary_exact,1.0
41071321,Großbritannien,GB,dictionary_exact,1.0
41071321,Großbritannien,GB,dictionary_exact,1.0
41071320,Deutschland,DE,dictionary_exact,1.0
41071320,Deutschland,DE,dictionary_exact,1.0
41071317,Deutschland,DE,dictionary_exact,1.0
41071317,Deutschland,DE,dictionary_exact,1.0
41071289,Deutschland,DE,dictionary_exact,1.0
41071289,Deutschland,DE,dictionary_exact,1.0
41071288,Deutschland,DE,dictionary_exact,1.0
41071288,Deutschland,DE,dictionary_exact,1.0
41071279,Deutschland,DE,dictionary_exact,1.0
41071277,Deutschland,DE,dictionary_exact,1.0
41071277,Deutschland,DE,dictionary_exact,1.0
41071249,Deutschland,DE,dictionary_exact,1.0
41071248,Deutschland,DE,dictionary_exact,1.0
41071248,Deutschland,DE,dictionary_exact,1.0
41071248,Deutschland,DE,dictionary_exact,1.0
41071244,Deutschland,DE,dictionary_exact,1.0
41071244,Deutschland,DE,dictionary_exact,1.0
41068515,Deutschland,DE,dictionary_exact,1.0
41068515,Deutschland,DE,dictionary_exact,1.0
41068502,Deutschland,DE,dictionary_exact,1.0
41068502,Deutschland,DE,dictionary_exact,1.0
41068495,Deutschland,DE,dictionary_exact,1.0
41068495,Deutschland,DE,dictionary_exact,1.0
41068495,Deutschland,DE,dictionary_exact,1.0
41068409,Deutschland,DE,dictionary_exact,1.0
41068408,Deutschland,DE,dictionary_exact,1.0
41068407,Deutschland,DE,dictionary_exact,1.0
41068406,Deutschland,DE,dictionary_exact,1.0
41068405,Deutschland,DE,dictionary_exact,1.0
41068404,Deutschland,DE,dictionary_exact,1.0
41068403,Deutschland,DE,dictionary_exact,1.0
41068402,Deutschland,DE,dictionary_exact,1.0
41068401,Deutschland,DE,dictionary_exact,1.0
41068400,Deutschland,DE,dictionary_exact,1.0
41068400,Deutschland,DE,dictionary_exact,1.0
41068400,Deutschland,DE,dictionary_exact,1.0
41068399,Deutschland,DE,dictionary_exact,1.0
41068399,Deutschland,DE,dictionary_exact,1.0
41068399,Deutschland,DE,dictionary_exact,1.0
41068398,Deutschland,DE,dictionary_exact,1.0
41068398,Deutschland,DE,dictionary_exact,1.0
41068397,Deutschland,DE,dictionary_exact,1.0
41068397,Deutschland,DE,dictionary_exact,1.0
41068397,Deutschland,DE,dictionary_exact,1.0
41068397,Deutschland,DE,dictionary_exact,1.0
41068396,Deutschland,DE,dictionary_exact,1.0
41068396,Deutschland,DE,dictionary_exact,1.0
41068396,Deutschland,DE,dictionary_exact,1.0
41068396,Deutschland,DE,dictionary_exact,1.0
41068396,Deutschland,DE,dictionary_exact,1.0
41068396,Deutschland,DE,dictionary_exact,1.0
41068396,Deutschland,DE,dictionary_exact,1.0
41068396,Deutschland,DE,dictionary_exact,1.0
41068395,Deutschland,DE,dictionary_exact,1.0
41068394,Deutschland,DE,dictionary_exact,1.0
41068393,Deutschland,DE,dictionary_exact,1.0
41068392,Deutschland,DE,dictionary_exact,1.0
41068391,Deutschland,DE,dictionary_exact,1.0
41068390,Deutschland,DE,dictionary_exact,1.0
41068389,Deutschland,DE,dictionary_exact,1.0
41068388,Deutschland,DE,dictionary_exact,1.0
41068387,Deutschland,DE,dictionary_exact,1.0
41068386,Deutschland,DE,dictionary_exact,1.0
41068385,Deutschland,DE,dictionary_exact,1.0
41068384,Deutschland,DE,dictionary_exact,1.0
41068383,Deutschland,DE,dictionary_exact,1.0
41068382,Deutschland,DE,dictionary_exact,1.0
41068381,Deutschland,DE,dictionary_exact,1.0
41068380,Deutschland,DE,dictionary_exact,1.0
41068379,Deutschland,DE,dictionary_exact,1.0
41068378,Deutschland,DE,dictionary_exact,1.0
41068377,Deutschland,DE,dictionary_exact,1.0
41068376,Deutschland,DE,dictionary_exact,1.0
41068376,Deutschland,DE,dictionary_exact,1.0
41068375,Deutschland,DE,dictionary_exact,1.0
41068374,Deutschland,DE,dictionary_exact,1.0
41068373,Deutschland,DE,dictionary_exact,1.0
41068372,Deutschland,DE,dictionary_exact,1.0
41068371,Deutschland,DE,dictionary_exact,1.0
41068370,Deutschland,DE,dictionary_exact,1.0
41068370,Deutschland,DE,dictionary_exact,1.0
41068370,Deutschland,DE,dictionary_exact,1.0
41068369,Deutschland,DE,dictionary_exact,1.0
41068368,Deutschland,DE,dictionary_exact,1.0
41067258,Germany,DE,pycountry_exact,0.95
41067258,Germany,DE,pycountry_exact,0.95
41067258,Germany,DE,pycountry_exact,0.95
41067244,Germany,DE,pycountry_exact,0.95
41067244,Germany,DE,pycountry_exact,0.95
41065816,Deutschland,DE,dictionary_exact,1.0
41065816,Deutschland,DE,dictionary_exact,1.0
41065815,Deutschland,DE,dictionary_exact,1.0
41065815,Deutschland,DE,dictionary_exact,1.0
41065815,Deutschland,DE,dictionary_exact,1.0
41065810,Österreich,AT,dictionary_exact,1.0
41065810,Österreich,AT,dictionary_exact,1.0
41065810,Österreich,AT,dictionary_exact,1.0
41065809,Deutschland,DE,dictionary_exact,1.0
41065808,Deutschland,DE,dictionary_exact,1.0
41065808,Deutschland,DE,dictionary_exact,1.0
41065808,Deutschland,DE,dictionary_exact,1.0
41065802,Deutschland,DE,dictionary_exact,1.0
41065802,Deutschland,DE,dictionary_exact,1.0
41065802,Deutschland,DE,dictionary_exact,1.0
41065795,Deutschland,DE,dictionary_exact,1.0
41065795,Deutschland,DE,dictionary_exact,1.0
41065784,Deutschland,DE,dictionary_exact,1.0
41065784,Deutschland,DE,dictionary_exact,1.0
41065784,Deutschland,DE,dictionary_exact,1.0
41065784,Deutschland,DE,dictionary_exact,1.0
41065784,Deutschland,DE,dictionary_exact,1.0
41065784,Deutschland,DE,dictionary_exact,1.0
41065784,Deutschland,DE,dictionary_exact,1.0
41065784,Deutschland,DE,dictionary_exact,1.0
41065784,Deutschland,DE,dictionary_exact,1.0
41065784,Deutschland,DE,dictionary_exact,1.0
41065784,Deutschland,DE,dictionary_exact,1.0
41065784,Deutschland,DE,dictionary_exact,1.0
41065784,Deutschland,DE,dictionary_exact,1.0
41065784,Deutschland,DE,dictionary_exact,1.0
41063656,Switzerland,CH,pycountry_exact,0.95
41063656,Deutschland,DE,dictionary_exact,1.0
41063656,Schweiz,CH,dictionary_exact,1.0
41062880,Deutschland,DE,dictionary_exact,1.0
41062880,Deutschland,DE,dictionary_exact,1.0
41062880,Deutschland,DE,dictionary_exact,1.0
41062880,Deutschland,DE,dictionary_exact,1.0
41062880,Deutschland,DE,dictionary_exact,1.0
41061739,Deutschland,DE,dictionary_exact,1.0
41061737,Universitätsklinikum Leipzig,DE,geonames_word,0.8
41061737,Universitätsklinikum Leipzig,DE,geonames_word,0.8
41061737,Universitätsklinikum Leipzig,DE,geonames_word,0.8
41061737,Universitätsklinikum Leipzig,DE,geonames_word,0.8
41060411,Deutschland,DE,dictionary_exact,1.0
41060409,Deutschland,DE,dictionary_exact,1.0
41058352,Deutschland,DE,dictionary_exact,1.0
41058352,Deutschland,DE,dictionary_exact,1.0
41058352,Deutschland,DE,dictionary_exact,1.0
41057722,Deutschland,DE,dictionary_exact,1.0
41057722,Deutschland,DE,dictionary_exact,1.0
41057706,Deutschland,DE,dictionary_exact,1.0
41057706,Deutschland,DE,dictionary_exact,1.0
41057706,Deutschland,DE,dictionary_exact,1.0
41057706,Deutschland,DE,dictionary_exact,1.0
41057648,Deutschland,DE,dictionary_exact,1.0
41057648,Serbien,RS,dictionary_exact,1.0
41057648,Deutschland,DE,dictionary_exact,1.0
41057648,Deutschland,DE,dictionary_exact,1.0
41057615,Deutschland,DE,dictionary_exact,1.0
41057615,Deutschland,DE,dictionary_exact,1.0
41056985,Germany,DE,pycountry_exact,0.95
41056985,Germany,DE,pycountry_exact,0.95
41056985,Germany,DE,pycountry_exact,0.95
41056976,Medizinische Hochschule Hannover,DE,geonames_word,0.8
41056976,Leibniz Universität Hannover,DE,geonames_word,0.8
41056976,Hannover,DE,geonames_exact,0.9
41056975,Germany,DE,pycountry_exact,0.95
41056975,Germany,DE,pycountry_exact,0.95
41056975,Germany,DE,pycountry_exact,0.95
41056975,Germany,DE,pycountry_exact,0.95
41056974,Heidenheim an der Brenz,DE,geonames_exact,0.9
41056974,München,DE,geonames_exact,0.9
41056974,Deggendorf,DE,geonames_exact,0.9
41056974,Klinik I für Psychiatrie und Psychotherapie der Universität Ulm,DE,geonames_word,0.8
41056974,Zentrum für Psychiatrie Südwürttemberg (ZfP),not found,Not found,0.0
41056973,Germany,DE,pycountry_exact,0.95
41055741,Deutschland,DE,dictionary_exact,1.0
41055741,Deutschland,DE,dictionary_exact,1.0
41055740,Deutschland,DE,dictionary_exact,1.0
41055740,Deutschland,DE,dictionary_exact,1.0
41055739,Deutschland,DE,dictionary_exact,1.0
41055739,Deutschland,DE,dictionary_exact,1.0
41055739,Deutschland,DE,dictionary_exact,1.0
41055739,Deutschland,DE,dictionary_exact,1.0
41055739,Deutschland,DE,dictionary_exact,1.0
41055705,Deutschland,DE,dictionary_exact,1.0
41055705,Deutschland,DE,dictionary_exact,1.0
41055705,Deutschland,DE,dictionary_exact,1.0
41055704,Deutschland,DE,dictionary_exact,1.0
41055694,Deutschland,DE,dictionary_exact,1.0
41055694,Deutschland,DE,dictionary_exact,1.0
41055643,Deutschland,DE,dictionary_exact,1.0
41055643,Österreich,AT,dictionary_exact,1.0
41053378,Österreich,AT,dictionary_exact,1.0
41053378,Österreich,AT,dictionary_exact,1.0
41053378,Österreich,AT,dictionary_exact,1.0
41053279,Deutschland,DE,dictionary_exact,1.0
41053279,Deutschland,DE,dictionary_exact,1.0
41052626,Deutschland,DE,dictionary_exact,1.0
41052542,Germany,DE,pycountry_exact,0.95
41052542,Germany,DE,pycountry_exact,0.95
41052542,Portugal,PT,dictionary_exact,1.0
41052541,Germany,DE,pycountry_exact,0.95
41052541,Germany,DE,pycountry_exact,0.95
41052541,Germany,DE,pycountry_exact,0.95
41052536,Deutschland,DE,dictionary_exact,1.0
41052536,Deutschland,DE,dictionary_exact,1.0
41052536,Deutschland,DE,dictionary_exact,1.0
41052536,Deutschland,DE,dictionary_exact,1.0
41052536,Deutschland,DE,dictionary_exact,1.0
41052535,Deutschland,DE,dictionary_exact,1.0
41052535,Deutschland,DE,dictionary_exact,1.0
41052535,Deutschland,DE,dictionary_exact,1.0
41052535,Deutschland,DE,dictionary_exact,1.0
41052535,Deutschland,DE,dictionary_exact,1.0
41052535,Deutschland,DE,dictionary_exact,1.0
41052535,Deutschland,DE,dictionary_exact,1.0
41052535,Deutschland,DE,dictionary_exact,1.0
41052535,Deutschland,DE,dictionary_exact,1.0
41052535,Österreich,AT,dictionary_exact,1.0
41052534,Deutschland,DE,dictionary_exact,1.0
41052534,Deutschland,DE,dictionary_exact,1.0
41052534,Deutschland,DE,dictionary_exact,1.0
41052534,Deutschland,DE,dictionary_exact,1.0
41052534,Deutschland,DE,dictionary_exact,1.0
41052534,Schweiz,CH,dictionary_exact,1.0
41052534,Deutschland,DE,dictionary_exact,1.0
41052534,Deutschland,DE,dictionary_exact,1.0
41052533,Deutschland,DE,dictionary_exact,1.0
41052533,Deutschland,DE,dictionary_exact,1.0
41052533,Österreich,AT,dictionary_exact,1.0
41052533,USA,US,dictionary_exact,1.0
41052533,Deutschland,DE,dictionary_exact,1.0
41052533,USA,US,dictionary_exact,1.0
41052533,Deutschland,DE,dictionary_exact,1.0
41052533,Deutschland,DE,dictionary_exact,1.0
41052533,Deutschland,DE,dictionary_exact,1.0
41052533,Deutschland,DE,dictionary_exact,1.0
41052533,Deutschland,DE,dictionary_exact,1.0
41052533,Deutschland,DE,dictionary_exact,1.0
41052533,Deutschland,DE,dictionary_exact,1.0
41052533,Recklinghausen,DE,geonames_exact,0.9
41052533,Deutschland,DE,dictionary_exact,1.0
41052533,Deutschland,DE,dictionary_exact,1.0
41052533,Deutschland,DE,dictionary_exact,1.0
41052532,Deutschland,DE,dictionary_exact,1.0
41052532,Deutschland,DE,dictionary_exact,1.0
41052532,Deutschland,DE,dictionary_exact,1.0
41052532,Deutschland,DE,dictionary_exact,1.0
41052532,Deutschland,DE,dictionary_exact,1.0
41052532,Deutschland,DE,dictionary_exact,1.0
41052532,Deutschland,DE,dictionary_exact,1.0
41052532,Deutschland,DE,dictionary_exact,1.0
41052532,Deutschland,DE,dictionary_exact,1.0
41052532,Schweiz,CH,dictionary_exact,1.0
41052532,Deutschland,DE,dictionary_exact,1.0
41052532,UKE Hamburg,DE,geonames_word,0.8
41052532,Deutschland,DE,dictionary_exact,1.0
41052532,Deutschland,DE,dictionary_exact,1.0
41052532,Deutschland,DE,dictionary_exact,1.0
41052532,Deutschland,DE,dictionary_exact,1.0
41052532,Deutschland,DE,dictionary_exact,1.0
41052532,Deutschland,DE,dictionary_exact,1.0
41052531,Deutschland,DE,dictionary_exact,1.0
41052531,Österreich,AT,dictionary_exact,1.0
41052531,Deutschland,DE,dictionary_exact,1.0
41052531,Deutschland,DE,dictionary_exact,1.0
41052531,Deutschland,DE,dictionary_exact,1.0
41052531,Deutschland,DE,dictionary_exact,1.0
41052531,Deutschland,DE,dictionary_exact,1.0
41052531,Deutschland,DE,dictionary_exact,1.0
41052531,Deutschland,DE,dictionary_exact,1.0
41052531,Schweiz,CH,dictionary_exact,1.0
41052531,Deutschland,DE,dictionary_exact,1.0
41052531,Österreich,AT,dictionary_exact,1.0
41052531,Deutschland,DE,dictionary_exact,1.0
41052530,Schweiz,CH,dictionary_exact,1.0
41052530,Deutschland,DE,dictionary_exact,1.0
41052530,Deutschland,DE,dictionary_exact,1.0
41052530,Deutschland,DE,dictionary_exact,1.0
41052530,Deutschland,DE,dictionary_exact,1.0
41052530,Österreich,AT,dictionary_exact,1.0
41052530,Österreich,AT,dictionary_exact,1.0
41052530,Italien,IT,dictionary_exact,1.0
41052530,Deutschland,DE,dictionary_exact,1.0
41052529,Deutschland,DE,dictionary_exact,1.0
41052529,Deutschland,DE,dictionary_exact,1.0
41052529,Deutschland,DE,dictionary_exact,1.0
41052529,Deutschland,DE,dictionary_exact,1.0
41052529,Deutschland,DE,dictionary_exact,1.0
41052529,Deutschland,DE,dictionary_exact,1.0
41052529,Deutschland,DE,dictionary_exact,1.0
41052529,Deutschland,DE,dictionary_exact,1.0
41052529,Österreich,AT,dictionary_exact,1.0
41052529,Deutschland,DE,dictionary_exact,1.0
41052529,Deutschland,DE,dictionary_exact,1.0
41052529,Schweiz,CH,dictionary_exact,1.0
41052528,Deutschland,DE,dictionary_exact,1.0
41052528,Deutschland,DE,dictionary_exact,1.0
41052528,Deutschland,DE,dictionary_exact,1.0
41052528,Österreich,AT,dictionary_exact,1.0
41052528,Deutschland,DE,dictionary_exact,1.0
41052528,Deutschland,DE,dictionary_exact,1.0
41052528,Schweiz,CH,dictionary_exact,1.0
41052528,Deutschland,DE,dictionary_exact,1.0
41052527,Deutschland,DE,dictionary_exact,1.0
41052527,Deutschland,DE,dictionary_exact,1.0
41052527,Deutschland,DE,dictionary_exact,1.0
41052527,Österreich,AT,dictionary_exact,1.0
41052527,Deutschland,DE,dictionary_exact,1.0
41052527,Deutschland,DE,dictionary_exact,1.0
41052527,Schweiz,CH,dictionary_exact,1.0
41052527,Deutschland,DE,dictionary_exact,1.0
41052526,Österreich,AT,dictionary_exact,1.0
41052526,Deutschland,DE,dictionary_exact,1.0
41052526,Deutschland,DE,dictionary_exact,1.0
41052526,Deutschland,DE,dictionary_exact,1.0
41052526,USA,US,dictionary_exact,1.0
41052526,Schweiz,CH,dictionary_exact,1.0
41052526,Deutschland,DE,dictionary_exact,1.0
41052526,Deutschland,DE,dictionary_exact,1.0
41052526,Deutschland,DE,dictionary_exact,1.0
41052526,Mitglied des Deutschen Zentrums für Lungenforschung (DZL),RO,geonames_word,0.8
41052526,Deutschland,DE,dictionary_exact,1.0
41052526,Deutschland,DE,dictionary_exact,1.0
41052525,Deutschland,DE,dictionary_exact,1.0
41052525,Deutschland,DE,dictionary_exact,1.0
41052525,Deutschland,DE,dictionary_exact,1.0
41052525,Schweiz,CH,dictionary_exact,1.0
41052525,Österreich,AT,dictionary_exact,1.0
41052525,Deutschland,DE,dictionary_exact,1.0
41052525,Deutschland,DE,dictionary_exact,1.0
41052524,Deutschland,DE,dictionary_exact,1.0
41052524,Deutschland,DE,dictionary_exact,1.0
41052524,Österreich,AT,dictionary_exact,1.0
41052524,Deutschland,DE,dictionary_exact,1.0
41052524,Deutschland,DE,dictionary_exact,1.0
41052524,Deutschland,DE,dictionary_exact,1.0
41052524,Germany,DE,pycountry_exact,0.95
41052524,Austria,AT,pycountry_exact,0.95
41052524,USA,US,dictionary_exact,1.0
41052524,Deutschland,DE,dictionary_exact,1.0
41052524,Deutschland,DE,dictionary_exact,1.0
41052524,Deutschland,DE,dictionary_exact,1.0
41052524,Deutschland,DE,dictionary_exact,1.0
41052523,Deutschland,DE,dictionary_exact,1.0
41051563,Deutschland,DE,dictionary_exact,1.0
41051563,Deutschland,DE,dictionary_exact,1.0
41051522,Deutschland,DE,dictionary_exact,1.0
41051522,Deutschland,DE,dictionary_exact,1.0
41051518,Deutschland,DE,dictionary_exact,1.0
41051518,Deutschland,DE,dictionary_exact,1.0
41051518,Deutschland,DE,dictionary_exact,1.0
41051517,Deutschland,DE,dictionary_exact,1.0
41051517,Deutschland,DE,dictionary_exact,1.0
41051517,Deutschland,DE,dictionary_exact,1.0
41051517,Deutschland,DE,dictionary_exact,1.0
41051517,Deutschland,DE,dictionary_exact,1.0
41051517,Deutschland,DE,dictionary_exact,1.0
41051516,Deutschland,DE,dictionary_exact,1.0
41051516,Deutschland,DE,dictionary_exact,1.0
41051514,Deutschland,DE,dictionary_exact,1.0
41051514,Deutschland,DE,dictionary_exact,1.0
41051514,Deutschland,DE,dictionary_exact,1.0
41051508,Deutschland,DE,dictionary_exact,1.0
41051508,Deutschland,DE,dictionary_exact,1.0
41051505,Deutschland,DE,dictionary_exact,1.0
41051503,Deutschland,DE,dictionary_exact,1.0
41051503,Deutschland,DE,dictionary_exact,1.0
41051503,Deutschland,DE,dictionary_exact,1.0
41051503,Deutschland,DE,dictionary_exact,1.0
41051503,Deutschland,DE,dictionary_exact,1.0
41051502,Deutschland,DE,dictionary_exact,1.0
41051490,Deutschland,DE,dictionary_exact,1.0
41051490,Deutschland,DE,dictionary_exact,1.0
41051490,Deutschland,DE,dictionary_exact,1.0
41051490,Deutschland,DE,dictionary_exact,1.0
41051490,Deutschland,DE,dictionary_exact,1.0
41051489,Deutschland,DE,dictionary_exact,1.0
41051489,Deutschland,DE,dictionary_exact,1.0
41051489,Deutschland,DE,dictionary_exact,1.0
41051434,Deutschland,DE,dictionary_exact,1.0
41051433,Deutschland,DE,dictionary_exact,1.0
41051433,Deutschland,DE,dictionary_exact,1.0
41051433,Deutschland,DE,dictionary_exact,1.0
41051433,Deutschland,DE,dictionary_exact,1.0
41051433,Deutschland,DE,dictionary_exact,1.0
41051433,Deutschland,DE,dictionary_exact,1.0
41051433,Deutschland,DE,dictionary_exact,1.0
41051424,Deutschland,DE,dictionary_exact,1.0
41051424,Deutschland,DE,dictionary_exact,1.0
41051421,Deutschland,DE,dictionary_exact,1.0
41051421,Deutschland,DE,dictionary_exact,1.0
41051421,Deutschland,DE,dictionary_exact,1.0
41048100,Deutschland,DE,dictionary_exact,1.0
41048100,UK,GB,dictionary_exact,1.0
41048100,Deutschland,DE,dictionary_exact,1.0
41039132,Schweiz,CH,dictionary_exact,1.0
41039132,Schweiz,CH,dictionary_exact,1.0
41038234,Deutschland,DE,dictionary_exact,1.0
41038234,Deutschland,DE,dictionary_exact,1.0
41038233,Deutschland,DE,dictionary_exact,1.0
41038233,Deutschland,DE,dictionary_exact,1.0
41038221,Deutschland,DE,dictionary_exact,1.0
41038221,Deutschland,DE,dictionary_exact,1.0
41038219,Deutschland,DE,dictionary_exact,1.0
41038219,Deutschland,DE,dictionary_exact,1.0
41038219,Deutschland,DE,dictionary_exact,1.0
41038219,Deutschland,DE,dictionary_exact,1.0
41038172,am Main,BE,geonames_word,0.8
41038172,Bonn,DE,geonames_exact,0.9
41038172,Bleichstraße 15,not found,Not found,0.0
41038172,Frauensteige 12,not found,Not found,0.0
41038172,(Saale),not found,Not found,0.0
41038172,Haltenhoffstraße 41,FI,geonames_word,0.8
41038172,Killianstr. 5,not found,Not found,0.0
41038172,www.enp-medizinrecht.de,not found,Not found,0.0
41038172,Fetscherstraße 74,not found,Not found,0.0
41037187,Deutschland,DE,dictionary_exact,1.0
41037187,Deutschland,DE,dictionary_exact,1.0
41037143,Deutschland,DE,dictionary_exact,1.0
41037143,Deutschland,DE,dictionary_exact,1.0
41037116,Deutschland,DE,dictionary_exact,1.0
41037116,Deutschland,DE,dictionary_exact,1.0
41037115,Deutschland,DE,dictionary_exact,1.0
41037115,Deutschland,DE,dictionary_exact,1.0
41037115,Deutschland,DE,dictionary_exact,1.0
41037113,Schweiz,CH,dictionary_exact,1.0
41037113,Frankreich,FR,dictionary_exact,1.0
41037113,Niederlande,NL,dictionary_exact,1.0
41037113,Niederlande,NL,dictionary_exact,1.0
41037113,Schweiz,CH,dictionary_exact,1.0
41037112,Deutschland,DE,dictionary_exact,1.0
41037112,Deutschland,DE,dictionary_exact,1.0
41037112,Deutschland,DE,dictionary_exact,1.0
41037112,Deutschland,DE,dictionary_exact,1.0
41037111,Deutschland,DE,dictionary_exact,1.0
41037111,Deutschland,DE,dictionary_exact,1.0
41037111,Deutschland,DE,dictionary_exact,1.0
41037110,Deutschland,DE,dictionary_exact,1.0
41037110,Deutschland,DE,dictionary_exact,1.0
41037096,Österreich,AT,dictionary_exact,1.0
41037096,Österreich,AT,dictionary_exact,1.0
41037096,Deutschland,DE,dictionary_exact,1.0
41037082,Deutschland,DE,dictionary_exact,1.0
41037082,Deutschland,DE,dictionary_exact,1.0
41034594,Deutschland,DE,dictionary_exact,1.0
41034594,Österreich,AT,dictionary_exact,1.0
41034594,Schweiz,CH,dictionary_exact,1.0
41034594,Deutschland,DE,dictionary_exact,1.0
41034594,Schweiz,CH,dictionary_exact,1.0
41034594,Deutschland,DE,dictionary_exact,1.0
41034594,Deutschland,DE,dictionary_exact,1.0
41034594,Schweiz,CH,dictionary_exact,1.0
41034594,Deutschland,DE,dictionary_exact,1.0
41034594,Deutschland,DE,dictionary_exact,1.0
41034594,Slowenien,SI,dictionary_exact,1.0
41034594,Deutschland,DE,dictionary_exact,1.0
41034594,Deutschland,DE,dictionary_exact,1.0
41032165,Deutschland,DE,dictionary_exact,1.0
41032165,Deutschland,DE,dictionary_exact,1.0
41032165,Deutschland,DE,dictionary_exact,1.0
41032133,Deutschland,DE,dictionary_exact,1.0
41032133,Deutschland,DE,dictionary_exact,1.0
41032092,Deutschland,DE,dictionary_exact,1.0
41032085,Deutschland,DE,dictionary_exact,1.0
41032085,Deutschland,DE,dictionary_exact,1.0
41032085,Deutschland,DE,dictionary_exact,1.0
41032085,Deutschland,DE,dictionary_exact,1.0
41032085,Deutschland,DE,dictionary_exact,1.0
41031695,Universitätsspital Zürich,CH,geonames_word,0.8
41031695,Kantonsspital Aarau,CH,geonames_word,0.8
41031694,Zürich,CH,pycountry_exact,0.95
41031694,Medizincampus Davos,not found,Not found,0.0
41031694,Davos,not found,Not found,0.0
41031693,Zürich,CH,pycountry_exact,0.95
41031692,Schweiz,CH,dictionary_exact,1.0
41031691,Basel,CH,pycountry_exact,0.95
41031690,Aarau,CH,geonames_exact,0.9
41031690,Zürich,CH,pycountry_exact,0.95
41031689,Schweiz,CH,dictionary_exact,1.0
41031689,Schweiz,CH,dictionary_exact,1.0
41031689,Schweiz,CH,dictionary_exact,1.0
41031688,Zürich,CH,pycountry_exact,0.95
41031688,Aarau,CH,geonames_exact,0.9
41031687,Klinik Hirslanden Witellikerstrasse 40,FI,geonames_word,0.8
41026250,Deutschland,DE,dictionary_exact,1.0
41026250,Deutschland,DE,dictionary_exact,1.0
41026199,Deutschland,DE,dictionary_exact,1.0
41026181,Deutschland,DE,dictionary_exact,1.0
41026181,Deutschland,DE,dictionary_exact,1.0
41026181,Deutschland,DE,dictionary_exact,1.0
41026169,Deutschland,DE,dictionary_exact,1.0
41026168,Schweiz,CH,dictionary_exact,1.0
41026168,Schweiz,CH,dictionary_exact,1.0
41023535,Deutschland,DE,dictionary_exact,1.0
41023535,Deutschland,DE,dictionary_exact,1.0
41023535,Deutschland,DE,dictionary_exact,1.0
41023535,Deutschland,DE,dictionary_exact,1.0
41023535,Deutschland,DE,dictionary_exact,1.0
41023535,Deutschland,DE,dictionary_exact,1.0
41023535,Deutschland,DE,dictionary_exact,1.0
41023535,Deutschland,DE,dictionary_exact,1.0
41023535,Deutschland,DE,dictionary_exact,1.0
41023535,Deutschland,DE,dictionary_exact,1.0
41023535,Deutschland,DE,dictionary_exact,1.0
41023464,Deutschland,DE,dictionary_exact,1.0
41023464,Deutschland,DE,dictionary_exact,1.0
41023464,Deutschland,DE,dictionary_exact,1.0
41023464,Deutschland,DE,dictionary_exact,1.0
41023464,Deutschland,DE,dictionary_exact,1.0
41023464,Deutschland,DE,dictionary_exact,1.0
41023464,Deutschland,DE,dictionary_exact,1.0
41023464,Deutschland,DE,dictionary_exact,1.0
41023464,Deutschland,DE,dictionary_exact,1.0
41023462,Deutschland,DE,dictionary_exact,1.0
41023461,Österreich,AT,dictionary_exact,1.0
41023448,Deutschland,DE,dictionary_exact,1.0
41023448,Deutschland,DE,dictionary_exact,1.0
41023447,Deutschland,DE,dictionary_exact,1.0
41023447,Deutschland,DE,dictionary_exact,1.0
41023447,Deutschland,DE,dictionary_exact,1.0
41023447,Deutschland,DE,dictionary_exact,1.0
41023447,Deutschland,DE,dictionary_exact,1.0
41023447,Deutschland,DE,dictionary_exact,1.0
41023447,Deutschland,DE,dictionary_exact,1.0
41023424,Deutschland,DE,dictionary_exact,1.0
41023424,Deutschland,DE,dictionary_exact,1.0
41023417,Deutschland,DE,dictionary_exact,1.0
41023417,Deutschland,DE,dictionary_exact,1.0
41023412,Deutschland,DE,dictionary_exact,1.0
41023412,Deutschland,DE,dictionary_exact,1.0
41023412,Deutschland,DE,dictionary_exact,1.0
41023412,Deutschland,DE,dictionary_exact,1.0
41023412,Deutschland,DE,dictionary_exact,1.0
41023412,Deutschland,DE,dictionary_exact,1.0
41023412,Deutschland,DE,dictionary_exact,1.0
41023412,Deutschland,DE,dictionary_exact,1.0
41023412,Deutschland,DE,dictionary_exact,1.0
41023412,Deutschland,DE,dictionary_exact,1.0
41023275,Deutschland,DE,dictionary_exact,1.0
41023275,Deutschland,DE,dictionary_exact,1.0
41022130,Germany,DE,pycountry_exact,0.95
41022130,Germany,DE,pycountry_exact,0.95
41022130,Germany,DE,pycountry_exact,0.95
41022130,Germany,DE,pycountry_exact,0.95
41022123,Deutschland,DE,dictionary_exact,1.0
41022123,Deutschland,DE,dictionary_exact,1.0
41022123,Deutschland,DE,dictionary_exact,1.0
41022123,Deutschland,DE,dictionary_exact,1.0
41022123,Deutschland,DE,dictionary_exact,1.0
41022120,Mannheim,DE,geonames_exact,0.9
41022120,Bad Schönborn,TG,geonames_word,0.8
41022114,Germany,DE,pycountry_exact,0.95
41022114,Germany,DE,pycountry_exact,0.95
41022114,Germany,DE,pycountry_exact,0.95
41022114,Germany,DE,pycountry_exact,0.95
41022114,Germany,DE,pycountry_exact,0.95
41022114,Germany,DE,pycountry_exact,0.95
41022114,Germany,DE,pycountry_exact,0.95
41022114,Germany,DE,pycountry_exact,0.95
41022114,Germany,DE,pycountry_exact,0.95
41022114,Germany,DE,pycountry_exact,0.95
41022114,Germany,DE,pycountry_exact,0.95
41022114,Germany,DE,pycountry_exact,0.95
41022114,Germany,DE,pycountry_exact,0.95
41022114,Germany,DE,pycountry_exact,0.95
41022114,Germany,DE,pycountry_exact,0.95
41022114,Germany,DE,pycountry_exact,0.95
41022114,Germany,DE,pycountry_exact,0.95
41022114,Germany,DE,pycountry_exact,0.95
41022114,Germany,DE,pycountry_exact,0.95
41022114,Germany,DE,pycountry_exact,0.95
41022114,Germany,DE,pycountry_exact,0.95
41022114,Germany,DE,pycountry_exact,0.95
41022114,Germany,DE,pycountry_exact,0.95
41022113,Germany,DE,pycountry_exact,0.95
41022113,Germany,DE,pycountry_exact,0.95
41022113,Germany,DE,pycountry_exact,0.95
41022113,Germany,DE,pycountry_exact,0.95
41022113,Germany,DE,pycountry_exact,0.95
41022113,Germany,DE,pycountry_exact,0.95
41022113,Germany,DE,pycountry_exact,0.95
41022113,Germany,DE,pycountry_exact,0.95
41022113,Germany,DE,pycountry_exact,0.95
41022113,Germany,DE,pycountry_exact,0.95
41022113,Germany,DE,pycountry_exact,0.95
41022113,Germany,DE,pycountry_exact,0.95
41022113,Germany,DE,pycountry_exact,0.95
41022113,Germany,DE,pycountry_exact,0.95
41022113,Germany,DE,pycountry_exact,0.95
41022113,Germany,DE,pycountry_exact,0.95
41022113,Germany,DE,pycountry_exact,0.95
41022113,Germany,DE,pycountry_exact,0.95
41022113,Germany,DE,pycountry_exact,0.95
41022113,Germany,DE,pycountry_exact,0.95
41022113,Germany,DE,pycountry_exact,0.95
41022113,Germany,DE,pycountry_exact,0.95
41022107,Germany,DE,pycountry_exact,0.95
41022085,Deutschland,DE,dictionary_exact,1.0
41022085,Deutschland,DE,dictionary_exact,1.0
41022085,Österreich,AT,dictionary_exact,1.0
41022085,GERMANY,DE,pycountry_exact,0.95
41022085,Österreich,AT,dictionary_exact,1.0
41022084,Borstel,not found,Not found,0.0
41022084,Berlin,DE,pycountry_exact,0.95
41022084,München,DE,geonames_exact,0.9
41022084,GERMANY,DE,pycountry_exact,0.95
41022082,Köln,DE,geonames_exact,0.9
41022081,Universitätsklinikum Leipzig,DE,geonames_word,0.8
41022081,Universitätsklinikum Leipzig,DE,geonames_word,0.8
41022081,Universitätsklinikum Leipzig,DE,geonames_word,0.8
41022081,Leipzig,DE,geonames_exact,0.9
41021024,Österreich,AT,dictionary_exact,1.0
41021024,Österreich,AT,dictionary_exact,1.0
41021024,Österreich,AT,dictionary_exact,1.0
41021024,Österreich,AT,dictionary_exact,1.0
41021024,Österreich,AT,dictionary_exact,1.0
41021024,Österreich,AT,dictionary_exact,1.0
41021024,Österreich,AT,dictionary_exact,1.0
41021024,Österreich,AT,dictionary_exact,1.0
41021024,Österreich,AT,dictionary_exact,1.0
41021024,Österreich,AT,dictionary_exact,1.0
41021024,Österreich,AT,dictionary_exact,1.0
41021024,Österreich,AT,dictionary_exact,1.0
41020979,Deutschland,DE,dictionary_exact,1.0
41020979,Schweiz,CH,dictionary_exact,1.0
41017611,Basel,CH,pycountry_exact,0.95
41017611,Bad Zurzach und Zürich,CH,geonames_word,0.8
41017611,Basel,CH,pycountry_exact,0.95
41017611,Basel,CH,pycountry_exact,0.95
41017611,Lugano,CH,geonames_exact,0.9
41017611,Chêne-Bourg,FR,geonames_word,0.8
41017611,Zürich,CH,pycountry_exact,0.95
41017611,Genève,CH,pycountry_exact,0.95
41017611,Solothurn,CH,pycountry_exact,0.95
41017611,Bern,CH,pycountry_exact,0.95
41017611,Basel,CH,pycountry_exact,0.95
41017611,Willigen,not found,Not found,0.0
41017611,Genève,CH,pycountry_exact,0.95
41017611,Lausanne,CH,geonames_exact,0.9
41017611,Lausanne,CH,geonames_exact,0.9
41017611,St. Gallen,CH,geonames_exact,0.9
41017611,St. Gallen,CH,geonames_exact,0.9
41017611,St. Gallen,CH,geonames_exact,0.9
41017611,Zürich,CH,pycountry_exact,0.95
41017611,Zürich,CH,pycountry_exact,0.95
41017610,Universitätsspital Zürich,CH,geonames_word,0.8
41017609,Universität Basel,CH,geonames_word,0.8
41017609,Basel,CH,pycountry_exact,0.95
41017609,Verband Physician Associates Switzerland,not found,Not found,0.0
41017609,Niederwil,not found,Not found,0.0
41017609,Universität Basel,CH,geonames_word,0.8
41017609,Universitätsspital Zürich,CH,geonames_word,0.8
41017609,Belgien,BE,dictionary_exact,1.0
41017609,Universitätsspital Basel,CH,geonames_word,0.8
41017609,Universitäre Psychiatrische Kliniken Basel,CH,geonames_word,0.8
41017609,Schulthess Klinik,not found,Not found,0.0
41017609,Winterthur,CH,geonames_exact,0.9
41017609,Liestal,not found,Not found,0.0
41017609,Winterthur,CH,geonames_exact,0.9
41017609,Universitäts-Kinderspital beider Basel,CH,geonames_word,0.8
41017608,Zürich,CH,pycountry_exact,0.95
41017608,Luzern,CH,pycountry_exact,0.95
41017607,Zürich,CH,pycountry_exact,0.95
41017607,St. Gallen,CH,geonames_exact,0.9
41017606,Männedorf,not found,Not found,0.0
41017606,Meilen,not found,Not found,0.0
41017606,Männedorf,not found,Not found,0.0
41017605,St. Gallen,CH,geonames_exact,0.9
41017605,St. Gallen,CH,geonames_exact,0.9
41017605,St. Gallen,CH,geonames_exact,0.9
41017604,Zürich,CH,pycountry_exact,0.95
41017604,Zürich,CH,pycountry_exact,0.95
41017200,Deutschland,DE,dictionary_exact,1.0
41006165,Deutschland,DE,dictionary_exact,1.0
41006165,Deutschland,DE,dictionary_exact,1.0
41006134,Deutschland,DE,dictionary_exact,1.0
41005367,Schweiz,CH,dictionary_exact,1.0
41003710,Deutschland,DE,dictionary_exact,1.0
41003710,Lettland,LV,dictionary_exact,1.0
41003710,Deutschland,DE,dictionary_exact,1.0
41003710,Deutschland,DE,dictionary_exact,1.0
41003696,Deutschland,DE,dictionary_exact,1.0
41003696,Deutschland,DE,dictionary_exact,1.0
40999178,Deutschland,DE,dictionary_exact,1.0
40999177,Deutschland,DE,dictionary_exact,1.0
40999176,Deutschland,DE,dictionary_exact,1.0
40999175,Deutschland,DE,dictionary_exact,1.0
40999174,Deutschland,DE,dictionary_exact,1.0
40999173,Deutschland,DE,dictionary_exact,1.0
40999172,Deutschland,DE,dictionary_exact,1.0
40999171,Deutschland,DE,dictionary_exact,1.0
40999170,Deutschland,DE,dictionary_exact,1.0
40999169,Deutschland,DE,dictionary_exact,1.0
40999168,Deutschland,DE,dictionary_exact,1.0
40999167,Deutschland,DE,dictionary_exact,1.0
40999167,Deutschland,DE,dictionary_exact,1.0
40999166,Germany,DE,pycountry_exact,0.95
40999166,Germany,DE,pycountry_exact,0.95
40999166,Germany,DE,pycountry_exact,0.95
40999165,Österreich,AT,dictionary_exact,1.0
40999165,Österreich,AT,dictionary_exact,1.0
40999164,Deutschland,DE,dictionary_exact,1.0
40999163,Deutschland,DE,dictionary_exact,1.0
40999162,Deutschland,DE,dictionary_exact,1.0
40999161,Deutschland,DE,dictionary_exact,1.0
40999160,Deutschland,DE,dictionary_exact,1.0
40999159,Deutschland,DE,dictionary_exact,1.0
40999158,Deutschland,DE,dictionary_exact,1.0
40999157,Deutschland,DE,dictionary_exact,1.0
40999156,Deutschland,DE,dictionary_exact,1.0
40999155,Deutschland,DE,dictionary_exact,1.0
40999154,Deutschland,DE,dictionary_exact,1.0
40999153,Deutschland,DE,dictionary_exact,1.0
40999152,Deutschland,DE,dictionary_exact,1.0
40999151,Deutschland,DE,dictionary_exact,1.0
40999150,Deutschland,DE,dictionary_exact,1.0
40999149,Deutschland,DE,dictionary_exact,1.0
40999148,Deutschland,DE,dictionary_exact,1.0
40999147,Deutschland,DE,dictionary_exact,1.0
40999146,Deutschland,DE,dictionary_exact,1.0
40999145,Deutschland,DE,dictionary_exact,1.0
40999144,Deutschland,DE,dictionary_exact,1.0
40999143,Deutschland,DE,dictionary_exact,1.0
40999142,Deutschland,DE,dictionary_exact,1.0
40999141,Deutschland,DE,dictionary_exact,1.0
40999140,Deutschland,DE,dictionary_exact,1.0
40999139,Deutschland,DE,dictionary_exact,1.0
40999138,Deutschland,DE,dictionary_exact,1.0
40999137,Deutschland,DE,dictionary_exact,1.0
40999136,Deutschland,DE,dictionary_exact,1.0
40997822,Germany,DE,pycountry_exact,0.95
40997822,Germany,DE,pycountry_exact,0.95
40997822,Germany,DE,pycountry_exact,0.95
40997822,Germany,DE,pycountry_exact,0.95
40997822,Germany,DE,pycountry_exact,0.95
40997821,Germany,DE,pycountry_exact,0.95
40997821,Germany,DE,pycountry_exact,0.95
40997821,Germany,DE,pycountry_exact,0.95
40997821,Germany,DE,pycountry_exact,0.95
40997821,Germany,DE,pycountry_exact,0.95
40997821,Germany,DE,pycountry_exact,0.95
40997821,Germany,DE,pycountry_exact,0.95
40997821,Germany,DE,pycountry_exact,0.95
40997815,Kiel,DE,geonames_exact,0.9
40996535,Deutschland,DE,dictionary_exact,1.0
40996535,Deutschland,DE,dictionary_exact,1.0
40996535,Deutschland,DE,dictionary_exact,1.0
40996526,Deutschland,DE,dictionary_exact,1.0
40996526,Deutschland,DE,dictionary_exact,1.0
40996500,Deutschland,DE,dictionary_exact,1.0
40996500,Deutschland,DE,dictionary_exact,1.0
40996500,Deutschland,DE,dictionary_exact,1.0
40996500,Deutschland,DE,dictionary_exact,1.0
40996500,Deutschland,DE,dictionary_exact,1.0
40996500,Deutschland,DE,dictionary_exact,1.0
40996500,Deutschland,DE,dictionary_exact,1.0
40996500,Deutschland,DE,dictionary_exact,1.0
40996499,Deutschland,DE,dictionary_exact,1.0
40996499,Deutschland,DE,dictionary_exact,1.0
40996495,Deutschland,DE,dictionary_exact,1.0
40996495,Deutschland,DE,dictionary_exact,1.0
40996495,Deutschland,DE,dictionary_exact,1.0
40996495,Deutschland,DE,dictionary_exact,1.0
40996495,Deutschland,DE,dictionary_exact,1.0
40996495,Deutschland,DE,dictionary_exact,1.0
40996495,Deutschland,DE,dictionary_exact,1.0
40996495,Deutschland,DE,dictionary_exact,1.0
40996495,Deutschland,DE,dictionary_exact,1.0
40994078,Deutschland,DE,dictionary_exact,1.0
40994078,Deutschland,DE,dictionary_exact,1.0
40994078,Deutschland,DE,dictionary_exact,1.0
40994078,Deutschland,DE,dictionary_exact,1.0
40994077,Deutschland,DE,dictionary_exact,1.0
40994077,Deutschland,DE,dictionary_exact,1.0
40992403,Germany,DE,pycountry_exact,0.95
40991037,Deutschland,DE,dictionary_exact,1.0
40991037,Deutschland,DE,dictionary_exact,1.0
40991037,Deutschland,DE,dictionary_exact,1.0
40991037,Deutschland,DE,dictionary_exact,1.0
40991037,Deutschland,DE,dictionary_exact,1.0
40991022,Deutschland,DE,dictionary_exact,1.0
40991022,Deutschland,DE,dictionary_exact,1.0
40991022,Deutschland,DE,dictionary_exact,1.0
40991022,Deutschland,DE,dictionary_exact,1.0
40991022,Deutschland,DE,dictionary_exact,1.0
40991012,Deutschland,DE,dictionary_exact,1.0
40991010,Deutschland,DE,dictionary_exact,1.0
40991004,Deutschland,DE,dictionary_exact,1.0
40991004,Deutschland,DE,dictionary_exact,1.0
40990998,Deutschland,DE,dictionary_exact,1.0
40990998,Deutschland,DE,dictionary_exact,1.0
40990998,Schweiz,CH,dictionary_exact,1.0
40990993,Deutschland,DE,dictionary_exact,1.0
40990993,Deutschland,DE,dictionary_exact,1.0
40990990,Deutschland,DE,dictionary_exact,1.0
40990990,Deutschland,DE,dictionary_exact,1.0
40990990,Deutschland,DE,dictionary_exact,1.0
40990990,Deutschland,DE,dictionary_exact,1.0
40990990,Österreich,AT,dictionary_exact,1.0
40990990,Deutschland,DE,dictionary_exact,1.0
40990990,Deutschland,DE,dictionary_exact,1.0
40990989,Deutschland,DE,dictionary_exact,1.0
40990989,Deutschland,DE,dictionary_exact,1.0
40990989,Deutschland,DE,dictionary_exact,1.0
40990988,Deutschland,DE,dictionary_exact,1.0
40990988,Deutschland,DE,dictionary_exact,1.0
40990988,Deutschland,DE,dictionary_exact,1.0
40990976,Deutschland,DE,dictionary_exact,1.0
40990976,Deutschland,DE,dictionary_exact,1.0
40990976,Deutschland,DE,dictionary_exact,1.0
40987955,Deutschland,DE,dictionary_exact,1.0
40987955,Deutschland,DE,dictionary_exact,1.0
40987914,Deutschland,DE,dictionary_exact,1.0
40987437,Deutschland,DE,dictionary_exact,1.0
40987437,Deutschland,DE,dictionary_exact,1.0
40987437,Deutschland,DE,dictionary_exact,1.0
40987437,Deutschland,DE,dictionary_exact,1.0
40987437,Deutschland,DE,dictionary_exact,1.0
40987437,Deutschland,DE,dictionary_exact,1.0
40987433,Deutschland,DE,dictionary_exact,1.0
40987433,Deutschland,DE,dictionary_exact,1.0
40987433,Deutschland,DE,dictionary_exact,1.0
40987433,Deutschland,DE,dictionary_exact,1.0
40987433,Deutschland,DE,dictionary_exact,1.0
40986071,Deutschland,DE,dictionary_exact,1.0
40986071,Deutschland,DE,dictionary_exact,1.0
40986070,Österreich,AT,dictionary_exact,1.0
40986070,Österreich,AT,dictionary_exact,1.0
40986070,Österreich,AT,dictionary_exact,1.0
40986069,Deutschland,DE,dictionary_exact,1.0
40986068,Deutschland,DE,dictionary_exact,1.0
40986068,Belgien,BE,dictionary_exact,1.0
40986055,Deutschland,DE,dictionary_exact,1.0
40986055,Deutschland,DE,dictionary_exact,1.0
40986024,Deutschland,DE,dictionary_exact,1.0
40986021,Österreich,AT,dictionary_exact,1.0
40986019,Deutschland,DE,dictionary_exact,1.0
40986019,Deutschland,DE,dictionary_exact,1.0
40986019,Deutschland,DE,dictionary_exact,1.0
40986019,Deutschland,DE,dictionary_exact,1.0
40986019,Deutschland,DE,dictionary_exact,1.0
40986019,Deutschland,DE,dictionary_exact,1.0
40986019,Deutschland,DE,dictionary_exact,1.0
40986019,Deutschland,DE,dictionary_exact,1.0
40986019,Deutschland,DE,dictionary_exact,1.0
40986019,Deutschland,DE,dictionary_exact,1.0
40986019,Deutschland,DE,dictionary_exact,1.0
40986019,Deutschland,DE,dictionary_exact,1.0
40986019,Deutschland,DE,dictionary_exact,1.0
40986019,Deutschland,DE,dictionary_exact,1.0
40986019,Deutschland,DE,dictionary_exact,1.0
40986014,Deutschland,DE,dictionary_exact,1.0
40986014,Deutschland,DE,dictionary_exact,1.0
40986014,Deutschland,DE,dictionary_exact,1.0
40986012,Niederlande,NL,dictionary_exact,1.0
40986012,Niederlande,NL,dictionary_exact,1.0
40986012,Österreich,AT,dictionary_exact,1.0
40986012,Österreich,AT,dictionary_exact,1.0
40986009,Deutschland,DE,dictionary_exact,1.0
40986009,Deutschland,DE,dictionary_exact,1.0
40986006,Deutschland,DE,dictionary_exact,1.0
40986006,Deutschland,DE,dictionary_exact,1.0
40985054,Schweiz,CH,dictionary_exact,1.0
40985053,Schweiz,CH,dictionary_exact,1.0
40983097,Deutschland,DE,dictionary_exact,1.0
40983097,Deutschland,DE,dictionary_exact,1.0
40983092,Deutschland,DE,dictionary_exact,1.0
40983092,Deutschland,DE,dictionary_exact,1.0
40983092,Deutschland,DE,dictionary_exact,1.0
40983092,Deutschland,DE,dictionary_exact,1.0
40983092,Deutschland,DE,dictionary_exact,1.0
40982081,Deutschland,DE,dictionary_exact,1.0
40982081,Deutschland,DE,dictionary_exact,1.0
40982074,Österreich,AT,dictionary_exact,1.0
40982074,Österreich,AT,dictionary_exact,1.0
40982074,Österreich,AT,dictionary_exact,1.0
40982074,Österreich,AT,dictionary_exact,1.0
40982074,Österreich,AT,dictionary_exact,1.0
40982054,Deutschland,DE,dictionary_exact,1.0
40982054,Deutschland,DE,dictionary_exact,1.0
40982053,Österreich,AT,dictionary_exact,1.0
40982053,Österreich,AT,dictionary_exact,1.0
40982035,Deutschland,DE,dictionary_exact,1.0
40982035,Deutschland,DE,dictionary_exact,1.0
40982033,Deutschland,DE,dictionary_exact,1.0
40982033,Deutschland,DE,dictionary_exact,1.0
40982033,Deutschland,DE,dictionary_exact,1.0
40982028,Deutschland,DE,dictionary_exact,1.0
40982023,Deutschland,DE,dictionary_exact,1.0
40982023,Deutschland,DE,dictionary_exact,1.0
40982017,Deutschland,DE,dictionary_exact,1.0
40982008,Deutschland,DE,dictionary_exact,1.0
40982006,Deutschland,DE,dictionary_exact,1.0
40981995,Schweiz,CH,dictionary_exact,1.0
40981995,Schweiz,CH,dictionary_exact,1.0
40981995,Schweiz,CH,dictionary_exact,1.0
40981995,Schweiz,CH,dictionary_exact,1.0
40981995,Schweiz,CH,dictionary_exact,1.0
40981995,Schweiz,CH,dictionary_exact,1.0
40981995,Schweiz,CH,dictionary_exact,1.0
40981995,Schweiz,CH,dictionary_exact,1.0
40981995,Schweiz,CH,dictionary_exact,1.0
40981995,Deutschland,DE,dictionary_exact,1.0
40981995,Deutschland,DE,dictionary_exact,1.0
40981995,Schweiz,CH,dictionary_exact,1.0
40981995,Schweiz,CH,dictionary_exact,1.0
40981995,Schweiz,CH,dictionary_exact,1.0
40981994,Deutschland,DE,dictionary_exact,1.0
40981994,Deutschland,DE,dictionary_exact,1.0
40981994,Deutschland,DE,dictionary_exact,1.0
40981985,Deutschland,DE,dictionary_exact,1.0
40981985,Deutschland,DE,dictionary_exact,1.0
40981985,Deutschland,DE,dictionary_exact,1.0
40981984,Deutschland,DE,dictionary_exact,1.0
40981984,Deutschland,DE,dictionary_exact,1.0
40981983,Deutschland,DE,dictionary_exact,1.0
40981983,Deutschland,DE,dictionary_exact,1.0
40974541,Deutschland,DE,dictionary_exact,1.0
40974541,Deutschland,DE,dictionary_exact,1.0
40974401,Deutschland,DE,dictionary_exact,1.0
40974401,Deutschland,DE,dictionary_exact,1.0
40974401,Deutschland,DE,dictionary_exact,1.0
40974401,Deutschland,DE,dictionary_exact,1.0
40974401,Deutschland,DE,dictionary_exact,1.0
40972641,Germany,DE,pycountry_exact,0.95
40972641,United States,US,dictionary_exact,1.0
40972641,Germany,DE,pycountry_exact,0.95
40972641,Switzerland,CH,pycountry_exact,0.95
40972639,Germany,DE,pycountry_exact,0.95
40972639,Germany,DE,pycountry_exact,0.95
40972639,Germany,DE,pycountry_exact,0.95
40972639,Germany,DE,pycountry_exact,0.95
40972639,Germany,DE,pycountry_exact,0.95
40972639,Germany,DE,pycountry_exact,0.95
40972639,Germany,DE,pycountry_exact,0.95
40972639,Germany,DE,pycountry_exact,0.95
40972639,Germany,DE,pycountry_exact,0.95
40972639,Germany,DE,pycountry_exact,0.95
40972639,Germany,DE,pycountry_exact,0.95
40972639,Germany,DE,pycountry_exact,0.95
40972638,Bad Arolsen,DE,geonames_exact,0.9
40970975,Deutschland,DE,dictionary_exact,1.0
40970975,Deutschland,DE,dictionary_exact,1.0
40970966,Deutschland,DE,dictionary_exact,1.0
40970961,Deutschland,DE,dictionary_exact,1.0
40970961,Deutschland,DE,dictionary_exact,1.0
40970961,Deutschland,DE,dictionary_exact,1.0
40970961,Deutschland,DE,dictionary_exact,1.0
40970961,Deutschland,DE,dictionary_exact,1.0
40970961,Deutschland,DE,dictionary_exact,1.0
40970939,Deutschland,DE,dictionary_exact,1.0
40970939,Deutschland,DE,dictionary_exact,1.0
40970937,Deutschland,DE,dictionary_exact,1.0
40970937,Deutschland,DE,dictionary_exact,1.0
40968599,Österreich,AT,dictionary_exact,1.0
40967959,Deutschland,DE,dictionary_exact,1.0
40967959,Deutschland,DE,dictionary_exact,1.0
40967959,Deutschland,DE,dictionary_exact,1.0
40967599,Universität zu Lübeck,DE,geonames_word,0.8
40967599,Köln,DE,geonames_exact,0.9
40967599,Berlin,DE,pycountry_exact,0.95
40967598,Universität Bielefeld,DE,geonames_word,0.8
40967598,Universität Bielefeld,DE,geonames_word,0.8
40967597,Köln,DE,geonames_exact,0.9
40967594,Deutschland,DE,dictionary_exact,1.0
40967594,Deutschland,DE,dictionary_exact,1.0
40967594,Deutschland,DE,dictionary_exact,1.0
40967588,Bielefeld,DE,geonames_exact,0.9
40967588,Bielefeld,DE,geonames_exact,0.9
40967588,Bielefeld,DE,geonames_exact,0.9
40967231,Deutschland,DE,dictionary_exact,1.0
40967231,Schweiz,CH,dictionary_exact,1.0
40965724,Deutschland,DE,dictionary_exact,1.0
40965724,Deutschland,DE,dictionary_exact,1.0
40965695,Deutschland,DE,dictionary_exact,1.0
40965695,Deutschland,DE,dictionary_exact,1.0
40965679,Deutschland,DE,dictionary_exact,1.0
40965679,Deutschland,DE,dictionary_exact,1.0
40965679,Deutschland,DE,dictionary_exact,1.0
40965641,Deutschland,DE,dictionary_exact,1.0
40965641,Deutschland,DE,dictionary_exact,1.0
40965633,Deutschland,DE,dictionary_exact,1.0
40965633,Deutschland,DE,dictionary_exact,1.0
40965633,Schweiz,CH,dictionary_exact,1.0
40965633,Deutschland,DE,dictionary_exact,1.0
40965624,Deutschland,DE,dictionary_exact,1.0
40965624,Deutschland,DE,dictionary_exact,1.0
40965624,Deutschland,DE,dictionary_exact,1.0
40965624,Deutschland,DE,dictionary_exact,1.0
40965624,Deutschland,DE,dictionary_exact,1.0
40965624,Deutschland,DE,dictionary_exact,1.0
40965624,Deutschland,DE,dictionary_exact,1.0
40965624,Deutschland,DE,dictionary_exact,1.0
40962261,Germany,DE,pycountry_exact,0.95
40962261,Germany,DE,pycountry_exact,0.95
40962258,Germany,DE,pycountry_exact,0.95
40960659,Deutschland,DE,dictionary_exact,1.0
40960659,Deutschland,DE,dictionary_exact,1.0
40960659,Deutschland,DE,dictionary_exact,1.0
40960648,Österreich,AT,dictionary_exact,1.0
40960648,Österreich,AT,dictionary_exact,1.0
40960648,Deutschland,DE,dictionary_exact,1.0
40960648,Österreich,AT,dictionary_exact,1.0
40960635,Deutschland,DE,dictionary_exact,1.0
40960635,Deutschland,DE,dictionary_exact,1.0
40960635,Deutschland,DE,dictionary_exact,1.0
40960635,Deutschland,DE,dictionary_exact,1.0
40960528,Deutschland,DE,dictionary_exact,1.0
40960528,Deutschland,DE,dictionary_exact,1.0
40960527,Deutschland,DE,dictionary_exact,1.0
40960527,Deutschland,DE,dictionary_exact,1.0
40960501,Deutschland,DE,dictionary_exact,1.0
40960501,Deutschland,DE,dictionary_exact,1.0
40958064,Deutschland,DE,dictionary_exact,1.0
40958064,Deutschland,DE,dictionary_exact,1.0
40958064,Deutschland,DE,dictionary_exact,1.0
40958064,Deutschland,DE,dictionary_exact,1.0
40958064,Deutschland,DE,dictionary_exact,1.0
40958064,Deutschland,DE,dictionary_exact,1.0
40958064,Deutschland,DE,dictionary_exact,1.0
40958064,Deutschland,DE,dictionary_exact,1.0
40958064,Deutschland,DE,dictionary_exact,1.0
40958064,Deutschland,DE,dictionary_exact,1.0
40958064,Deutschland,DE,dictionary_exact,1.0
40958064,Deutschland,DE,dictionary_exact,1.0
40958064,Deutschland,DE,dictionary_exact,1.0
40958064,Deutschland,DE,dictionary_exact,1.0
40958007,Deutschland,DE,dictionary_exact,1.0
40958007,Deutschland,DE,dictionary_exact,1.0
40958007,Deutschland,DE,dictionary_exact,1.0
40958007,Deutschland,DE,dictionary_exact,1.0
40957599,Essen,DE,pycountry_exact,0.95
40957599,Essen,DE,pycountry_exact,0.95
40957592,Deutschland,DE,dictionary_exact,1.0
40957592,Deutschland,DE,dictionary_exact,1.0
40957592,Deutschland,DE,dictionary_exact,1.0
40957592,Deutschland,DE,dictionary_exact,1.0
40957442,Berlin,DE,pycountry_exact,0.95
40957442,corporate member of Freie Universität Berlin and Humboldt-Universität zu Berlin,DE,geonames_word,0.8
40957442,Berlin,DE,pycountry_exact,0.95
40957442,corporate member of Freie Universität Berlin and Humboldt-Universität zu Berlin,DE,geonames_word,0.8
40956433,Austria,AT,pycountry_exact,0.95
40956433,Austria,AT,pycountry_exact,0.95
40956433,Austria,AT,pycountry_exact,0.95
40956433,Austria,AT,pycountry_exact,0.95
40956433,Austria,AT,pycountry_exact,0.95
40956433,Austria,AT,pycountry_exact,0.95
40956433,Austria,AT,pycountry_exact,0.95
40956429,Schweiz,CH,dictionary_exact,1.0
40956429,Schweiz,CH,dictionary_exact,1.0
40956429,Schweiz,CH,dictionary_exact,1.0
40956429,Schweiz,CH,dictionary_exact,1.0
40956422,Deutschland,DE,dictionary_exact,1.0
40956422,Deutschland,DE,dictionary_exact,1.0
40956422,Deutschland,DE,dictionary_exact,1.0
40956422,Deutschland,DE,dictionary_exact,1.0
40956416,Deutschland,DE,dictionary_exact,1.0
40956415,Deutschland,DE,dictionary_exact,1.0
40956415,Deutschland,DE,dictionary_exact,1.0
40956405,Deutschland,DE,dictionary_exact,1.0
40956355,Deutschland,DE,dictionary_exact,1.0
40956355,Deutschland,DE,dictionary_exact,1.0
40956355,Deutschland,DE,dictionary_exact,1.0
40956355,Deutschland,DE,dictionary_exact,1.0
40956355,Deutschland,DE,dictionary_exact,1.0
40956355,Deutschland,DE,dictionary_exact,1.0
40956355,Deutschland,DE,dictionary_exact,1.0
40956355,Deutschland,DE,dictionary_exact,1.0
40956355,Deutschland,DE,dictionary_exact,1.0
40956355,Deutschland,DE,dictionary_exact,1.0
40956355,Deutschland,DE,dictionary_exact,1.0
40956355,Deutschland,DE,dictionary_exact,1.0
40956354,Österreich,AT,dictionary_exact,1.0
40956354,Österreich,AT,dictionary_exact,1.0
40956354,Österreich,AT,dictionary_exact,1.0
40956354,Deutschland,DE,dictionary_exact,1.0
40956354,Deutschland,DE,dictionary_exact,1.0
40956354,Österreich,AT,dictionary_exact,1.0
40956354,Österreich,AT,dictionary_exact,1.0
40956343,Deutschland,DE,dictionary_exact,1.0
40956343,Deutschland,DE,dictionary_exact,1.0
40953592,Deutschland,DE,dictionary_exact,1.0
40953592,Deutschland,DE,dictionary_exact,1.0
40953592,Deutschland,DE,dictionary_exact,1.0
40953592,Germany,DE,pycountry_exact,0.95
40953592,Deutschland,DE,dictionary_exact,1.0
40953592,Deutschland,DE,dictionary_exact,1.0
40953592,Deutschland,DE,dictionary_exact,1.0
40953592,Deutschland,DE,dictionary_exact,1.0
40953592,Deutschland,DE,dictionary_exact,1.0
40952509,Norwegen,NO,dictionary_exact,1.0
40952509,Norwegen,NO,dictionary_exact,1.0
40952490,Deutschland,DE,dictionary_exact,1.0
40952490,Deutschland,DE,dictionary_exact,1.0
40952490,Deutschland,DE,dictionary_exact,1.0
40952490,Deutschland,DE,dictionary_exact,1.0
40952490,Deutschland,DE,dictionary_exact,1.0
40952490,Deutschland,DE,dictionary_exact,1.0
40952490,Deutschland,DE,dictionary_exact,1.0
40952490,Deutschland,DE,dictionary_exact,1.0
40952484,Deutschland,DE,dictionary_exact,1.0
40952484,Deutschland,DE,dictionary_exact,1.0
40952483,Schweiz,CH,dictionary_exact,1.0
40952483,Schweiz,CH,dictionary_exact,1.0
40952482,Deutschland,DE,dictionary_exact,1.0
40952482,Deutschland,DE,dictionary_exact,1.0
40952482,Deutschland,DE,dictionary_exact,1.0
40952481,Deutschland,DE,dictionary_exact,1.0
40952481,Deutschland,DE,dictionary_exact,1.0
40952460,Deutschland,DE,dictionary_exact,1.0
40952460,Deutschland,DE,dictionary_exact,1.0
40952460,Deutschland,DE,dictionary_exact,1.0
40952460,Deutschland,DE,dictionary_exact,1.0
40952460,Deutschland,DE,dictionary_exact,1.0
40952459,Deutschland,DE,dictionary_exact,1.0
40952457,Deutschland,DE,dictionary_exact,1.0
40952457,Deutschland,DE,dictionary_exact,1.0
40952456,Deutschland,DE,dictionary_exact,1.0
40952454,Deutschland,DE,dictionary_exact,1.0
40952454,Deutschland,DE,dictionary_exact,1.0
40952454,Deutschland,DE,dictionary_exact,1.0
40952454,Deutschland,DE,dictionary_exact,1.0
40952454,Deutschland,DE,dictionary_exact,1.0
40952450,Deutschland,DE,dictionary_exact,1.0
40952450,Deutschland,DE,dictionary_exact,1.0
40952450,Deutschland,DE,dictionary_exact,1.0
40940613,Deutschland,DE,dictionary_exact,1.0
40940613,Deutschland,DE,dictionary_exact,1.0
40940613,Deutschland,DE,dictionary_exact,1.0
40940613,Deutschland,DE,dictionary_exact,1.0
40940613,Deutschland,DE,dictionary_exact,1.0
40940613,Deutschland,DE,dictionary_exact,1.0
40940613,Deutschland,DE,dictionary_exact,1.0
40940613,Deutschland,DE,dictionary_exact,1.0
40940028,Germany,DE,pycountry_exact,0.95
40940028,Germany,DE,pycountry_exact,0.95
40940022,Germany,DE,pycountry_exact,0.95
40940022,Germany,DE,pycountry_exact,0.95
40940022,Germany,DE,pycountry_exact,0.95
40940022,Germany,DE,pycountry_exact,0.95
40940022,Germany,DE,pycountry_exact,0.95
40940022,Germany,DE,pycountry_exact,0.95
40938442,Schweiz,CH,dictionary_exact,1.0
40938442,Deutschland,DE,dictionary_exact,1.0
40938442,Deutschland,DE,dictionary_exact,1.0
40938442,Deutschland,DE,dictionary_exact,1.0
40938442,Deutschland,DE,dictionary_exact,1.0
40938441,Deutschland,DE,dictionary_exact,1.0
40938441,Deutschland,DE,dictionary_exact,1.0
40938434,Deutschland,DE,dictionary_exact,1.0
40938434,Deutschland,DE,dictionary_exact,1.0
40938423,Deutschland,DE,dictionary_exact,1.0
40938411,Deutschland,DE,dictionary_exact,1.0
40938411,Deutschland,DE,dictionary_exact,1.0
40938407,Deutschland,DE,dictionary_exact,1.0
40938407,Deutschland,DE,dictionary_exact,1.0
40938397,Deutschland,DE,dictionary_exact,1.0
40938397,Deutschland,DE,dictionary_exact,1.0
40938389,Deutschland,DE,dictionary_exact,1.0
40938387,Deutschland,DE,dictionary_exact,1.0
40938387,Deutschland,DE,dictionary_exact,1.0
40938386,Deutschland,DE,dictionary_exact,1.0
40938386,Deutschland,DE,dictionary_exact,1.0
40938386,Deutschland,DE,dictionary_exact,1.0
40938385,Deutschland,DE,dictionary_exact,1.0
40938385,Deutschland,DE,dictionary_exact,1.0
40938382,Deutschland,DE,dictionary_exact,1.0
40938382,Deutschland,DE,dictionary_exact,1.0
40938382,Deutschland,DE,dictionary_exact,1.0
40938382,Deutschland,DE,dictionary_exact,1.0
40938382,Schweiz,CH,dictionary_exact,1.0
40938376,Deutschland,DE,dictionary_exact,1.0
40938376,Deutschland,DE,dictionary_exact,1.0
40938376,Deutschland,DE,dictionary_exact,1.0
40938353,Frankreich,FR,dictionary_exact,1.0
40936008,Deutschland,DE,dictionary_exact,1.0
40936008,Deutschland,DE,dictionary_exact,1.0
40936008,Deutschland,DE,dictionary_exact,1.0
40936008,Deutschland,DE,dictionary_exact,1.0
40935999,Deutschland,DE,dictionary_exact,1.0
40935998,Deutschland,DE,dictionary_exact,1.0
40935997,Deutschland,DE,dictionary_exact,1.0
40935996,Deutschland,DE,dictionary_exact,1.0
40935995,Deutschland,DE,dictionary_exact,1.0
40935994,Deutschland,DE,dictionary_exact,1.0
40935993,Deutschland,DE,dictionary_exact,1.0
40935992,Deutschland,DE,dictionary_exact,1.0
40935991,Deutschland,DE,dictionary_exact,1.0
40935990,Deutschland,DE,dictionary_exact,1.0
40935990,Deutschland,DE,dictionary_exact,1.0
40935989,Deutschland,DE,dictionary_exact,1.0
40935989,Deutschland,DE,dictionary_exact,1.0
40935988,Deutschland,DE,dictionary_exact,1.0
40935988,Deutschland,DE,dictionary_exact,1.0
40935987,Deutschland,DE,dictionary_exact,1.0
40935987,Deutschland,DE,dictionary_exact,1.0
40935986,Deutschland,DE,dictionary_exact,1.0
40935986,Deutschland,DE,dictionary_exact,1.0
40935985,Deutschland,DE,dictionary_exact,1.0
40935984,Deutschland,DE,dictionary_exact,1.0
40935983,Deutschland,DE,dictionary_exact,1.0
40935982,Deutschland,DE,dictionary_exact,1.0
40935981,Deutschland,DE,dictionary_exact,1.0
40935980,Deutschland,DE,dictionary_exact,1.0
40935979,Deutschland,DE,dictionary_exact,1.0
40935978,Deutschland,DE,dictionary_exact,1.0
40935977,Deutschland,DE,dictionary_exact,1.0
40935976,Deutschland,DE,dictionary_exact,1.0
40935975,Deutschland,DE,dictionary_exact,1.0
40935974,Deutschland,DE,dictionary_exact,1.0
40935973,Deutschland,DE,dictionary_exact,1.0
40935972,Deutschland,DE,dictionary_exact,1.0
40935971,Deutschland,DE,dictionary_exact,1.0
40935970,Deutschland,DE,dictionary_exact,1.0
40935969,Deutschland,DE,dictionary_exact,1.0
40935968,Deutschland,DE,dictionary_exact,1.0
40935967,Deutschland,DE,dictionary_exact,1.0
40935967,Deutschland,DE,dictionary_exact,1.0
40935966,Deutschland,DE,dictionary_exact,1.0
40935965,Deutschland,DE,dictionary_exact,1.0
40935964,Deutschland,DE,dictionary_exact,1.0
40935963,Deutschland,DE,dictionary_exact,1.0
40935962,Deutschland,DE,dictionary_exact,1.0
40935961,Deutschland,DE,dictionary_exact,1.0
40935961,Deutschland,DE,dictionary_exact,1.0
40935961,Deutschland,DE,dictionary_exact,1.0
40935960,Deutschland,DE,dictionary_exact,1.0
40935959,Deutschland,DE,dictionary_exact,1.0
40935958,Deutschland,DE,dictionary_exact,1.0
40935957,Deutschland,DE,dictionary_exact,1.0
40935956,Deutschland,DE,dictionary_exact,1.0
40934943,Germany,DE,pycountry_exact,0.95
40934943,Germany,DE,pycountry_exact,0.95
40934943,Germany,DE,pycountry_exact,0.95
40934943,Germany,DE,pycountry_exact,0.95
40934942,Gastroenterologische Facharztpraxis Dr. Michael Geppert,not found,Not found,0.0
40934122,Heidelberg,DE,geonames_exact,0.9
40934122,Berlin,DE,pycountry_exact,0.95
40932614,Deutschland,DE,dictionary_exact,1.0
40932614,Deutschland,DE,dictionary_exact,1.0
40932614,Deutschland,DE,dictionary_exact,1.0
40932510,Deutschland,DE,dictionary_exact,1.0
40932510,Deutschland,DE,dictionary_exact,1.0
40932510,Deutschland,DE,dictionary_exact,1.0
40932510,Deutschland,DE,dictionary_exact,1.0
40932510,Deutschland,DE,dictionary_exact,1.0
40932510,Deutschland,DE,dictionary_exact,1.0
40932510,Deutschland,DE,dictionary_exact,1.0
40932510,Deutschland,DE,dictionary_exact,1.0
40932510,Deutschland,DE,dictionary_exact,1.0
40932510,Deutschland,DE,dictionary_exact,1.0
40932510,Deutschland,DE,dictionary_exact,1.0
40932510,Deutschland,DE,dictionary_exact,1.0
40932510,Deutschland,DE,dictionary_exact,1.0
40932510,Deutschland,DE,dictionary_exact,1.0
40932509,Deutschland,DE,dictionary_exact,1.0
40932509,Deutschland,DE,dictionary_exact,1.0
40931053,Deutschland,DE,dictionary_exact,1.0
40931053,Deutschland,DE,dictionary_exact,1.0
40930255,Germany,DE,pycountry_exact,0.95
40930255,Germany,DE,pycountry_exact,0.95
40930255,Germany,DE,pycountry_exact,0.95
40930255,Germany,DE,pycountry_exact,0.95
40928698,Deutschland,DE,dictionary_exact,1.0
40928513,Deutschland,DE,dictionary_exact,1.0
40928513,Deutschland,DE,dictionary_exact,1.0
40928513,Deutschland,DE,dictionary_exact,1.0
40928513,Deutschland,DE,dictionary_exact,1.0
40926068,Deutschland,DE,dictionary_exact,1.0
40926068,Deutschland,DE,dictionary_exact,1.0
40926068,Deutschland,DE,dictionary_exact,1.0
40925961,Deutschland,DE,dictionary_exact,1.0
40925961,Deutschland,DE,dictionary_exact,1.0
40925961,Deutschland,DE,dictionary_exact,1.0
40925961,Deutschland,DE,dictionary_exact,1.0
40925415,Bad Salzungen,DE,geonames_exact,0.9
40925403,Deutschland,DE,dictionary_exact,1.0
40925402,Germany,DE,pycountry_exact,0.95
40925402,Germany,DE,pycountry_exact,0.95
40925402,Germany,DE,pycountry_exact,0.95
40925402,Germany,DE,pycountry_exact,0.95
40925402,Austria,AT,pycountry_exact,0.95
40925402,Austria,AT,pycountry_exact,0.95
40925402,Switzerland,CH,pycountry_exact,0.95
40925402,Switzerland,CH,pycountry_exact,0.95
40925402,Germany,DE,pycountry_exact,0.95
40925402,Germany,DE,pycountry_exact,0.95
40925391,Deutschland,DE,dictionary_exact,1.0
40925391,Deutschland,DE,dictionary_exact,1.0
40925389,Deutschland,DE,dictionary_exact,1.0
40925389,Deutschland,DE,dictionary_exact,1.0
40925389,Deutschland,DE,dictionary_exact,1.0
40925389,München,DE,geonames_exact,0.9
40925389,Würzburg,DE,geonames_exact,0.9
40925389,Würzburg,DE,geonames_exact,0.9
40925388,Deutschland,DE,dictionary_exact,1.0
40925388,Deutschland,DE,dictionary_exact,1.0
40925387,Deutschland,DE,dictionary_exact,1.0
40925387,Deutschland,DE,dictionary_exact,1.0
40925387,Deutschland,DE,dictionary_exact,1.0
40925351,Deutschland,DE,dictionary_exact,1.0
40925351,Deutschland,DE,dictionary_exact,1.0
40924188,Deutschland,DE,dictionary_exact,1.0
40924188,Deutschland,DE,dictionary_exact,1.0
40924188,Deutschland,DE,dictionary_exact,1.0
40924188,Deutschland,DE,dictionary_exact,1.0
40924188,Deutschland,DE,dictionary_exact,1.0
40924188,Deutschland,DE,dictionary_exact,1.0
40924188,Deutschland,DE,dictionary_exact,1.0
40924188,Deutschland,DE,dictionary_exact,1.0
40924188,Deutschland,DE,dictionary_exact,1.0
40924188,Deutschland,DE,dictionary_exact,1.0
40924188,Deutschland,DE,dictionary_exact,1.0
40924163,Deutschland,DE,dictionary_exact,1.0
40924163,Deutschland,DE,dictionary_exact,1.0
40924163,Deutschland,DE,dictionary_exact,1.0
40924163,Deutschland,DE,dictionary_exact,1.0
40924163,Deutschland,DE,dictionary_exact,1.0
40924142,Deutschland,DE,dictionary_exact,1.0
40924142,Deutschland,DE,dictionary_exact,1.0
40924142,Deutschland,DE,dictionary_exact,1.0
40924137,Deutschland,DE,dictionary_exact,1.0
40924137,Deutschland,DE,dictionary_exact,1.0
40924121,Deutschland,DE,dictionary_exact,1.0
40924121,Deutschland,DE,dictionary_exact,1.0
40924121,Deutschland,DE,dictionary_exact,1.0
40924121,Deutschland,DE,dictionary_exact,1.0
40924121,Deutschland,DE,dictionary_exact,1.0
40924121,Deutschland,DE,dictionary_exact,1.0
40924121,Deutschland,DE,dictionary_exact,1.0
40924121,Deutschland,DE,dictionary_exact,1.0
40924118,Deutschland,DE,dictionary_exact,1.0
40924118,Deutschland,DE,dictionary_exact,1.0
40924118,Deutschland,DE,dictionary_exact,1.0
40924114,Deutschland,DE,dictionary_exact,1.0
40924097,Schweiz,CH,dictionary_exact,1.0
40924097,Deutschland,DE,dictionary_exact,1.0
40924097,Schweiz,CH,dictionary_exact,1.0
40924097,Deutschland,DE,dictionary_exact,1.0
40924085,Deutschland,DE,dictionary_exact,1.0
40924085,Deutschland,DE,dictionary_exact,1.0
40924085,Deutschland,DE,dictionary_exact,1.0
40924085,Deutschland,DE,dictionary_exact,1.0
40924084,Deutschland,DE,dictionary_exact,1.0
40924084,Ukraine,UA,dictionary_exact,1.0
40924084,Deutschland,DE,dictionary_exact,1.0
40924083,Deutschland,DE,dictionary_exact,1.0
40924083,Deutschland,DE,dictionary_exact,1.0
40924083,Deutschland,DE,dictionary_exact,1.0
40921809,Deutschland,DE,dictionary_exact,1.0
40921809,Deutschland,DE,dictionary_exact,1.0
40921809,Deutschland,DE,dictionary_exact,1.0
40921190,Universitätsklinik Würzburg,DE,geonames_word,0.8
40921190,Reha-Zentrum Bad Frankenhausen,TG,geonames_word,0.8
40921190,Bad Kissingen,DE,geonames_exact,0.9
40921190,Borkum,not found,Not found,0.0
40921190,Teltow,DE,geonames_exact,0.9
40921190,Charité - Universitätsmedizin Berlin,DE,geonames_word,0.8
40921190,Reha-Zentrum Bad Frankenhausen,TG,geonames_word,0.8
40921190,Bad Brückenau,TG,geonames_word,0.8
40921190,Rheinische Friedrich-Wilhelms-Universität Bonn,DE,geonames_word,0.8
40921190,Reha-Zentrum Todtmoos,not found,Not found,0.0
40921190,Borkum,not found,Not found,0.0
40921189,Medizinische Hochschule Hannover,DE,geonames_word,0.8
40921188,Universität Hildesheim,DE,geonames_word,0.8
40921188,Medizinische Hochschule Hannover,DE,geonames_word,0.8
40921188,Laatzen,DE,geonames_exact,0.9
40921165,Germany,DE,pycountry_exact,0.95
40921164,Universitätsklinikum Leipzig,DE,geonames_word,0.8
40921164,Heidelberg,DE,geonames_exact,0.9
40921156,Neuruppin,DE,geonames_exact,0.9
40921156,Ruedersdorf,not found,Not found,0.0
40921156,Berlin,DE,pycountry_exact,0.95
40921156,Berlin,DE,pycountry_exact,0.95
40920223,Deutschland,DE,dictionary_exact,1.0
40920223,Deutschland,DE,dictionary_exact,1.0
40920209,Italien,IT,dictionary_exact,1.0
40920209,Italien,IT,dictionary_exact,1.0
40920209,Italien,IT,dictionary_exact,1.0
40920208,Deutschland,DE,dictionary_exact,1.0
40920207,Deutschland,DE,dictionary_exact,1.0
40920197,Deutschland,DE,dictionary_exact,1.0
40920197,Deutschland,DE,dictionary_exact,1.0
40920197,Deutschland,DE,dictionary_exact,1.0
40920197,Deutschland,DE,dictionary_exact,1.0
40913655,Deutschland,DE,dictionary_exact,1.0
40913655,Deutschland,DE,dictionary_exact,1.0
40913655,Deutschland,DE,dictionary_exact,1.0
40913134,Deutschland,DE,dictionary_exact,1.0
40913134,Deutschland,DE,dictionary_exact,1.0
40913134,Deutschland,DE,dictionary_exact,1.0
40913117,Deutschland,DE,dictionary_exact,1.0
40913117,Deutschland,DE,dictionary_exact,1.0
40913117,Deutschland,DE,dictionary_exact,1.0
40913117,Deutschland,DE,dictionary_exact,1.0
40913095,Deutschland,DE,dictionary_exact,1.0
40913095,Deutschland,DE,dictionary_exact,1.0
40912998,Deutschland,DE,dictionary_exact,1.0
40912998,Deutschland,DE,dictionary_exact,1.0
40912998,Deutschland,DE,dictionary_exact,1.0
40912271,Universitätsklinikum Leipzig,DE,geonames_word,0.8
40912271,Deggendorf,DE,geonames_exact,0.9
40912271,Universitätsklinikum Leipzig,DE,geonames_word,0.8
40911234,Deutschland,DE,dictionary_exact,1.0
40911234,Deutschland,DE,dictionary_exact,1.0
40911234,Deutschland,DE,dictionary_exact,1.0
40911234,Deutschland,DE,dictionary_exact,1.0
40911233,Deutschland,DE,dictionary_exact,1.0
40911233,Deutschland,DE,dictionary_exact,1.0
40911225,Deutschland,DE,dictionary_exact,1.0
40911225,Deutschland,DE,dictionary_exact,1.0
40911225,Deutschland,DE,dictionary_exact,1.0
40911225,Deutschland,DE,dictionary_exact,1.0
40911225,Deutschland,DE,dictionary_exact,1.0
40911224,Deutschland,DE,dictionary_exact,1.0
40911224,Deutschland,DE,dictionary_exact,1.0
40911202,Deutschland,DE,dictionary_exact,1.0
40911202,Deutschland,DE,dictionary_exact,1.0
40911192,Deutschland,DE,dictionary_exact,1.0
40911192,Deutschland,DE,dictionary_exact,1.0
40911192,Deutschland,DE,dictionary_exact,1.0
40911192,Deutschland,DE,dictionary_exact,1.0
40911192,Deutschland,DE,dictionary_exact,1.0
40911191,Deutschland,DE,dictionary_exact,1.0
40911191,Deutschland,DE,dictionary_exact,1.0
40911191,Deutschland,DE,dictionary_exact,1.0
40911187,Deutschland,DE,dictionary_exact,1.0
40911187,Deutschland,DE,dictionary_exact,1.0
40911187,Deutschland,DE,dictionary_exact,1.0
40911187,Deutschland,DE,dictionary_exact,1.0
40911060,Deutschland,DE,dictionary_exact,1.0
40911059,Österreich,AT,dictionary_exact,1.0
40911059,Österreich,AT,dictionary_exact,1.0
40911049,Deutschland,DE,dictionary_exact,1.0
40911049,Deutschland,DE,dictionary_exact,1.0
40911049,Deutschland,DE,dictionary_exact,1.0
40911043,Deutschland,DE,dictionary_exact,1.0
40911043,Deutschland,DE,dictionary_exact,1.0
40911043,Deutschland,DE,dictionary_exact,1.0
40910171,Marburg,DE,geonames_exact,0.9
40910170,Deutschland,DE,dictionary_exact,1.0
40910169,Deutschland,DE,dictionary_exact,1.0
40908384,Deutschland,DE,dictionary_exact,1.0
40908384,Deutschland,DE,dictionary_exact,1.0
40908384,Deutschland,DE,dictionary_exact,1.0
40908384,Deutschland,DE,dictionary_exact,1.0
40908327,Deutschland,DE,dictionary_exact,1.0
40908327,Deutschland,DE,dictionary_exact,1.0
40908327,Deutschland,DE,dictionary_exact,1.0
40908327,Deutschland,DE,dictionary_exact,1.0
40908327,Deutschland,DE,dictionary_exact,1.0
40908316,Deutschland,DE,dictionary_exact,1.0
40908316,Deutschland,DE,dictionary_exact,1.0
40908316,Deutschland,DE,dictionary_exact,1.0
40908316,Deutschland,DE,dictionary_exact,1.0
40908316,Deutschland,DE,dictionary_exact,1.0
40908316,Deutschland,DE,dictionary_exact,1.0
40908316,Deutschland,DE,dictionary_exact,1.0
40908316,Deutschland,DE,dictionary_exact,1.0
40908316,Deutschland,DE,dictionary_exact,1.0
40908316,Deutschland,DE,dictionary_exact,1.0
40907545,Germany,DE,pycountry_exact,0.95
40907545,Germany,DE,pycountry_exact,0.95
40907545,Germany,DE,pycountry_exact,0.95
40907534,Deutschland,DE,dictionary_exact,1.0
40907534,Deutschland,DE,dictionary_exact,1.0
40907534,Deutschland,DE,dictionary_exact,1.0
40907533,Germany,DE,pycountry_exact,0.95
40907533,Germany,DE,pycountry_exact,0.95
40907533,Germany,DE,pycountry_exact,0.95
40907533,Germany,DE,pycountry_exact,0.95
40907533,Germany,DE,pycountry_exact,0.95
40907533,Germany,DE,pycountry_exact,0.95
40907533,Germany,DE,pycountry_exact,0.95
40907533,Germany,DE,pycountry_exact,0.95
40907533,Germany,DE,pycountry_exact,0.95
40906248,Deutschland,DE,dictionary_exact,1.0
40906248,Deutschland,DE,dictionary_exact,1.0
40906248,Deutschland,DE,dictionary_exact,1.0
40906248,Deutschland,DE,dictionary_exact,1.0
40906248,Deutschland,DE,dictionary_exact,1.0
40906230,Deutschland,DE,dictionary_exact,1.0
40906230,Deutschland,DE,dictionary_exact,1.0
40906227,Österreich,AT,dictionary_exact,1.0
40906227,Österreich,AT,dictionary_exact,1.0
40906227,Italien,IT,dictionary_exact,1.0
40906227,Österreich,AT,dictionary_exact,1.0
40906213,Deutschland,DE,dictionary_exact,1.0
40906213,Deutschland,DE,dictionary_exact,1.0
40906189,Deutschland,DE,dictionary_exact,1.0
40906189,Deutschland,DE,dictionary_exact,1.0
40906188,Deutschland,DE,dictionary_exact,1.0
40906188,Deutschland,DE,dictionary_exact,1.0
40906188,Deutschland,DE,dictionary_exact,1.0
40906188,Deutschland,DE,dictionary_exact,1.0
40906188,Deutschland,DE,dictionary_exact,1.0
40906187,Deutschland,DE,dictionary_exact,1.0
40906187,Deutschland,DE,dictionary_exact,1.0
40906187,Deutschland,DE,dictionary_exact,1.0
40906187,Deutschland,DE,dictionary_exact,1.0
40906187,Deutschland,DE,dictionary_exact,1.0
40906187,Deutschland,DE,dictionary_exact,1.0
40906187,Deutschland,DE,dictionary_exact,1.0
40906171,Frankreich,FR,dictionary_exact,1.0
40906169,Deutschland,DE,dictionary_exact,1.0
40906169,Schweiz,CH,dictionary_exact,1.0
40906169,Deutschland,DE,dictionary_exact,1.0
40906165,Deutschland,DE,dictionary_exact,1.0
40906165,Deutschland,DE,dictionary_exact,1.0
40906165,Deutschland,DE,dictionary_exact,1.0
40906161,Schweiz,CH,dictionary_exact,1.0
40906161,Schweiz,CH,dictionary_exact,1.0
40906160,Schweiz,CH,dictionary_exact,1.0
40906160,Schweiz,CH,dictionary_exact,1.0
40906059,Deutschland,DE,dictionary_exact,1.0
40906059,Deutschland,DE,dictionary_exact,1.0
40906058,Deutschland,DE,dictionary_exact,1.0
40906058,Deutschland,DE,dictionary_exact,1.0
40906058,Deutschland,DE,dictionary_exact,1.0
40905996,Deutschland,DE,dictionary_exact,1.0
40905996,Deutschland,DE,dictionary_exact,1.0
40905996,Deutschland,DE,dictionary_exact,1.0
40905995,Deutschland,DE,dictionary_exact,1.0
40905985,Deutschland,DE,dictionary_exact,1.0
40905984,Deutschland,DE,dictionary_exact,1.0
40905984,Deutschland,DE,dictionary_exact,1.0
40905984,Deutschland,DE,dictionary_exact,1.0
40905984,Deutschland,DE,dictionary_exact,1.0
40905984,Deutschland,DE,dictionary_exact,1.0
40905984,Deutschland,DE,dictionary_exact,1.0
40905984,Deutschland,DE,dictionary_exact,1.0
40905984,Deutschland,DE,dictionary_exact,1.0
40905984,Deutschland,DE,dictionary_exact,1.0
40905984,Deutschland,DE,dictionary_exact,1.0
40905984,Deutschland,DE,dictionary_exact,1.0
40905984,Deutschland,DE,dictionary_exact,1.0
40905984,Deutschland,DE,dictionary_exact,1.0
40905984,Deutschland,DE,dictionary_exact,1.0
40905984,Deutschland,DE,dictionary_exact,1.0
40905984,Deutschland,DE,dictionary_exact,1.0
40903560,Deutschland,DE,dictionary_exact,1.0
40903560,Deutschland,DE,dictionary_exact,1.0
40903560,Deutschland,DE,dictionary_exact,1.0
40900361,Deutschland,DE,dictionary_exact,1.0
40900361,Deutschland,DE,dictionary_exact,1.0
40900360,Deutschland,DE,dictionary_exact,1.0
40900360,Deutschland,DE,dictionary_exact,1.0
40900338,Deutschland,DE,dictionary_exact,1.0
40900338,Deutschland,DE,dictionary_exact,1.0
40900319,Deutschland,DE,dictionary_exact,1.0
40900319,Schweiz,CH,dictionary_exact,1.0
40900319,Schweiz,CH,dictionary_exact,1.0
40900237,USA,US,dictionary_exact,1.0
40900237,USA,US,dictionary_exact,1.0
40900237,USA,US,dictionary_exact,1.0
40900237,USA,US,dictionary_exact,1.0
40900237,Österreich,AT,dictionary_exact,1.0
40900166,Deutschland,DE,dictionary_exact,1.0
40900166,Deutschland,DE,dictionary_exact,1.0
40900166,Deutschland,DE,dictionary_exact,1.0
40900162,Deutschland,DE,dictionary_exact,1.0
40900162,Deutschland,DE,dictionary_exact,1.0
40900162,Deutschland,DE,dictionary_exact,1.0
40900162,Deutschland,DE,dictionary_exact,1.0
40900162,Deutschland,DE,dictionary_exact,1.0
40900159,Deutschland,DE,dictionary_exact,1.0
40900159,Deutschland,DE,dictionary_exact,1.0
40900159,Deutschland,DE,dictionary_exact,1.0
40900159,Deutschland,DE,dictionary_exact,1.0
40900159,Deutschland,DE,dictionary_exact,1.0
40900159,Deutschland,DE,dictionary_exact,1.0
40900159,Deutschland,DE,dictionary_exact,1.0
40900158,Deutschland,DE,dictionary_exact,1.0
40900156,Deutschland,DE,dictionary_exact,1.0
40900156,Deutschland,DE,dictionary_exact,1.0
40900156,Deutschland,DE,dictionary_exact,1.0
40899874,Deutschland,DE,dictionary_exact,1.0
40899874,Deutschland,DE,dictionary_exact,1.0
40899874,Deutschland,DE,dictionary_exact,1.0
40899108,Deutschland,DE,dictionary_exact,1.0
40898819,Deutschland,DE,dictionary_exact,1.0
40898819,Deutschland,DE,dictionary_exact,1.0
40898819,Deutschland,DE,dictionary_exact,1.0
40898819,Schweiz,CH,dictionary_exact,1.0
40897869,Deutschland,DE,dictionary_exact,1.0
40897869,Deutschland,DE,dictionary_exact,1.0
40897338,Germany,DE,pycountry_exact,0.95
40897338,Germany,DE,pycountry_exact,0.95
40897338,Germany,DE,pycountry_exact,0.95
40897338,Germany,DE,pycountry_exact,0.95
40897338,Germany,DE,pycountry_exact,0.95
40897336,Deutschland,DE,dictionary_exact,1.0
40897336,Deutschland,DE,dictionary_exact,1.0
40897336,Deutschland,DE,dictionary_exact,1.0
40897184,Stiftung Tierärztliche Hochschule Hannover,DE,geonames_word,0.8
40897184,Stiftung Tierärztliche Hochschule Hannover,DE,geonames_word,0.8
40897183,Ludwig-Maximilians-Universität München,DE,geonames_word,0.8
40897182,Justus-Liebig-Universität Gießen,DE,geonames_word,0.8
40897181,Justus-Liebig-Universität Gießen,DE,geonames_word,0.8
40897180,Justus-Liebig-Universität Gießen,DE,geonames_word,0.8
40897180,Justus-Liebig-Universität Gießen,DE,geonames_word,0.8
40897180,Justus-Liebig-Universität Gießen,DE,geonames_word,0.8
40897179,Stiftung Tierärztliche Hochschule Hannover,DE,geonames_word,0.8
40897179,Stiftung Tierärztliche Hochschule Hannover,DE,geonames_word,0.8
40897169,Mühlen,not found,Not found,0.0
40897169,Stiftung Tierärztliche Hochschule Hannover,DE,geonames_word,0.8
40897169,Stiftung Tierärztliche Hochschule Hannover,DE,geonames_word,0.8
40897168,Justus-Liebig-Universität Gießen,DE,geonames_word,0.8
40897165,Justus-Liebig-Universität Gießen,DE,geonames_word,0.8
40897165,Justus-Liebig-Universität Gießen,DE,geonames_word,0.8
40892244,Deutschland,DE,dictionary_exact,1.0
40892244,Österreich,AT,dictionary_exact,1.0
40892225,Deutschland,DE,dictionary_exact,1.0
40892225,Deutschland,DE,dictionary_exact,1.0
40892225,Deutschland,DE,dictionary_exact,1.0
40892225,Deutschland,DE,dictionary_exact,1.0
40892225,Deutschland,DE,dictionary_exact,1.0
40892225,Deutschland,DE,dictionary_exact,1.0
40892225,Deutschland,DE,dictionary_exact,1.0
40892221,Schweiz,CH,dictionary_exact,1.0
40892221,Schweiz,CH,dictionary_exact,1.0
40892221,Schweiz,CH,dictionary_exact,1.0
40892221,Österreich,AT,dictionary_exact,1.0
40892221,Schweiz,CH,dictionary_exact,1.0
40892221,Schweiz,CH,dictionary_exact,1.0
40892221,Schweiz,CH,dictionary_exact,1.0
40892218,Deutschland,DE,dictionary_exact,1.0
40892218,Deutschland,DE,dictionary_exact,1.0
40892218,Deutschland,DE,dictionary_exact,1.0
40892218,Schweiz,CH,dictionary_exact,1.0
40892218,Deutschland,DE,dictionary_exact,1.0
40892218,Deutschland,DE,dictionary_exact,1.0
40892218,Deutschland,DE,dictionary_exact,1.0
40892217,Deutschland,DE,dictionary_exact,1.0
40892217,Deutschland,DE,dictionary_exact,1.0
40892217,Deutschland,DE,dictionary_exact,1.0
40892217,Deutschland,DE,dictionary_exact,1.0
40892216,Deutschland,DE,dictionary_exact,1.0
40892215,Deutschland,DE,dictionary_exact,1.0
40892215,Deutschland,DE,dictionary_exact,1.0
40892215,Deutschland,DE,dictionary_exact,1.0
40892215,Deutschland,DE,dictionary_exact,1.0
40892215,Deutschland,DE,dictionary_exact,1.0
40892215,Deutschland,DE,dictionary_exact,1.0
40892215,Deutschland,DE,dictionary_exact,1.0
40892214,Deutschland,DE,dictionary_exact,1.0
40892214,Deutschland,DE,dictionary_exact,1.0
40892207,Deutschland,DE,dictionary_exact,1.0
40892207,Deutschland,DE,dictionary_exact,1.0
40892207,Deutschland,DE,dictionary_exact,1.0
40892207,Deutschland,DE,dictionary_exact,1.0
40892207,Deutschland,DE,dictionary_exact,1.0
40892207,Deutschland,DE,dictionary_exact,1.0
40892206,Deutschland,DE,dictionary_exact,1.0
40892206,Deutschland,DE,dictionary_exact,1.0
40892122,Deutschland,DE,dictionary_exact,1.0
40892122,Deutschland,DE,dictionary_exact,1.0
40892122,Deutschland,DE,dictionary_exact,1.0
40892122,Deutschland,DE,dictionary_exact,1.0
40892121,Deutschland,DE,dictionary_exact,1.0
40892121,Deutschland,DE,dictionary_exact,1.0
40892121,Deutschland,DE,dictionary_exact,1.0
40892121,Deutschland,DE,dictionary_exact,1.0
40892120,Deutschland,DE,dictionary_exact,1.0
40892120,Schweiz,CH,dictionary_exact,1.0
40892102,Deutschland,DE,dictionary_exact,1.0
40892102,Deutschland,DE,dictionary_exact,1.0
40890555,Deutschland,DE,dictionary_exact,1.0
40890555,Deutschland,DE,dictionary_exact,1.0
40890514,Deutschland,DE,dictionary_exact,1.0
40890514,Deutschland,DE,dictionary_exact,1.0
40890514,Deutschland,DE,dictionary_exact,1.0
40890460,Deutschland,DE,dictionary_exact,1.0
40890460,Deutschland,DE,dictionary_exact,1.0
40890397,Deutschland,DE,dictionary_exact,1.0
40890397,Schweiz,CH,dictionary_exact,1.0
40890397,Deutschland,DE,dictionary_exact,1.0
40890397,Deutschland,DE,dictionary_exact,1.0
40890397,Deutschland,DE,dictionary_exact,1.0
40890397,Deutschland,DE,dictionary_exact,1.0
40890397,Deutschland,DE,dictionary_exact,1.0
40890397,Deutschland,DE,dictionary_exact,1.0
40890397,Deutschland,DE,dictionary_exact,1.0
40890397,Deutschland,DE,dictionary_exact,1.0
40890329,Deutschland,DE,dictionary_exact,1.0
40890329,Deutschland,DE,dictionary_exact,1.0
40890329,Deutschland,DE,dictionary_exact,1.0
40890329,Deutschland,DE,dictionary_exact,1.0
40890329,Österreich,AT,dictionary_exact,1.0
40890329,Deutschland,DE,dictionary_exact,1.0
40890329,Deutschland,DE,dictionary_exact,1.0
40890329,Deutschland,DE,dictionary_exact,1.0
40890329,Deutschland,DE,dictionary_exact,1.0
40889755,Deutschland,DE,dictionary_exact,1.0
40889755,Deutschland,DE,dictionary_exact,1.0
40889755,Deutschland,DE,dictionary_exact,1.0
40889755,Deutschland,DE,dictionary_exact,1.0
40889755,Deutschland,DE,dictionary_exact,1.0
40889755,Deutschland,DE,dictionary_exact,1.0
40889755,Deutschland,DE,dictionary_exact,1.0
40889753,Deutschland,DE,dictionary_exact,1.0
40889753,Deutschland,DE,dictionary_exact,1.0
40889753,Russland,RU,dictionary_exact,1.0
40889753,India,IN,pycountry_exact,0.95
40889753,Deutschland,DE,dictionary_exact,1.0
40889750,Deutschland,DE,dictionary_exact,1.0
40889750,Deutschland,DE,dictionary_exact,1.0
40889744,Deutschland,DE,dictionary_exact,1.0
40889744,Deutschland,DE,dictionary_exact,1.0
40889742,Germany,DE,pycountry_exact,0.95
40889742,United States,US,dictionary_exact,1.0
40889742,Germany,DE,pycountry_exact,0.95
40889742,Switzerland,CH,pycountry_exact,0.95
40889028,Austria,AT,pycountry_exact,0.95
40889028,Austria,AT,pycountry_exact,0.95
40889028,Austria,AT,pycountry_exact,0.95
40888945,Deutschland,DE,dictionary_exact,1.0
40888945,Deutschland,DE,dictionary_exact,1.0
40888945,Deutschland,DE,dictionary_exact,1.0
40888945,Deutschland,DE,dictionary_exact,1.0
40888945,Deutschland,DE,dictionary_exact,1.0
40888945,Deutschland,DE,dictionary_exact,1.0
40888945,Deutschland,DE,dictionary_exact,1.0
40888937,Deutschland,DE,dictionary_exact,1.0
40888937,Deutschland,DE,dictionary_exact,1.0
40888936,Deutschland,DE,dictionary_exact,1.0
40888936,Deutschland,DE,dictionary_exact,1.0
40888936,Schweiz,CH,dictionary_exact,1.0
40888936,Deutschland,DE,dictionary_exact,1.0
40888923,Deutschland,DE,dictionary_exact,1.0
40888889,Deutschland,DE,dictionary_exact,1.0
40888889,Deutschland,DE,dictionary_exact,1.0
40888888,Österreich,AT,dictionary_exact,1.0
40888888,Österreich,AT,dictionary_exact,1.0
40888883,Deutschland,DE,dictionary_exact,1.0
40888883,Deutschland,DE,dictionary_exact,1.0
40888883,Deutschland,DE,dictionary_exact,1.0
40888840,Deutschland,DE,dictionary_exact,1.0
40888840,Deutschland,DE,dictionary_exact,1.0
40888840,Deutschland,DE,dictionary_exact,1.0
40888840,Deutschland,DE,dictionary_exact,1.0
40888840,Deutschland,DE,dictionary_exact,1.0
40888840,Deutschland,DE,dictionary_exact,1.0
40888840,Deutschland,DE,dictionary_exact,1.0
40883649,Deutschland,DE,dictionary_exact,1.0
40883649,Deutschland,DE,dictionary_exact,1.0
40883649,Deutschland,DE,dictionary_exact,1.0
40883649,Deutschland,DE,dictionary_exact,1.0
40882943,Schweiz,CH,dictionary_exact,1.0
40882943,Deutschland,DE,dictionary_exact,1.0
40882943,Liechtenstein,LI,dictionary_exact,1.0
40882943,Schweiz,CH,dictionary_exact,1.0
40882943,Schweiz,CH,dictionary_exact,1.0
40882943,Schweiz,CH,dictionary_exact,1.0
40882943,Schweiz,CH,dictionary_exact,1.0
40882937,Germany,DE,pycountry_exact,0.95
40882937,Germany,DE,pycountry_exact,0.95
40882937,Germany,DE,pycountry_exact,0.95
40882937,Austria,AT,pycountry_exact,0.95
40882937,Germany,DE,pycountry_exact,0.95
40882937,Germany,DE,pycountry_exact,0.95
40882937,Germany,DE,pycountry_exact,0.95
40882937,Germany,DE,pycountry_exact,0.95
40882937,Germany,DE,pycountry_exact,0.95
40882937,Germany,DE,pycountry_exact,0.95
40882937,Germany,DE,pycountry_exact,0.95
40882937,Germany,DE,pycountry_exact,0.95
40882664,Deutschland,DE,dictionary_exact,1.0
40882664,Deutschland,DE,dictionary_exact,1.0
40882660,Bünde,CH,pycountry_exact,0.95
40879763,Deutschland,DE,dictionary_exact,1.0
40879763,Deutschland,DE,dictionary_exact,1.0
40879759,Deutschland,DE,dictionary_exact,1.0
40879759,Deutschland,DE,dictionary_exact,1.0
40879752,Deutschland,DE,dictionary_exact,1.0
40879752,Deutschland,DE,dictionary_exact,1.0
40879752,Deutschland,DE,dictionary_exact,1.0
40879752,Deutschland,DE,dictionary_exact,1.0
40879752,Deutschland,DE,dictionary_exact,1.0
40879752,Deutschland,DE,dictionary_exact,1.0
40879752,Deutschland,DE,dictionary_exact,1.0
40879752,Deutschland,DE,dictionary_exact,1.0
40879752,Deutschland,DE,dictionary_exact,1.0
40879752,Deutschland,DE,dictionary_exact,1.0
40879752,Deutschland,DE,dictionary_exact,1.0
40879752,Deutschland,DE,dictionary_exact,1.0
40879752,Deutschland,DE,dictionary_exact,1.0
40879752,Deutschland,DE,dictionary_exact,1.0
40879752,Deutschland,DE,dictionary_exact,1.0
40879752,Deutschland,DE,dictionary_exact,1.0
40879752,Deutschland,DE,dictionary_exact,1.0
40879751,Deutschland,DE,dictionary_exact,1.0
40879751,Deutschland,DE,dictionary_exact,1.0
40879751,Deutschland,DE,dictionary_exact,1.0
40879751,Deutschland,DE,dictionary_exact,1.0
40879751,Deutschland,DE,dictionary_exact,1.0
40879751,Deutschland,DE,dictionary_exact,1.0
40879751,Deutschland,DE,dictionary_exact,1.0
40879751,Deutschland,DE,dictionary_exact,1.0
40879751,Deutschland,DE,dictionary_exact,1.0
40879751,Deutschland,DE,dictionary_exact,1.0
40879751,Deutschland,DE,dictionary_exact,1.0
40879751,Deutschland,DE,dictionary_exact,1.0
40879751,Deutschland,DE,dictionary_exact,1.0
40879751,Deutschland,DE,dictionary_exact,1.0
40879751,Deutschland,DE,dictionary_exact,1.0
40879749,Deutschland,DE,dictionary_exact,1.0
40879749,Deutschland,DE,dictionary_exact,1.0
40879749,Deutschland,DE,dictionary_exact,1.0
40879748,Deutschland,DE,dictionary_exact,1.0
40879748,Deutschland,DE,dictionary_exact,1.0
40879748,Deutschland,DE,dictionary_exact,1.0
40879727,Deutschland,DE,dictionary_exact,1.0
40879727,Deutschland,DE,dictionary_exact,1.0
40879727,Deutschland,DE,dictionary_exact,1.0
40879727,Deutschland,DE,dictionary_exact,1.0
40879727,Deutschland,DE,dictionary_exact,1.0
40879727,Deutschland,DE,dictionary_exact,1.0
40879727,Deutschland,DE,dictionary_exact,1.0
40879727,Deutschland,DE,dictionary_exact,1.0
40879727,Deutschland,DE,dictionary_exact,1.0
40879727,Deutschland,DE,dictionary_exact,1.0
40879727,Deutschland,DE,dictionary_exact,1.0
40879727,Deutschland,DE,dictionary_exact,1.0
40879727,Deutschland,DE,dictionary_exact,1.0
40879727,Deutschland,DE,dictionary_exact,1.0
40879727,Deutschland,DE,dictionary_exact,1.0
40879727,Deutschland,DE,dictionary_exact,1.0
40879727,Deutschland,DE,dictionary_exact,1.0
40879726,Deutschland,DE,dictionary_exact,1.0
40879726,Deutschland,DE,dictionary_exact,1.0
40879726,Deutschland,DE,dictionary_exact,1.0
40879726,Deutschland,DE,dictionary_exact,1.0
40879726,Deutschland,DE,dictionary_exact,1.0
40879726,Deutschland,DE,dictionary_exact,1.0
40879726,Deutschland,DE,dictionary_exact,1.0
40879726,Deutschland,DE,dictionary_exact,1.0
40879726,Deutschland,DE,dictionary_exact,1.0
40879726,Deutschland,DE,dictionary_exact,1.0
40879726,Deutschland,DE,dictionary_exact,1.0
40879726,Deutschland,DE,dictionary_exact,1.0
40879726,Deutschland,DE,dictionary_exact,1.0
40879726,Deutschland,DE,dictionary_exact,1.0
40879726,Deutschland,DE,dictionary_exact,1.0
40879724,Deutschland,DE,dictionary_exact,1.0
40879723,Deutschland,DE,dictionary_exact,1.0
40879722,Deutschland,DE,dictionary_exact,1.0
40879722,Deutschland,DE,dictionary_exact,1.0
40879721,Deutschland,DE,dictionary_exact,1.0
40879721,Österreich,AT,dictionary_exact,1.0
40879721,Deutschland,DE,dictionary_exact,1.0
40879721,Deutschland,DE,dictionary_exact,1.0
40879721,Deutschland,DE,dictionary_exact,1.0
40879721,Deutschland,DE,dictionary_exact,1.0
40879721,Deutschland,DE,dictionary_exact,1.0
40879721,Deutschland,DE,dictionary_exact,1.0
40879716,Deutschland,DE,dictionary_exact,1.0
40879716,Deutschland,DE,dictionary_exact,1.0
40879716,Niederlande,NL,dictionary_exact,1.0
40879716,Niederlande,NL,dictionary_exact,1.0
40879715,Deutschland,DE,dictionary_exact,1.0
40877708,Deutschland,DE,dictionary_exact,1.0
40877708,Deutschland,DE,dictionary_exact,1.0
40877700,Deutschland,DE,dictionary_exact,1.0
40877699,Deutschland,DE,dictionary_exact,1.0
40877698,Deutschland,DE,dictionary_exact,1.0
40877697,Deutschland,DE,dictionary_exact,1.0
40877696,Deutschland,DE,dictionary_exact,1.0
40877695,Deutschland,DE,dictionary_exact,1.0
40877694,Deutschland,DE,dictionary_exact,1.0
40877693,Deutschland,DE,dictionary_exact,1.0
40877692,Deutschland,DE,dictionary_exact,1.0
40877691,Deutschland,DE,dictionary_exact,1.0
40877690,Deutschland,DE,dictionary_exact,1.0
40877689,Deutschland,DE,dictionary_exact,1.0
40877688,Deutschland,DE,dictionary_exact,1.0
40877688,Deutschland,DE,dictionary_exact,1.0
40877688,Deutschland,DE,dictionary_exact,1.0
40877687,Germany,DE,pycountry_exact,0.95
40877686,Deutschland,DE,dictionary_exact,1.0
40877686,Deutschland,DE,dictionary_exact,1.0
40877685,Deutschland,DE,dictionary_exact,1.0
40877685,Deutschland,DE,dictionary_exact,1.0
40877685,Deutschland,DE,dictionary_exact,1.0
40877685,Deutschland,DE,dictionary_exact,1.0
40877684,Deutschland,DE,dictionary_exact,1.0
40877684,Deutschland,DE,dictionary_exact,1.0
40877683,Deutschland,DE,dictionary_exact,1.0
40877682,Deutschland,DE,dictionary_exact,1.0
40877681,Deutschland,DE,dictionary_exact,1.0
40877680,Deutschland,DE,dictionary_exact,1.0
40877679,Deutschland,DE,dictionary_exact,1.0
40877678,Deutschland,DE,dictionary_exact,1.0
40877677,Deutschland,DE,dictionary_exact,1.0
40877677,Deutschland,DE,dictionary_exact,1.0
40877676,Deutschland,DE,dictionary_exact,1.0
40877675,Deutschland,DE,dictionary_exact,1.0
40877674,Deutschland,DE,dictionary_exact,1.0
40877673,Deutschland,DE,dictionary_exact,1.0
40877672,Deutschland,DE,dictionary_exact,1.0
40877671,Deutschland,DE,dictionary_exact,1.0
40877670,Deutschland,DE,dictionary_exact,1.0
40877669,Deutschland,DE,dictionary_exact,1.0
40877668,Deutschland,DE,dictionary_exact,1.0
40877667,Deutschland,DE,dictionary_exact,1.0
40877666,Deutschland,DE,dictionary_exact,1.0
40877665,Deutschland,DE,dictionary_exact,1.0
40877664,Deutschland,DE,dictionary_exact,1.0
40877663,Deutschland,DE,dictionary_exact,1.0
40877662,Deutschland,DE,dictionary_exact,1.0
40877661,Deutschland,DE,dictionary_exact,1.0
40877660,Deutschland,DE,dictionary_exact,1.0
40877659,Deutschland,DE,dictionary_exact,1.0
40877658,Deutschland,DE,dictionary_exact,1.0
40877657,Deutschland,DE,dictionary_exact,1.0
40877656,Deutschland,DE,dictionary_exact,1.0
40877655,Deutschland,DE,dictionary_exact,1.0
40877654,Deutschland,DE,dictionary_exact,1.0
40877615,Deutschland,DE,dictionary_exact,1.0
40877597,Deutschland,DE,dictionary_exact,1.0
40877597,Deutschland,DE,dictionary_exact,1.0
40877597,Deutschland,DE,dictionary_exact,1.0
40877581,Deutschland,DE,dictionary_exact,1.0
40877581,Deutschland,DE,dictionary_exact,1.0
40877489,Deutschland,DE,dictionary_exact,1.0
40877431,Deutschland,DE,dictionary_exact,1.0
40877431,Deutschland,DE,dictionary_exact,1.0
40877405,Deutschland,DE,dictionary_exact,1.0
40877405,Deutschland,DE,dictionary_exact,1.0
40876827,Germany,DE,pycountry_exact,0.95
40876827,Germany,DE,pycountry_exact,0.95
40876827,Germany,DE,pycountry_exact,0.95
40876827,Germany,DE,pycountry_exact,0.95
40876827,Germany,DE,pycountry_exact,0.95
40876827,Germany,DE,pycountry_exact,0.95
40876827,Germany,DE,pycountry_exact,0.95
40876827,Germany,DE,pycountry_exact,0.95
40876827,Germany,DE,pycountry_exact,0.95
40876827,Germany,DE,pycountry_exact,0.95
40876827,Germany,DE,pycountry_exact,0.95
40876827,Germany,DE,pycountry_exact,0.95
40876827,Germany,DE,pycountry_exact,0.95
40876827,Germany,DE,pycountry_exact,0.95
40876827,Germany,DE,pycountry_exact,0.95
40876827,Germany,DE,pycountry_exact,0.95
40876827,Germany,DE,pycountry_exact,0.95
40876827,Germany,DE,pycountry_exact,0.95
40876827,Germany,DE,pycountry_exact,0.95
40876827,Germany,DE,pycountry_exact,0.95
40876827,Germany,DE,pycountry_exact,0.95
40876827,Germany,DE,pycountry_exact,0.95
40876827,Germany,DE,pycountry_exact,0.95
40876827,Germany,DE,pycountry_exact,0.95
40876827,Germany,DE,pycountry_exact,0.95
40876827,Germany,DE,pycountry_exact,0.95
40876827,Germany,DE,pycountry_exact,0.95
40876827,Germany,DE,pycountry_exact,0.95
40876827,Germany,DE,pycountry_exact,0.95
40876827,Germany,DE,pycountry_exact,0.95
40876827,Germany,DE,pycountry_exact,0.95
40876827,Germany,DE,pycountry_exact,0.95
40876827,Health Care Research and Rehabilitation Science,US,geonames_word,0.8
40864321,Deutschland,DE,dictionary_exact,1.0
40864321,Deutschland,DE,dictionary_exact,1.0
40864321,Deutschland,DE,dictionary_exact,1.0
40864321,Deutschland,DE,dictionary_exact,1.0
40875678,Schweiz,CH,dictionary_exact,1.0
40875085,Deutschland,DE,dictionary_exact,1.0
40875085,Deutschland,DE,dictionary_exact,1.0
40875035,Deutschland,DE,dictionary_exact,1.0
40875035,Deutschland,DE,dictionary_exact,1.0
40875035,Deutschland,DE,dictionary_exact,1.0
40875034,Deutschland,DE,dictionary_exact,1.0
40875034,Deutschland,DE,dictionary_exact,1.0
40875034,Deutschland,DE,dictionary_exact,1.0
40875023,Deutschland,DE,dictionary_exact,1.0
40875021,Deutschland,DE,dictionary_exact,1.0
40875015,Deutschland,DE,dictionary_exact,1.0
40875015,Deutschland,DE,dictionary_exact,1.0
40875010,Deutschland,DE,dictionary_exact,1.0
40875010,Deutschland,DE,dictionary_exact,1.0
40875010,Deutschland,DE,dictionary_exact,1.0
40875010,Deutschland,DE,dictionary_exact,1.0
40875010,Deutschland,DE,dictionary_exact,1.0
40874991,Deutschland,DE,dictionary_exact,1.0
40874991,Deutschland,DE,dictionary_exact,1.0
40874983,Deutschland,DE,dictionary_exact,1.0
40874983,Deutschland,DE,dictionary_exact,1.0
40874983,Deutschland,DE,dictionary_exact,1.0
40874966,Deutschland,DE,dictionary_exact,1.0
40874966,Deutschland,DE,dictionary_exact,1.0
40874966,Deutschland,DE,dictionary_exact,1.0
40874966,Deutschland,DE,dictionary_exact,1.0
40866574,Deutschland,DE,dictionary_exact,1.0
40866574,Deutschland,DE,dictionary_exact,1.0
40866574,Deutschland,DE,dictionary_exact,1.0
40866574,Deutschland,DE,dictionary_exact,1.0
40866574,Deutschland,DE,dictionary_exact,1.0
40866574,Deutschland,DE,dictionary_exact,1.0
40866574,Deutschland,DE,dictionary_exact,1.0
40866574,Deutschland,DE,dictionary_exact,1.0
40864297,Deutschland,DE,dictionary_exact,1.0
40864297,Deutschland,DE,dictionary_exact,1.0
40864271,Deutschland,DE,dictionary_exact,1.0
40864271,Deutschland,DE,dictionary_exact,1.0
40864260,Deutschland,DE,dictionary_exact,1.0
40864260,Schweiz,CH,dictionary_exact,1.0
40864248,Deutschland,DE,dictionary_exact,1.0
40864248,Deutschland,DE,dictionary_exact,1.0
40864242,Deutschland,DE,dictionary_exact,1.0
40864242,Dänemark,DK,dictionary_exact,1.0
40864242,Deutschland,DE,dictionary_exact,1.0
40864242,Deutschland,DE,dictionary_exact,1.0
40864242,Deutschland,DE,dictionary_exact,1.0
40864242,Deutschland,DE,dictionary_exact,1.0
40864242,Deutschland,DE,dictionary_exact,1.0
40864242,Deutschland,DE,dictionary_exact,1.0
40864242,Deutschland,DE,dictionary_exact,1.0
40864233,Deutschland,DE,dictionary_exact,1.0
40864233,Deutschland,DE,dictionary_exact,1.0
40864191,Deutschland,DE,dictionary_exact,1.0
40864191,Deutschland,DE,dictionary_exact,1.0
40864191,Deutschland,DE,dictionary_exact,1.0
40864191,Deutschland,DE,dictionary_exact,1.0
40864191,Deutschland,DE,dictionary_exact,1.0
40864190,Deutschland,DE,dictionary_exact,1.0
40864190,Deutschland,DE,dictionary_exact,1.0
40864190,Deutschland,DE,dictionary_exact,1.0
40864190,Deutschland,DE,dictionary_exact,1.0
40864186,Deutschland,DE,dictionary_exact,1.0
40864186,Deutschland,DE,dictionary_exact,1.0
40864186,Deutschland,DE,dictionary_exact,1.0
40864186,Deutschland,DE,dictionary_exact,1.0
40864185,Deutschland,DE,dictionary_exact,1.0
40864184,Deutschland,DE,dictionary_exact,1.0
40864184,Deutschland,DE,dictionary_exact,1.0
40858949,Deutschland,DE,dictionary_exact,1.0
40858949,Deutschland,DE,dictionary_exact,1.0
40858486,Deutschland,DE,dictionary_exact,1.0
40858486,Deutschland,DE,dictionary_exact,1.0
40858485,Deutschland,DE,dictionary_exact,1.0
40858485,Deutschland,DE,dictionary_exact,1.0
40858485,Deutschland,DE,dictionary_exact,1.0
40858485,Deutschland,DE,dictionary_exact,1.0
40858485,Deutschland,DE,dictionary_exact,1.0
40858485,Deutschland,DE,dictionary_exact,1.0
40858485,Deutschland,DE,dictionary_exact,1.0
40858485,Deutschland,DE,dictionary_exact,1.0
40858485,Deutschland,DE,dictionary_exact,1.0
40858485,Deutschland,DE,dictionary_exact,1.0
40858485,Deutschland,DE,dictionary_exact,1.0
40858158,Germany,DE,pycountry_exact,0.95
40858158,Germany,DE,pycountry_exact,0.95
40858158,Germany,DE,pycountry_exact,0.95
40858142,Witten,DE,geonames_exact,0.9
40858142,Deutschland,DE,dictionary_exact,1.0
40858142,Ingoldstadt,not found,Not found,0.0
40858142,Burgwedel,not found,Not found,0.0
40858142,Germany,DE,pycountry_exact,0.95
40858142,Germany,DE,pycountry_exact,0.95
40858142,Bad Wildungen,DE,geonames_exact,0.9
40858142,Erlangen,DE,geonames_exact,0.9
40858142,Bad Hersfeld,DE,geonames_exact,0.9
40858142,Wuppertal,DE,geonames_exact,0.9
40858142,Dresden,DE,geonames_exact,0.9
40858142,Konz,DE,geonames_exact,0.9
40858142,Limburgerhof,not found,Not found,0.0
40858142,Augsburg,DE,geonames_exact,0.9
40858141,Germany,DE,pycountry_exact,0.95
40858125,Germany,DE,pycountry_exact,0.95
40858125,Germany,DE,pycountry_exact,0.95
40856849,Deutschland,DE,dictionary_exact,1.0
40856849,Deutschland,DE,dictionary_exact,1.0
40856849,Deutschland,DE,dictionary_exact,1.0
40856836,Deutschland,DE,dictionary_exact,1.0
40856836,Deutschland,DE,dictionary_exact,1.0
40856836,Deutschland,DE,dictionary_exact,1.0
40856816,Deutschland,DE,dictionary_exact,1.0
40856816,Deutschland,DE,dictionary_exact,1.0
40856816,Deutschland,DE,dictionary_exact,1.0
40856807,Deutschland,DE,dictionary_exact,1.0
40856807,Deutschland,DE,dictionary_exact,1.0
40856807,Deutschland,DE,dictionary_exact,1.0
40856807,Deutschland,DE,dictionary_exact,1.0
40856807,Deutschland,DE,dictionary_exact,1.0
40856807,Deutschland,DE,dictionary_exact,1.0
40856807,Deutschland,DE,dictionary_exact,1.0
40856806,Deutschland,DE,dictionary_exact,1.0
40856806,Deutschland,DE,dictionary_exact,1.0
40856806,Deutschland,DE,dictionary_exact,1.0
40856803,Deutschland,DE,dictionary_exact,1.0
40856794,Deutschland,DE,dictionary_exact,1.0
40856794,Deutschland,DE,dictionary_exact,1.0
40856794,Deutschland,DE,dictionary_exact,1.0
40856794,USA,US,dictionary_exact,1.0
40854533,Deutschland,DE,dictionary_exact,1.0
40854308,Deutschland,DE,dictionary_exact,1.0
40854307,Deutschland,DE,dictionary_exact,1.0
40854307,Deutschland,DE,dictionary_exact,1.0
40854307,Deutschland,DE,dictionary_exact,1.0
40853593,Deutschland,DE,dictionary_exact,1.0
40853472,Deutschland,DE,dictionary_exact,1.0
40853472,Deutschland,DE,dictionary_exact,1.0
40853472,Deutschland,DE,dictionary_exact,1.0
40853472,Deutschland,DE,dictionary_exact,1.0
40853463,Deutschland,DE,dictionary_exact,1.0
40853463,Deutschland,DE,dictionary_exact,1.0
40853461,Deutschland,DE,dictionary_exact,1.0
40853461,Deutschland,DE,dictionary_exact,1.0
40853450,Deutschland,DE,dictionary_exact,1.0
40853449,Deutschland,DE,dictionary_exact,1.0
40853449,Deutschland,DE,dictionary_exact,1.0
40853449,Deutschland,DE,dictionary_exact,1.0
40853449,Deutschland,DE,dictionary_exact,1.0
40853446,Deutschland,DE,dictionary_exact,1.0
40853446,Deutschland,DE,dictionary_exact,1.0
40853446,Deutschland,DE,dictionary_exact,1.0
40853446,Deutschland,DE,dictionary_exact,1.0
40853446,Deutschland,DE,dictionary_exact,1.0
40853445,Deutschland,DE,dictionary_exact,1.0
40853445,Deutschland,DE,dictionary_exact,1.0
40853445,Deutschland,DE,dictionary_exact,1.0
40853445,Italien,IT,dictionary_exact,1.0
40853445,Deutschland,DE,dictionary_exact,1.0
40853445,Deutschland,DE,dictionary_exact,1.0
40853445,Deutschland,DE,dictionary_exact,1.0
40853373,Deutschland,DE,dictionary_exact,1.0
40853373,Deutschland,DE,dictionary_exact,1.0
40853373,Deutschland,DE,dictionary_exact,1.0
40853373,Deutschland,DE,dictionary_exact,1.0
40853373,Deutschland,DE,dictionary_exact,1.0
40853373,Deutschland,DE,dictionary_exact,1.0
40853373,Deutschland,DE,dictionary_exact,1.0
40848068,Deutschland,DE,dictionary_exact,1.0
40848068,Deutschland,DE,dictionary_exact,1.0
40848068,Deutschland,DE,dictionary_exact,1.0
40848068,Deutschland,DE,dictionary_exact,1.0
40848061,Deutschland,DE,dictionary_exact,1.0
40848061,Deutschland,DE,dictionary_exact,1.0
40848061,Deutschland,DE,dictionary_exact,1.0
40846778,Kanada,CA,dictionary_exact,1.0
40846778,Deutschland,DE,dictionary_exact,1.0
40846778,Deutschland,DE,dictionary_exact,1.0
40846778,Deutschland,DE,dictionary_exact,1.0
40846778,Österreich,AT,dictionary_exact,1.0
40846533,Deutschland,DE,dictionary_exact,1.0
40846533,Deutschland,DE,dictionary_exact,1.0
40846533,Deutschland,DE,dictionary_exact,1.0
40846533,Deutschland,DE,dictionary_exact,1.0
40846533,Deutschland,DE,dictionary_exact,1.0
40840455,Germany,DE,pycountry_exact,0.95
40840455,Germany,DE,pycountry_exact,0.95
40840455,Germany,DE,pycountry_exact,0.95
40844628,Deutschland,DE,dictionary_exact,1.0
40844628,Deutschland,DE,dictionary_exact,1.0
40844628,Deutschland,DE,dictionary_exact,1.0
40844628,Deutschland,DE,dictionary_exact,1.0
40844628,Deutschland,DE,dictionary_exact,1.0
40844603,Deutschland,DE,dictionary_exact,1.0
40844596,Deutschland,DE,dictionary_exact,1.0
40844596,Deutschland,DE,dictionary_exact,1.0
40844596,Deutschland,DE,dictionary_exact,1.0
40844596,Deutschland,DE,dictionary_exact,1.0
40844596,Estland,EE,dictionary_exact,1.0
40844596,Deutschland,DE,dictionary_exact,1.0
40844596,Deutschland,DE,dictionary_exact,1.0
40844550,Deutschland,DE,dictionary_exact,1.0
40844550,Deutschland,DE,dictionary_exact,1.0
40844550,Deutschland,DE,dictionary_exact,1.0
40844523,Österreich,AT,dictionary_exact,1.0
40844523,Österreich,AT,dictionary_exact,1.0
40844523,Österreich,AT,dictionary_exact,1.0
40844516,Deutschland,DE,dictionary_exact,1.0
40844516,Deutschland,DE,dictionary_exact,1.0
40844516,Deutschland,DE,dictionary_exact,1.0
40840456,Germany,DE,pycountry_exact,0.95
40840456,Germany,DE,pycountry_exact,0.95
40839304,Deutschland,DE,dictionary_exact,1.0
40839304,Deutschland,DE,dictionary_exact,1.0
40839224,Deutschland,DE,dictionary_exact,1.0
40839219,Deutschland,DE,dictionary_exact,1.0
40839219,Deutschland,DE,dictionary_exact,1.0
40839219,Deutschland,DE,dictionary_exact,1.0
40839110,Deutschland,DE,dictionary_exact,1.0
40839110,Deutschland,DE,dictionary_exact,1.0
40839110,Deutschland,DE,dictionary_exact,1.0
40839104,Deutschland,DE,dictionary_exact,1.0
40839088,Deutschland,DE,dictionary_exact,1.0
40839088,Deutschland,DE,dictionary_exact,1.0
40839088,Deutschland,DE,dictionary_exact,1.0
40839087,Deutschland,DE,dictionary_exact,1.0
40839087,Deutschland,DE,dictionary_exact,1.0
40839087,Deutschland,DE,dictionary_exact,1.0
40839087,Deutschland,DE,dictionary_exact,1.0
40839086,Deutschland,DE,dictionary_exact,1.0
40839086,Deutschland,DE,dictionary_exact,1.0
40839083,Deutschland,DE,dictionary_exact,1.0
40839083,Deutschland,DE,dictionary_exact,1.0
40839083,Deutschland,DE,dictionary_exact,1.0
40839083,Deutschland,DE,dictionary_exact,1.0
40839031,Österreich,AT,dictionary_exact,1.0
40839016,Deutschland,DE,dictionary_exact,1.0
40839016,Deutschland,DE,dictionary_exact,1.0
40839014,Österreich,AT,dictionary_exact,1.0
40839013,Deutschland,DE,dictionary_exact,1.0
40839013,Deutschland,DE,dictionary_exact,1.0
40839012,Österreich,AT,dictionary_exact,1.0
40839009,Deutschland,DE,dictionary_exact,1.0
40839009,Deutschland,DE,dictionary_exact,1.0
40839008,Deutschland,DE,dictionary_exact,1.0
40839008,Deutschland,DE,dictionary_exact,1.0
40838406,CH-,LU,pycountry_exact,0.95
40837488,Schweiz,CH,dictionary_exact,1.0
40837488,Schweiz,CH,dictionary_exact,1.0
40837488,Schweiz,CH,dictionary_exact,1.0
40836141,Deutschland,DE,dictionary_exact,1.0
40836141,Deutschland,DE,dictionary_exact,1.0
40836123,Deutschland,DE,dictionary_exact,1.0
40836123,Deutschland,DE,dictionary_exact,1.0
40836123,Deutschland,DE,dictionary_exact,1.0
40833614,Deutschland,DE,dictionary_exact,1.0
40833614,Deutschland,DE,dictionary_exact,1.0
40833613,Deutschland,DE,dictionary_exact,1.0
40833613,Deutschland,DE,dictionary_exact,1.0
40833592,Deutschland,DE,dictionary_exact,1.0
40833592,Deutschland,DE,dictionary_exact,1.0
40833591,Deutschland,DE,dictionary_exact,1.0
40833591,Deutschland,DE,dictionary_exact,1.0
40833591,Deutschland,DE,dictionary_exact,1.0
40833591,Deutschland,DE,dictionary_exact,1.0
40833591,Deutschland,DE,dictionary_exact,1.0
40833591,Deutschland,DE,dictionary_exact,1.0
40833587,Deutschland,DE,dictionary_exact,1.0
40833503,Deutschland,DE,dictionary_exact,1.0
40833503,Deutschland,DE,dictionary_exact,1.0
40833427,Deutschland,DE,dictionary_exact,1.0
40830543,Deutschland,DE,dictionary_exact,1.0
40830543,Deutschland,DE,dictionary_exact,1.0
40830543,Deutschland,DE,dictionary_exact,1.0
40830275,Deutschland,DE,dictionary_exact,1.0
40829741,Spain,ES,pycountry_exact,0.95
40829741,Spain,ES,pycountry_exact,0.95
40829741,Spain,ES,pycountry_exact,0.95
40829625,Laatzen,DE,geonames_exact,0.9
40829625,Clausthal-Zellerfeld,DE,geonames_exact,0.9
40829625,Universität Hildesheim,DE,geonames_word,0.8
40828471,Deutschland,DE,dictionary_exact,1.0
40828471,Deutschland,DE,dictionary_exact,1.0
40828394,Deutschland,DE,dictionary_exact,1.0
40828394,Deutschland,DE,dictionary_exact,1.0
40828378,Deutschland,DE,dictionary_exact,1.0
40828378,Spanien,ES,dictionary_exact,1.0
40828378,Deutschland,DE,dictionary_exact,1.0
40828378,Deutschland,DE,dictionary_exact,1.0
40828378,Spanien,ES,dictionary_exact,1.0
40828377,Deutschland,DE,dictionary_exact,1.0
40828377,Deutschland,DE,dictionary_exact,1.0
40828377,Deutschland,DE,dictionary_exact,1.0
40828377,Deutschland,DE,dictionary_exact,1.0
40828377,Deutschland,DE,dictionary_exact,1.0
40828377,Deutschland,DE,dictionary_exact,1.0
40828377,Deutschland,DE,dictionary_exact,1.0
40828376,Deutschland,DE,dictionary_exact,1.0
40828376,Deutschland,DE,dictionary_exact,1.0
40828376,Deutschland,DE,dictionary_exact,1.0
40828376,Deutschland,DE,dictionary_exact,1.0
40828319,Deutschland,DE,dictionary_exact,1.0
40828319,Deutschland,DE,dictionary_exact,1.0
40828250,Deutschland,DE,dictionary_exact,1.0
40828250,Deutschland,DE,dictionary_exact,1.0
40828250,Deutschland,DE,dictionary_exact,1.0
40828250,Deutschland,DE,dictionary_exact,1.0
40828250,Deutschland,DE,dictionary_exact,1.0
40828249,Deutschland,DE,dictionary_exact,1.0
40828249,Deutschland,DE,dictionary_exact,1.0
40828249,Deutschland,DE,dictionary_exact,1.0
40828249,Deutschland,DE,dictionary_exact,1.0
40828249,Großbritannien,GB,dictionary_exact,1.0
40828248,Deutschland,DE,dictionary_exact,1.0
40828248,Deutschland,DE,dictionary_exact,1.0
40828248,Deutschland,DE,dictionary_exact,1.0
40828248,Deutschland,DE,dictionary_exact,1.0
40826183,Deutschland,DE,dictionary_exact,1.0
40826183,Deutschland,DE,dictionary_exact,1.0
40825876,Deutschland,DE,dictionary_exact,1.0
40825876,Deutschland,DE,dictionary_exact,1.0
40825351,Hamburg,DE,pycountry_exact,0.95
40825351,Karlsruhe,DE,geonames_exact,0.9
40825351,Stuttgart (bis Juni 2024),DE,geonames_word,0.8
40825347,St. Gallen,CH,geonames_exact,0.9
40825347,St. Gallen,CH,geonames_exact,0.9
40825346,Deutschland,DE,dictionary_exact,1.0
40825346,Deutschland,DE,dictionary_exact,1.0
40825321,Germany,DE,pycountry_exact,0.95
40825321,Germany,DE,pycountry_exact,0.95
40824607,Deutschland,DE,dictionary_exact,1.0
40824607,Deutschland,DE,dictionary_exact,1.0
40824607,Deutschland,DE,dictionary_exact,1.0
40824607,Deutschland,DE,dictionary_exact,1.0
40824606,Deutschland,DE,dictionary_exact,1.0
40824606,Deutschland,DE,dictionary_exact,1.0
40824605,Deutschland,DE,dictionary_exact,1.0
40824605,Deutschland,DE,dictionary_exact,1.0
40824604,Deutschland,DE,dictionary_exact,1.0
40824604,Deutschland,DE,dictionary_exact,1.0
40824603,Deutschland,DE,dictionary_exact,1.0
40824603,Deutschland,DE,dictionary_exact,1.0
40824602,Deutschland,DE,dictionary_exact,1.0
40824602,Deutschland,DE,dictionary_exact,1.0
40824602,Deutschland,DE,dictionary_exact,1.0
40824602,Deutschland,DE,dictionary_exact,1.0
40824600,Deutschland,DE,dictionary_exact,1.0
40824600,Deutschland,DE,dictionary_exact,1.0
40824600,Deutschland,DE,dictionary_exact,1.0
40824600,Deutschland,DE,dictionary_exact,1.0
40824541,Deutschland,DE,dictionary_exact,1.0
40824541,Deutschland,DE,dictionary_exact,1.0
40824541,Deutschland,DE,dictionary_exact,1.0
40824541,Deutschland,DE,dictionary_exact,1.0
40824541,USA,US,dictionary_exact,1.0
40824541,Deutschland,DE,dictionary_exact,1.0
40824541,Deutschland,DE,dictionary_exact,1.0
40824541,Deutschland,DE,dictionary_exact,1.0
40824445,Deutschland,DE,dictionary_exact,1.0
40824445,Schweiz,CH,dictionary_exact,1.0
40824445,Deutschland,DE,dictionary_exact,1.0
40824445,Deutschland,DE,dictionary_exact,1.0
40824445,Deutschland,DE,dictionary_exact,1.0
40824445,Deutschland,DE,dictionary_exact,1.0
40824398,Deutschland,DE,dictionary_exact,1.0
40824380,Deutschland,DE,dictionary_exact,1.0
40824380,Deutschland,DE,dictionary_exact,1.0
40824313,Deutschland,DE,dictionary_exact,1.0
40824313,Deutschland,DE,dictionary_exact,1.0
40824313,Deutschland,DE,dictionary_exact,1.0
40824313,Deutschland,DE,dictionary_exact,1.0
40824313,Deutschland,DE,dictionary_exact,1.0
40824313,Deutschland,DE,dictionary_exact,1.0
40824313,Deutschland,DE,dictionary_exact,1.0
40824313,Deutschland,DE,dictionary_exact,1.0
40824313,Schweiz,CH,dictionary_exact,1.0
40824313,Deutschland,DE,dictionary_exact,1.0
40824313,Deutschland,DE,dictionary_exact,1.0
40824313,Deutschland,DE,dictionary_exact,1.0
40824313,Deutschland,DE,dictionary_exact,1.0
40824313,Deutschland,DE,dictionary_exact,1.0
40824313,Deutschland,DE,dictionary_exact,1.0
40824313,Deutschland,DE,dictionary_exact,1.0
40824313,Deutschland,DE,dictionary_exact,1.0
40824313,Deutschland,DE,dictionary_exact,1.0
40824313,Deutschland,DE,dictionary_exact,1.0
40824313,Deutschland,DE,dictionary_exact,1.0
40824313,Deutschland,DE,dictionary_exact,1.0
40824313,Deutschland,DE,dictionary_exact,1.0
40824313,Deutschland,DE,dictionary_exact,1.0
40824313,Deutschland,DE,dictionary_exact,1.0
40824313,Deutschland,DE,dictionary_exact,1.0
40824313,Deutschland,DE,dictionary_exact,1.0
40824313,Deutschland,DE,dictionary_exact,1.0
40824313,Deutschland,DE,dictionary_exact,1.0
40824313,Deutschland,DE,dictionary_exact,1.0
40824313,Deutschland,DE,dictionary_exact,1.0
40824313,Deutschland,DE,dictionary_exact,1.0
40824313,Deutschland,DE,dictionary_exact,1.0
40824313,Deutschland,DE,dictionary_exact,1.0
40824313,Deutschland,DE,dictionary_exact,1.0
40824313,Österreich,AT,dictionary_exact,1.0
40824313,Deutschland,DE,dictionary_exact,1.0
40824313,Deutschland,DE,dictionary_exact,1.0
40824313,Deutschland,DE,dictionary_exact,1.0
40824313,Deutschland,DE,dictionary_exact,1.0
40824313,Deutschland,DE,dictionary_exact,1.0
40824305,Österreich,AT,dictionary_exact,1.0
40824287,Deutschland,DE,dictionary_exact,1.0
40816299,Germany,DE,pycountry_exact,0.95
40816299,Germany,DE,pycountry_exact,0.95
40815428,Österreich,AT,dictionary_exact,1.0
40815406,Deutschland,DE,dictionary_exact,1.0
40815406,Deutschland,DE,dictionary_exact,1.0
40815373,Österreich,AT,dictionary_exact,1.0
40815372,Deutschland,DE,dictionary_exact,1.0
40815372,Deutschland,DE,dictionary_exact,1.0
40815332,Deutschland,DE,dictionary_exact,1.0
40815332,Deutschland,DE,dictionary_exact,1.0
40815332,Deutschland,DE,dictionary_exact,1.0
40815332,Schweiz,CH,dictionary_exact,1.0
40815332,Deutschland,DE,dictionary_exact,1.0
40815332,Deutschland,DE,dictionary_exact,1.0
40815332,Deutschland,DE,dictionary_exact,1.0
40815318,Deutschland,DE,dictionary_exact,1.0
40815318,Deutschland,DE,dictionary_exact,1.0
40815318,Deutschland,DE,dictionary_exact,1.0
40815317,Deutschland,DE,dictionary_exact,1.0
40813919,Spanien,ES,dictionary_exact,1.0
40813919,Großbritannien,GB,dictionary_exact,1.0
40813919,Spanien,ES,dictionary_exact,1.0
40813919,Großbritannien,GB,dictionary_exact,1.0
40813727,Deutschland,DE,dictionary_exact,1.0
40812581,Deutschland,DE,dictionary_exact,1.0
40812581,Deutschland,DE,dictionary_exact,1.0
40812581,Deutschland,DE,dictionary_exact,1.0
40810925,Schweiz,CH,dictionary_exact,1.0
40810925,Schweiz,CH,dictionary_exact,1.0
40810925,Schweiz,CH,dictionary_exact,1.0
40810925,Schweiz,CH,dictionary_exact,1.0
40810925,Schweiz,CH,dictionary_exact,1.0
40810925,Schweiz,CH,dictionary_exact,1.0
40810925,Schweiz,CH,dictionary_exact,1.0
40810925,Schweiz,CH,dictionary_exact,1.0
40810925,Schweiz,CH,dictionary_exact,1.0
40810925,Schweiz,CH,dictionary_exact,1.0
40810925,Deutschland,DE,dictionary_exact,1.0
40810786,Deutschland,DE,dictionary_exact,1.0
40810786,Deutschland,DE,dictionary_exact,1.0
40810783,Deutschland,DE,dictionary_exact,1.0
40810783,Deutschland,DE,dictionary_exact,1.0
40804544,Deutschland,DE,dictionary_exact,1.0
40804544,Deutschland,DE,dictionary_exact,1.0
40804544,Deutschland,DE,dictionary_exact,1.0
40804544,Deutschland,DE,dictionary_exact,1.0
40804544,Deutschland,DE,dictionary_exact,1.0
40804544,Deutschland,DE,dictionary_exact,1.0
40804544,Deutschland,DE,dictionary_exact,1.0
40804544,Österreich,AT,dictionary_exact,1.0
40804544,Österreich,AT,dictionary_exact,1.0
40804544,Deutschland,DE,dictionary_exact,1.0
40804544,Deutschland,DE,dictionary_exact,1.0
40802055,Deutschland,DE,dictionary_exact,1.0
40802055,Deutschland,DE,dictionary_exact,1.0
40802055,Deutschland,DE,dictionary_exact,1.0
40802055,Deutschland,DE,dictionary_exact,1.0
40802055,Deutschland,DE,dictionary_exact,1.0
40802055,Deutschland,DE,dictionary_exact,1.0
40802055,Deutschland,DE,dictionary_exact,1.0
40802055,Deutschland,DE,dictionary_exact,1.0
40802055,Deutschland,DE,dictionary_exact,1.0
40802055,Deutschland,DE,dictionary_exact,1.0
40801952,Österreich,AT,dictionary_exact,1.0
40801952,Österreich,AT,dictionary_exact,1.0
40801952,Österreich,AT,dictionary_exact,1.0
40801951,Deutschland,DE,dictionary_exact,1.0
40801951,Deutschland,DE,dictionary_exact,1.0
40801951,Deutschland,DE,dictionary_exact,1.0
40801951,Österreich,AT,dictionary_exact,1.0
40801918,Deutschland,DE,dictionary_exact,1.0
40801918,Deutschland,DE,dictionary_exact,1.0
40801918,Deutschland,DE,dictionary_exact,1.0
40801918,Deutschland,DE,dictionary_exact,1.0
40796670,Deutschland,DE,dictionary_exact,1.0
40796670,Deutschland,DE,dictionary_exact,1.0
40796670,Deutschland,DE,dictionary_exact,1.0
40796670,Deutschland,DE,dictionary_exact,1.0
40796670,Deutschland,DE,dictionary_exact,1.0
40796670,Deutschland,DE,dictionary_exact,1.0
40796670,Deutschland,DE,dictionary_exact,1.0
40796670,Deutschland,DE,dictionary_exact,1.0
40796670,Deutschland,DE,dictionary_exact,1.0
40796670,Deutschland,DE,dictionary_exact,1.0
40796670,Deutschland,DE,dictionary_exact,1.0
40796670,Deutschland,DE,dictionary_exact,1.0
40796670,Deutschland,DE,dictionary_exact,1.0
40796670,Deutschland,DE,dictionary_exact,1.0
40796670,Deutschland,DE,dictionary_exact,1.0
40796670,Deutschland,DE,dictionary_exact,1.0
40796670,Deutschland,DE,dictionary_exact,1.0
40796670,Deutschland,DE,dictionary_exact,1.0
40796670,Deutschland,DE,dictionary_exact,1.0
40796670,Deutschland,DE,dictionary_exact,1.0
40796670,Deutschland,DE,dictionary_exact,1.0
40796670,Deutschland,DE,dictionary_exact,1.0
40796670,Deutschland,DE,dictionary_exact,1.0
40796670,Deutschland,DE,dictionary_exact,1.0
40796670,Deutschland,DE,dictionary_exact,1.0
40796670,Deutschland,DE,dictionary_exact,1.0
40796670,Deutschland,DE,dictionary_exact,1.0
40796670,Deutschland,DE,dictionary_exact,1.0
40796670,Deutschland,DE,dictionary_exact,1.0
40796670,Deutschland,DE,dictionary_exact,1.0
40796670,Deutschland,DE,dictionary_exact,1.0
40796670,Deutschland,DE,dictionary_exact,1.0
40796670,Deutschland,DE,dictionary_exact,1.0
40796670,Indien,IN,dictionary_exact,1.0
40796670,Deutschland,DE,dictionary_exact,1.0
40795901,Deutschland,DE,dictionary_exact,1.0
40795901,Deutschland,DE,dictionary_exact,1.0
40795901,Deutschland,DE,dictionary_exact,1.0
40795901,Deutschland,DE,dictionary_exact,1.0
40795901,Deutschland,DE,dictionary_exact,1.0
40795901,Deutschland,DE,dictionary_exact,1.0
40795901,Deutschland,DE,dictionary_exact,1.0
40795901,Deutschland,DE,dictionary_exact,1.0
40795901,Deutschland,DE,dictionary_exact,1.0
40795901,Deutschland,DE,dictionary_exact,1.0
40795901,Deutschland,DE,dictionary_exact,1.0
40795901,Deutschland,DE,dictionary_exact,1.0
40795901,Deutschland,DE,dictionary_exact,1.0
40795901,Deutschland,DE,dictionary_exact,1.0
40795901,Deutschland,DE,dictionary_exact,1.0
40795900,Deutschland,DE,dictionary_exact,1.0
40795900,Deutschland,DE,dictionary_exact,1.0
40795900,Deutschland,DE,dictionary_exact,1.0
40795884,Germany,DE,pycountry_exact,0.95
40795884,Germany,DE,pycountry_exact,0.95
40795866,Germany,DE,pycountry_exact,0.95
40795866,Germany,DE,pycountry_exact,0.95
40795866,Germany,DE,pycountry_exact,0.95
40795865,Germany,DE,pycountry_exact,0.95
40795865,Germany,DE,pycountry_exact,0.95
40795865,Germany,DE,pycountry_exact,0.95
40795865,Germany,DE,pycountry_exact,0.95
40795865,Germany,DE,pycountry_exact,0.95
40795864,Germany,DE,pycountry_exact,0.95
40795864,Germany,DE,pycountry_exact,0.95
40795864,Germany,DE,pycountry_exact,0.95
40795864,Germany,DE,pycountry_exact,0.95
40795864,Germany,DE,pycountry_exact,0.95
40795864,Germany,DE,pycountry_exact,0.95
40795864,Germany,DE,pycountry_exact,0.95
40795864,Germany,DE,pycountry_exact,0.95
40795864,Germany,DE,pycountry_exact,0.95
40795859,Hochschule Düsseldorf,DE,geonames_word,0.8
40794284,Deutschland,DE,dictionary_exact,1.0
40794284,Deutschland,DE,dictionary_exact,1.0
40794284,Deutschland,DE,dictionary_exact,1.0
40794280,Deutschland,DE,dictionary_exact,1.0
40794280,Deutschland,DE,dictionary_exact,1.0
40794280,Deutschland,DE,dictionary_exact,1.0
40794280,Deutschland,DE,dictionary_exact,1.0
40794280,Deutschland,DE,dictionary_exact,1.0
40794278,Österreich,AT,dictionary_exact,1.0
40794278,Deutschland,DE,dictionary_exact,1.0
40794164,Deutschland,DE,dictionary_exact,1.0
40794164,Deutschland,DE,dictionary_exact,1.0
40794164,Deutschland,DE,dictionary_exact,1.0
40794164,Deutschland,DE,dictionary_exact,1.0
40794164,Deutschland,DE,dictionary_exact,1.0
40794163,Deutschland,DE,dictionary_exact,1.0
40794163,Deutschland,DE,dictionary_exact,1.0
40794163,Deutschland,DE,dictionary_exact,1.0
40794110,Deutschland,DE,dictionary_exact,1.0
40794110,Deutschland,DE,dictionary_exact,1.0
40794110,Deutschland,DE,dictionary_exact,1.0
40794110,Deutschland,DE,dictionary_exact,1.0
40794108,Deutschland,DE,dictionary_exact,1.0
40794108,Deutschland,DE,dictionary_exact,1.0
40794108,Deutschland,DE,dictionary_exact,1.0
40794108,Deutschland,DE,dictionary_exact,1.0
40794107,Deutschland,DE,dictionary_exact,1.0
40794107,Deutschland,DE,dictionary_exact,1.0
40794107,Deutschland,DE,dictionary_exact,1.0
40794107,Deutschland,DE,dictionary_exact,1.0
40790278,Griechenland,not found,Not found,0.0
40790278,Deutschland,DE,dictionary_exact,1.0
40789963,Deutschland,DE,dictionary_exact,1.0
40789315,Deutschland,DE,dictionary_exact,1.0
40789315,Deutschland,DE,dictionary_exact,1.0
40789315,Deutschland,DE,dictionary_exact,1.0
40789315,Deutschland,DE,dictionary_exact,1.0
40789315,Deutschland,DE,dictionary_exact,1.0
40789315,Deutschland,DE,dictionary_exact,1.0
40789315,Deutschland,DE,dictionary_exact,1.0
40789315,Deutschland,DE,dictionary_exact,1.0
40789315,Deutschland,DE,dictionary_exact,1.0
40789315,Deutschland,DE,dictionary_exact,1.0
40789314,Germany,DE,pycountry_exact,0.95
40789314,Germany,DE,pycountry_exact,0.95
40789307,Germany,DE,pycountry_exact,0.95
40789307,Germany,DE,pycountry_exact,0.95
40789307,Germany,DE,pycountry_exact,0.95
40789307,Germany,DE,pycountry_exact,0.95
40789307,Germany,DE,pycountry_exact,0.95
40789307,Germany,DE,pycountry_exact,0.95
40789307,Germany,DE,pycountry_exact,0.95
40789292,Austria,AT,pycountry_exact,0.95
40788570,Deutschland,DE,dictionary_exact,1.0
40788570,Kroatien,HR,dictionary_exact,1.0
40788570,Deutschland,DE,dictionary_exact,1.0
40788484,Deutschland,DE,dictionary_exact,1.0
40788477,Deutschland,DE,dictionary_exact,1.0
40788477,Deutschland,DE,dictionary_exact,1.0
40788477,Deutschland,DE,dictionary_exact,1.0
40788472,Schweiz,CH,dictionary_exact,1.0
40788472,Schweiz,CH,dictionary_exact,1.0
40788364,Deutschland,DE,dictionary_exact,1.0
40788364,Deutschland,DE,dictionary_exact,1.0
40788364,Deutschland,DE,dictionary_exact,1.0
40784931,Deutschland,DE,dictionary_exact,1.0
40784931,Deutschland,DE,dictionary_exact,1.0
40784931,Deutschland,DE,dictionary_exact,1.0
40781018,Deutschland,DE,dictionary_exact,1.0
40781018,Deutschland,DE,dictionary_exact,1.0
40781018,Deutschland,DE,dictionary_exact,1.0
40781018,Deutschland,DE,dictionary_exact,1.0
40781018,Deutschland,DE,dictionary_exact,1.0
40781018,Deutschland,DE,dictionary_exact,1.0
40781018,Deutschland,DE,dictionary_exact,1.0
40780284,Germany,DE,pycountry_exact,0.95
40780284,Germany,DE,pycountry_exact,0.95
40780284,Germany,DE,pycountry_exact,0.95
40780279,Deutschland,DE,dictionary_exact,1.0
40780279,Deutschland,DE,dictionary_exact,1.0
40780279,Deutschland,DE,dictionary_exact,1.0
40780279,Deutschland,DE,dictionary_exact,1.0
40780279,Deutschland,DE,dictionary_exact,1.0
40780279,Deutschland,DE,dictionary_exact,1.0
40780279,Deutschland,DE,dictionary_exact,1.0
40780277,Medizinische Hochschule Hannover,DE,geonames_word,0.8
40780276,Germany,DE,pycountry_exact,0.95
40780276,Germany,DE,pycountry_exact,0.95
40780268,Deutschland,DE,dictionary_exact,1.0
40780268,Deutschland,DE,dictionary_exact,1.0
40780268,Deutschland,DE,dictionary_exact,1.0
40780268,Deutschland,DE,dictionary_exact,1.0
40780268,Deutschland,DE,dictionary_exact,1.0
40780268,Deutschland,DE,dictionary_exact,1.0
40780268,Deutschland,DE,dictionary_exact,1.0
40780231,Deutschland,DE,dictionary_exact,1.0
40780231,Deutschland,DE,dictionary_exact,1.0
40780231,Deutschland,DE,dictionary_exact,1.0
40780231,Deutschland,DE,dictionary_exact,1.0
40780230,Deutschland,DE,dictionary_exact,1.0
40780230,Deutschland,DE,dictionary_exact,1.0
40780230,Deutschland,DE,dictionary_exact,1.0
40780230,Deutschland,DE,dictionary_exact,1.0
40780230,Deutschland,DE,dictionary_exact,1.0
40780229,Deutschland,DE,dictionary_exact,1.0
40780228,Deutschland,DE,dictionary_exact,1.0
40780228,Deutschland,DE,dictionary_exact,1.0
40780228,Deutschland,DE,dictionary_exact,1.0
40780228,Deutschland,DE,dictionary_exact,1.0
40780228,Deutschland,DE,dictionary_exact,1.0
40780228,Deutschland,DE,dictionary_exact,1.0
40780225,Deutschland,DE,dictionary_exact,1.0
40780225,Deutschland,DE,dictionary_exact,1.0
40779276,Deutschland,DE,dictionary_exact,1.0
40779276,Deutschland,DE,dictionary_exact,1.0
40779275,Deutschland,DE,dictionary_exact,1.0
40779275,Deutschland,DE,dictionary_exact,1.0
40779275,Deutschland,DE,dictionary_exact,1.0
40779275,Deutschland,DE,dictionary_exact,1.0
40779057,Deutschland,DE,dictionary_exact,1.0
40779057,Deutschland,DE,dictionary_exact,1.0
40779057,Deutschland,DE,dictionary_exact,1.0
40779057,Deutschland,DE,dictionary_exact,1.0
40778953,Deutschland,DE,dictionary_exact,1.0
40778953,Deutschland,DE,dictionary_exact,1.0
40778953,Deutschland,DE,dictionary_exact,1.0
40778953,Deutschland,DE,dictionary_exact,1.0
40778953,Deutschland,DE,dictionary_exact,1.0
40775546,Deutschland,DE,dictionary_exact,1.0
40775546,Deutschland,DE,dictionary_exact,1.0
40775457,Deutschland,DE,dictionary_exact,1.0
40775457,Deutschland,DE,dictionary_exact,1.0
40775457,Österreich,AT,dictionary_exact,1.0
40775457,Deutschland,DE,dictionary_exact,1.0
40775457,Deutschland,DE,dictionary_exact,1.0
40775172,Deutschland,DE,dictionary_exact,1.0
40775171,Deutschland,DE,dictionary_exact,1.0
40775170,Deutschland,DE,dictionary_exact,1.0
40775169,Deutschland,DE,dictionary_exact,1.0
40775168,Deutschland,DE,dictionary_exact,1.0
40775167,Deutschland,DE,dictionary_exact,1.0
40775166,Deutschland,DE,dictionary_exact,1.0
40775165,Deutschland,DE,dictionary_exact,1.0
40775164,Deutschland,DE,dictionary_exact,1.0
40775163,Deutschland,DE,dictionary_exact,1.0
40775163,Deutschland,DE,dictionary_exact,1.0
40775162,Deutschland,DE,dictionary_exact,1.0
40775162,Deutschland,DE,dictionary_exact,1.0
40775162,Deutschland,DE,dictionary_exact,1.0
40775161,Deutschland,DE,dictionary_exact,1.0
40775160,Deutschland,DE,dictionary_exact,1.0
40775160,Deutschland,DE,dictionary_exact,1.0
40775159,Deutschland,DE,dictionary_exact,1.0
40775159,Deutschland,DE,dictionary_exact,1.0
40775158,Deutschland,DE,dictionary_exact,1.0
40775157,Deutschland,DE,dictionary_exact,1.0
40775156,Deutschland,DE,dictionary_exact,1.0
40775155,Deutschland,DE,dictionary_exact,1.0
40775154,Deutschland,DE,dictionary_exact,1.0
40775153,Deutschland,DE,dictionary_exact,1.0
40775152,Deutschland,DE,dictionary_exact,1.0
40775151,Deutschland,DE,dictionary_exact,1.0
40775150,Deutschland,DE,dictionary_exact,1.0
40775149,Deutschland,DE,dictionary_exact,1.0
40775148,Deutschland,DE,dictionary_exact,1.0
40775147,Deutschland,DE,dictionary_exact,1.0
40775146,Deutschland,DE,dictionary_exact,1.0
40775145,Österreich,AT,dictionary_exact,1.0
40775144,Österreich,AT,dictionary_exact,1.0
40775143,Österreich,AT,dictionary_exact,1.0
40775142,Österreich,AT,dictionary_exact,1.0
40775141,Deutschland,DE,dictionary_exact,1.0
40775140,Deutschland,DE,dictionary_exact,1.0
40775139,Deutschland,DE,dictionary_exact,1.0
40775138,Deutschland,DE,dictionary_exact,1.0
40775137,Deutschland,DE,dictionary_exact,1.0
40775136,Deutschland,DE,dictionary_exact,1.0
40775135,Deutschland,DE,dictionary_exact,1.0
40775134,Deutschland,DE,dictionary_exact,1.0
40775133,Deutschland,DE,dictionary_exact,1.0
40775132,Deutschland,DE,dictionary_exact,1.0
40775131,Deutschland,DE,dictionary_exact,1.0
40775130,Deutschland,DE,dictionary_exact,1.0
40775129,Deutschland,DE,dictionary_exact,1.0
40774329,Deutschland,DE,dictionary_exact,1.0
40774329,Deutschland,DE,dictionary_exact,1.0
40774329,Deutschland,DE,dictionary_exact,1.0
40774329,Deutschland,DE,dictionary_exact,1.0
40774329,Deutschland,DE,dictionary_exact,1.0
40774329,Deutschland,DE,dictionary_exact,1.0
40774329,Deutschland,DE,dictionary_exact,1.0
40774329,Deutschland,DE,dictionary_exact,1.0
40774329,Deutschland,DE,dictionary_exact,1.0
40774329,Deutschland,DE,dictionary_exact,1.0
40774329,Deutschland,DE,dictionary_exact,1.0
40774329,Deutschland,DE,dictionary_exact,1.0
40774329,Deutschland,DE,dictionary_exact,1.0
40774329,Deutschland,DE,dictionary_exact,1.0
40774329,Deutschland,DE,dictionary_exact,1.0
40774321,Deutschland,DE,dictionary_exact,1.0
40774321,Deutschland,DE,dictionary_exact,1.0
40774321,Deutschland,DE,dictionary_exact,1.0
40774321,Deutschland,DE,dictionary_exact,1.0
40774321,Deutschland,DE,dictionary_exact,1.0
40774321,Deutschland,DE,dictionary_exact,1.0
40774306,Deutschland,DE,dictionary_exact,1.0
40774306,Leibniz Lungenzentrum,not found,Not found,0.0
40774305,Germany,DE,pycountry_exact,0.95
40774305,Witten,DE,geonames_exact,0.9
40774304,Deutschland,DE,dictionary_exact,1.0
40774304,Germany,DE,pycountry_exact,0.95
40774303,Deutschland,DE,dictionary_exact,1.0
40774302,Deutschland,DE,dictionary_exact,1.0
40774302,Eschweiler,DE,geonames_exact,0.9
40774302,Deutschland,DE,dictionary_exact,1.0
40774301,GERMANY,DE,pycountry_exact,0.95
40774300,Germany,DE,pycountry_exact,0.95
40774300,Germany,DE,pycountry_exact,0.95
40774299,Deutschland,DE,dictionary_exact,1.0
40774299,Deutschland,DE,dictionary_exact,1.0
40773098,Deutschland,DE,dictionary_exact,1.0
40773098,Deutschland,DE,dictionary_exact,1.0
40773098,Deutschland,DE,dictionary_exact,1.0
40773098,Deutschland,DE,dictionary_exact,1.0
40773098,Deutschland,DE,dictionary_exact,1.0
40773098,Deutschland,DE,dictionary_exact,1.0
40773098,Deutschland,DE,dictionary_exact,1.0
40773098,Deutschland,DE,dictionary_exact,1.0
40773098,Deutschland,DE,dictionary_exact,1.0
40773098,Deutschland,DE,dictionary_exact,1.0
40773098,Deutschland,DE,dictionary_exact,1.0
40773098,Deutschland,DE,dictionary_exact,1.0
40773098,Deutschland,DE,dictionary_exact,1.0
40773098,Deutschland,DE,dictionary_exact,1.0
40773098,Deutschland,DE,dictionary_exact,1.0
40773098,Deutschland,DE,dictionary_exact,1.0
40773097,Deutschland,DE,dictionary_exact,1.0
40773097,Deutschland,DE,dictionary_exact,1.0
40773064,Deutschland,DE,dictionary_exact,1.0
40773064,Deutschland,DE,dictionary_exact,1.0
40772976,Deutschland,DE,dictionary_exact,1.0
40772976,Deutschland,DE,dictionary_exact,1.0
40772976,Deutschland,DE,dictionary_exact,1.0
40772966,Deutschland,DE,dictionary_exact,1.0
40772966,Österreich,AT,dictionary_exact,1.0
40772966,Deutschland,DE,dictionary_exact,1.0
40772966,Deutschland,DE,dictionary_exact,1.0
40772966,Österreich,AT,dictionary_exact,1.0
40772966,Deutschland,DE,dictionary_exact,1.0
40772966,Deutschland,DE,dictionary_exact,1.0
40772966,Deutschland,DE,dictionary_exact,1.0
40772966,Deutschland,DE,dictionary_exact,1.0
40772966,Deutschland,DE,dictionary_exact,1.0
40772966,Deutschland,DE,dictionary_exact,1.0
40772754,Zürich,CH,pycountry_exact,0.95
40772753,Bern,CH,pycountry_exact,0.95
40772751,Basel,CH,pycountry_exact,0.95
40772751,Schlieren,not found,Not found,0.0
40772751,Zürich,CH,pycountry_exact,0.95
40772751,Basel,CH,pycountry_exact,0.95
40772751,Winterthur,CH,geonames_exact,0.9
40772751,Aarau,CH,geonames_exact,0.9
40772751,St. Gallen,CH,geonames_exact,0.9
40772749,Kantonsspital Winterthur,CH,geonames_word,0.8
40772749,Kantonsspital Winterthur,CH,geonames_word,0.8
40772749,Kantonsspital Winterthur,CH,geonames_word,0.8
40772749,Kantonsspital Winterthur,CH,geonames_word,0.8
40772748,Luzern,CH,pycountry_exact,0.95
40772748,Luzern,CH,pycountry_exact,0.95
40772748,Luzern,CH,pycountry_exact,0.95
40772747,Müllheim,DE,geonames_exact,0.9
40772746,St. Gallen,CH,geonames_exact,0.9
40772746,St. Gallen,CH,geonames_exact,0.9
40772746,Stans,not found,Not found,0.0
40772746,St. Gallen,CH,geonames_exact,0.9
40769187,Goethe-Universität Frankfurt am Main,BE,geonames_word,0.8
40769187,Universität Greifswald,DE,geonames_word,0.8
40769186,Universität Kassel,DE,geonames_word,0.8
40769186,Universität Witten/Herdecke,not found,Not found,0.0
40768064,Schweiz,CH,dictionary_exact,1.0
40768064,Schweiz,CH,dictionary_exact,1.0
40768064,Deutschland,DE,dictionary_exact,1.0
40768040,Frankreich,FR,dictionary_exact,1.0
40768040,Frankreich,FR,dictionary_exact,1.0
40768040,Frankreich,FR,dictionary_exact,1.0
40768040,Frankreich,FR,dictionary_exact,1.0
40768040,Deutschland,DE,dictionary_exact,1.0
40768037,Deutschland,DE,dictionary_exact,1.0
40768037,Deutschland,DE,dictionary_exact,1.0
40768037,Deutschland,DE,dictionary_exact,1.0
40767957,Deutschland,DE,dictionary_exact,1.0
40767957,Deutschland,DE,dictionary_exact,1.0
40767913,Deutschland,DE,dictionary_exact,1.0
40767912,Deutschland,DE,dictionary_exact,1.0
40767912,Deutschland,DE,dictionary_exact,1.0
40767912,Deutschland,DE,dictionary_exact,1.0
40767912,Schweiz,CH,dictionary_exact,1.0
40767912,Deutschland,DE,dictionary_exact,1.0
40764870,Deutschland,DE,dictionary_exact,1.0
40764870,Deutschland,DE,dictionary_exact,1.0
40764835,Deutschland,DE,dictionary_exact,1.0
40764835,Deutschland,DE,dictionary_exact,1.0
40764835,Deutschland,DE,dictionary_exact,1.0
40764835,Deutschland,DE,dictionary_exact,1.0
40764835,Deutschland,DE,dictionary_exact,1.0
40764446,Deutschland,DE,dictionary_exact,1.0
40764446,Deutschland,DE,dictionary_exact,1.0
40764446,Deutschland,DE,dictionary_exact,1.0
40764446,Deutschland,DE,dictionary_exact,1.0
40764446,Deutschland,DE,dictionary_exact,1.0
40764446,Deutschland,DE,dictionary_exact,1.0
40764446,Deutschland,DE,dictionary_exact,1.0
40764446,Deutschland,DE,dictionary_exact,1.0
40764407,Schweiz,CH,dictionary_exact,1.0
40764407,Deutschland,DE,dictionary_exact,1.0
40764407,Schweiz,CH,dictionary_exact,1.0
40764407,Deutschland,DE,dictionary_exact,1.0
40764407,Deutschland,DE,dictionary_exact,1.0
40764407,Deutschland,DE,dictionary_exact,1.0
40764407,Deutschland,DE,dictionary_exact,1.0
40764407,Deutschland,DE,dictionary_exact,1.0
40764407,Deutschland,DE,dictionary_exact,1.0
40764407,Deutschland,DE,dictionary_exact,1.0
40764407,Deutschland,DE,dictionary_exact,1.0
40763777,Germany,DE,pycountry_exact,0.95
40763777,Germany,DE,pycountry_exact,0.95
40763777,Germany,DE,pycountry_exact,0.95
40763776,Germany,DE,pycountry_exact,0.95
40763776,Germany,DE,pycountry_exact,0.95
40763776,Germany,DE,pycountry_exact,0.95
40763776,Germany,DE,pycountry_exact,0.95
40763769,LMU München,DE,geonames_word,0.8
40763766,Deutschland,DE,dictionary_exact,1.0
40763766,Deutschland,DE,dictionary_exact,1.0
40763766,Deutschland,DE,dictionary_exact,1.0
40763766,Deutschland,DE,dictionary_exact,1.0
40763765,Germany,DE,pycountry_exact,0.95
40763765,Germany,DE,pycountry_exact,0.95
40763765,Germany,DE,pycountry_exact,0.95
40763765,Germany,DE,pycountry_exact,0.95
40763765,Germany,DE,pycountry_exact,0.95
40763765,Germany,DE,pycountry_exact,0.95
40763765,Germany,DE,pycountry_exact,0.95
40763764,Germany,DE,pycountry_exact,0.95
40763764,Germany,DE,pycountry_exact,0.95
40763764,Germany,DE,pycountry_exact,0.95
40763764,Germany,DE,pycountry_exact,0.95
40763760,Deutschland,DE,dictionary_exact,1.0
40763754,Deutschland,DE,dictionary_exact,1.0
40763754,Deutschland,DE,dictionary_exact,1.0
40763754,Deutschland,DE,dictionary_exact,1.0
40763753,Deutschland,DE,dictionary_exact,1.0
40763753,Deutschland,DE,dictionary_exact,1.0
40763753,Deutschland,DE,dictionary_exact,1.0
40763753,Deutschland,DE,dictionary_exact,1.0
40763748,Deutschland,DE,dictionary_exact,1.0
40763748,Deutschland,DE,dictionary_exact,1.0
40762804,Österreich,AT,dictionary_exact,1.0
40762804,Österreich,AT,dictionary_exact,1.0
40762803,Deutschland,DE,dictionary_exact,1.0
40762803,Deutschland,DE,dictionary_exact,1.0
40762803,Deutschland,DE,dictionary_exact,1.0
40762803,Deutschland,DE,dictionary_exact,1.0
40762803,Deutschland,DE,dictionary_exact,1.0
40762803,Deutschland,DE,dictionary_exact,1.0
40762745,Deutschland,DE,dictionary_exact,1.0
40762745,Deutschland,DE,dictionary_exact,1.0
40762744,Deutschland,DE,dictionary_exact,1.0
40762744,Deutschland,DE,dictionary_exact,1.0
40762744,Deutschland,DE,dictionary_exact,1.0
40762722,Deutschland,DE,dictionary_exact,1.0
40762722,Deutschland,DE,dictionary_exact,1.0
40762665,Deutschland,DE,dictionary_exact,1.0
40762665,Deutschland,DE,dictionary_exact,1.0
40762665,Deutschland,DE,dictionary_exact,1.0
40760333,Deutschland,DE,dictionary_exact,1.0
40760333,Deutschland,DE,dictionary_exact,1.0
40760333,Deutschland,DE,dictionary_exact,1.0
40760333,Deutschland,DE,dictionary_exact,1.0
40760333,Deutschland,DE,dictionary_exact,1.0
40760333,Deutschland,DE,dictionary_exact,1.0
40760332,Deutschland,DE,dictionary_exact,1.0
40760332,Deutschland,DE,dictionary_exact,1.0
40760331,Deutschland,DE,dictionary_exact,1.0
40760331,Deutschland,DE,dictionary_exact,1.0
40760330,Deutschland,DE,dictionary_exact,1.0
40760330,Deutschland,DE,dictionary_exact,1.0
40760330,Deutschland,DE,dictionary_exact,1.0
40760330,Deutschland,DE,dictionary_exact,1.0
40760330,Deutschland,DE,dictionary_exact,1.0
40760330,Deutschland,DE,dictionary_exact,1.0
40760330,Deutschland,DE,dictionary_exact,1.0
40760330,Deutschland,DE,dictionary_exact,1.0
40760330,Deutschland,DE,dictionary_exact,1.0
40760330,Deutschland,DE,dictionary_exact,1.0
40760168,Deutschland,DE,dictionary_exact,1.0
40760168,Deutschland,DE,dictionary_exact,1.0
40760167,Deutschland,DE,dictionary_exact,1.0
40760167,Schweiz,CH,dictionary_exact,1.0
40760167,Deutschland,DE,dictionary_exact,1.0
40760165,Deutschland,DE,dictionary_exact,1.0
40760165,Deutschland,DE,dictionary_exact,1.0
40760165,Deutschland,DE,dictionary_exact,1.0
40760165,Deutschland,DE,dictionary_exact,1.0
40760165,Deutschland,DE,dictionary_exact,1.0
40760165,Deutschland,DE,dictionary_exact,1.0
40760165,Deutschland,DE,dictionary_exact,1.0
40760114,Deutschland,DE,dictionary_exact,1.0
40760113,Deutschland,DE,dictionary_exact,1.0
40760113,Deutschland,DE,dictionary_exact,1.0
40760113,Deutschland,DE,dictionary_exact,1.0
40760113,Deutschland,DE,dictionary_exact,1.0
40760113,Deutschland,DE,dictionary_exact,1.0
40760103,Deutschland,DE,dictionary_exact,1.0
40760103,Deutschland,DE,dictionary_exact,1.0
40759800,Deutschland,DE,dictionary_exact,1.0
40759800,Deutschland,DE,dictionary_exact,1.0
40759800,Deutschland,DE,dictionary_exact,1.0
40759800,Schweiz,CH,dictionary_exact,1.0
40759800,Deutschland,DE,dictionary_exact,1.0
40759800,Deutschland,DE,dictionary_exact,1.0
40759800,Deutschland,DE,dictionary_exact,1.0
40759775,Deutschland,DE,dictionary_exact,1.0
40759775,Deutschland,DE,dictionary_exact,1.0
40759775,Deutschland,DE,dictionary_exact,1.0
40759754,Deutschland,DE,dictionary_exact,1.0
40759754,Deutschland,DE,dictionary_exact,1.0
40759754,Deutschland,DE,dictionary_exact,1.0
40759754,Deutschland,DE,dictionary_exact,1.0
40759754,Deutschland,DE,dictionary_exact,1.0
40759753,Deutschland,DE,dictionary_exact,1.0
40759753,Deutschland,DE,dictionary_exact,1.0
40759734,Deutschland,DE,dictionary_exact,1.0
40759734,Deutschland,DE,dictionary_exact,1.0
40759734,Deutschland,DE,dictionary_exact,1.0
40759734,Deutschland,DE,dictionary_exact,1.0
40759169,Deutschland,DE,dictionary_exact,1.0
40759168,Rheumatologie),not found,Not found,0.0
40759168,Universitätsklinikum Heidelberg Klinik für Neurologie,DE,geonames_word,0.8
40759168,Universitätsklinikum Heidelberg Medizinische Klinik X. (Nephrologie),DE,geonames_word,0.8
40759168,Angiologie und Pneumologie),AF,geonames_word,0.8
40759168,Rheumatologie),not found,Not found,0.0
40759167,Germany,DE,pycountry_exact,0.95
40759167,Germany,DE,pycountry_exact,0.95
40759167,Germany,DE,pycountry_exact,0.95
40759166,Deutschland,DE,dictionary_exact,1.0
40759166,Deutschland,DE,dictionary_exact,1.0
40759166,Deutschland,DE,dictionary_exact,1.0
40759166,Deutschland,DE,dictionary_exact,1.0
40759166,Deutschland,DE,dictionary_exact,1.0
40759166,Deutschland,DE,dictionary_exact,1.0
40759166,Deutschland,DE,dictionary_exact,1.0
40759162,Rüdersdorf,not found,Not found,0.0
40759162,Berlin,DE,pycountry_exact,0.95
40759162,Berlin,DE,pycountry_exact,0.95
40759157,Friedrich-Alexander-Universität Erlangen-Nürnberg,DE,geonames_word,0.8
40758220,Deutschland,DE,dictionary_exact,1.0
40758220,Deutschland,DE,dictionary_exact,1.0
40758220,Deutschland,DE,dictionary_exact,1.0
40758220,Spanien,ES,dictionary_exact,1.0
40758220,Deutschland,DE,dictionary_exact,1.0
40758220,Deutschland,DE,dictionary_exact,1.0
40758220,Deutschland,DE,dictionary_exact,1.0
40758220,Deutschland,DE,dictionary_exact,1.0
40758220,Deutschland,DE,dictionary_exact,1.0
40758220,Deutschland,DE,dictionary_exact,1.0
40758220,Deutschland,DE,dictionary_exact,1.0
40758220,Deutschland,DE,dictionary_exact,1.0
40758220,Deutschland,DE,dictionary_exact,1.0
40758220,Deutschland,DE,dictionary_exact,1.0
40758220,Deutschland,DE,dictionary_exact,1.0
40758220,Großbritannien,GB,dictionary_exact,1.0
40758137,Germany,DE,pycountry_exact,0.95
40758137,Germany,DE,pycountry_exact,0.95
40758135,Deutschland,DE,dictionary_exact,1.0
40758135,Deutschland,DE,dictionary_exact,1.0
40750688,Deutschland,DE,dictionary_exact,1.0
40750688,Deutschland,DE,dictionary_exact,1.0
40750688,Deutschland,DE,dictionary_exact,1.0
40750688,Deutschland,DE,dictionary_exact,1.0
40750688,Deutschland,DE,dictionary_exact,1.0
40750688,Deutschland,DE,dictionary_exact,1.0
40750688,Deutschland,DE,dictionary_exact,1.0
40750688,Deutschland,DE,dictionary_exact,1.0
40750688,Deutschland,DE,dictionary_exact,1.0
40750688,Deutschland,DE,dictionary_exact,1.0
40750688,Deutschland,DE,dictionary_exact,1.0
40749721,Germany,DE,pycountry_exact,0.95
40749721,Germany,DE,pycountry_exact,0.95
40749721,Germany,DE,pycountry_exact,0.95
40749721,Germany,DE,pycountry_exact,0.95
40749721,Germany,DE,pycountry_exact,0.95
40749721,Germany,DE,pycountry_exact,0.95
40749721,Germany,DE,pycountry_exact,0.95
40749721,Germany,DE,pycountry_exact,0.95
40749721,Germany,DE,pycountry_exact,0.95
40749721,Germany,DE,pycountry_exact,0.95
40749721,Germany,DE,pycountry_exact,0.95
40749721,Germany,DE,pycountry_exact,0.95
40749721,Germany,DE,pycountry_exact,0.95
40749721,Germany,DE,pycountry_exact,0.95
40749721,Germany,DE,pycountry_exact,0.95
40749721,Germany,DE,pycountry_exact,0.95
40749721,Germany,DE,pycountry_exact,0.95
40749721,Germany,DE,pycountry_exact,0.95
40749721,Germany,DE,pycountry_exact,0.95
40749721,Germany,DE,pycountry_exact,0.95
40749721,Germany,DE,pycountry_exact,0.95
40749721,Germany,DE,pycountry_exact,0.95
40749721,Germany,DE,pycountry_exact,0.95
40749718,Germany,DE,pycountry_exact,0.95
40749718,Germany,DE,pycountry_exact,0.95
40749689,Germany,DE,pycountry_exact,0.95
40749689,Germany,DE,pycountry_exact,0.95
40749689,Germany,DE,pycountry_exact,0.95
40749689,Germany,DE,pycountry_exact,0.95
40748479,USA,US,dictionary_exact,1.0
40748479,Großbritannien,GB,dictionary_exact,1.0
40748457,Deutschland,DE,dictionary_exact,1.0
40748457,Deutschland,DE,dictionary_exact,1.0
40748457,Deutschland,DE,dictionary_exact,1.0
40748457,Deutschland,DE,dictionary_exact,1.0
40748457,Schweiz,CH,dictionary_exact,1.0
40748457,Deutschland,DE,dictionary_exact,1.0
40748455,Deutschland,DE,dictionary_exact,1.0
40748455,Deutschland,DE,dictionary_exact,1.0
40748455,Deutschland,DE,dictionary_exact,1.0
40748455,Deutschland,DE,dictionary_exact,1.0
40748455,Deutschland,DE,dictionary_exact,1.0
40748377,Deutschland,DE,dictionary_exact,1.0
40748377,Deutschland,DE,dictionary_exact,1.0
40748377,Deutschland,DE,dictionary_exact,1.0
40748377,Deutschland,DE,dictionary_exact,1.0
40748373,Deutschland,DE,dictionary_exact,1.0
40748371,Deutschland,DE,dictionary_exact,1.0
40748371,Deutschland,DE,dictionary_exact,1.0
40748370,Deutschland,DE,dictionary_exact,1.0
40748370,Deutschland,DE,dictionary_exact,1.0
40745494,Deutschland,DE,dictionary_exact,1.0
40745494,Deutschland,DE,dictionary_exact,1.0
40745494,Deutschland,DE,dictionary_exact,1.0
40745494,Frankreich,FR,dictionary_exact,1.0
40745494,Frankreich,FR,dictionary_exact,1.0
40745494,Deutschland,DE,dictionary_exact,1.0
40745494,Deutschland,DE,dictionary_exact,1.0
40745494,Deutschland,DE,dictionary_exact,1.0
40745484,Deutschland,DE,dictionary_exact,1.0
40745484,Deutschland,DE,dictionary_exact,1.0
40745232,Deutschland,DE,dictionary_exact,1.0
40745232,Deutschland,DE,dictionary_exact,1.0
40745230,Deutschland,DE,dictionary_exact,1.0
40745230,Deutschland,DE,dictionary_exact,1.0
40745229,Deutschland,DE,dictionary_exact,1.0
40745229,Deutschland,DE,dictionary_exact,1.0
40745228,Deutschland,DE,dictionary_exact,1.0
40745101,Deutschland,DE,dictionary_exact,1.0
40745101,Deutschland,DE,dictionary_exact,1.0
40745101,Deutschland,DE,dictionary_exact,1.0
40745101,Deutschland,DE,dictionary_exact,1.0
40745101,Deutschland,DE,dictionary_exact,1.0
40745101,Deutschland,DE,dictionary_exact,1.0
40745101,Deutschland,DE,dictionary_exact,1.0
40745101,Deutschland,DE,dictionary_exact,1.0
40745101,Deutschland,DE,dictionary_exact,1.0
40745101,Deutschland,DE,dictionary_exact,1.0
40745101,Deutschland,DE,dictionary_exact,1.0
40745101,Deutschland,DE,dictionary_exact,1.0
40745101,Deutschland,DE,dictionary_exact,1.0
40745059,Deutschland,DE,dictionary_exact,1.0
40745059,Deutschland,DE,dictionary_exact,1.0
40744106,Germany,DE,pycountry_exact,0.95
40744106,Chile,CL,dictionary_exact,1.0
40744106,Chile,CL,dictionary_exact,1.0
40744074,Germany,DE,pycountry_exact,0.95
40744074,Germany,DE,pycountry_exact,0.95
40744074,Germany,DE,pycountry_exact,0.95
40744074,Germany,DE,pycountry_exact,0.95
40744070,Germany,DE,pycountry_exact,0.95
40744070,Germany,DE,pycountry_exact,0.95
40744070,Germany,DE,pycountry_exact,0.95
40744070,Germany,DE,pycountry_exact,0.95
40744070,Germany,DE,pycountry_exact,0.95
40744070,Germany,DE,pycountry_exact,0.95
40744065,Deutschland,DE,dictionary_exact,1.0
40744065,Deutschland,DE,dictionary_exact,1.0
40744060,Berlin,DE,pycountry_exact,0.95
40742545,Deutschland,DE,dictionary_exact,1.0
40742545,Deutschland,DE,dictionary_exact,1.0
40742545,Deutschland,DE,dictionary_exact,1.0
40742545,Deutschland,DE,dictionary_exact,1.0
40742531,Deutschland,DE,dictionary_exact,1.0
40742531,Österreich,AT,dictionary_exact,1.0
40742531,Deutschland,DE,dictionary_exact,1.0
40742531,Deutschland,DE,dictionary_exact,1.0
40742530,Deutschland,DE,dictionary_exact,1.0
40742530,Deutschland,DE,dictionary_exact,1.0
40742511,Österreich,AT,dictionary_exact,1.0
40742511,Österreich,AT,dictionary_exact,1.0
40742511,Österreich,AT,dictionary_exact,1.0
40742511,Österreich,AT,dictionary_exact,1.0
40742511,Österreich,AT,dictionary_exact,1.0
40742443,Deutschland,DE,dictionary_exact,1.0
40742443,Deutschland,DE,dictionary_exact,1.0
40742442,Deutschland,DE,dictionary_exact,1.0
40742442,Deutschland,DE,dictionary_exact,1.0
40742442,Deutschland,DE,dictionary_exact,1.0
40742442,Deutschland,DE,dictionary_exact,1.0
40742441,Deutschland,DE,dictionary_exact,1.0
40742441,Deutschland,DE,dictionary_exact,1.0
40742441,Deutschland,DE,dictionary_exact,1.0
40742441,Deutschland,DE,dictionary_exact,1.0
40742441,Deutschland,DE,dictionary_exact,1.0
40742440,Deutschland,DE,dictionary_exact,1.0
40742440,Deutschland,DE,dictionary_exact,1.0
40742440,Deutschland,DE,dictionary_exact,1.0
40742439,Deutschland,DE,dictionary_exact,1.0
40742439,Deutschland,DE,dictionary_exact,1.0
40742439,Deutschland,DE,dictionary_exact,1.0
40742439,Deutschland,DE,dictionary_exact,1.0
40742439,Deutschland,DE,dictionary_exact,1.0
40742439,Deutschland,DE,dictionary_exact,1.0
40742438,Deutschland,DE,dictionary_exact,1.0
40742438,Deutschland,DE,dictionary_exact,1.0
40742438,Deutschland,DE,dictionary_exact,1.0
40742438,Deutschland,DE,dictionary_exact,1.0
40742438,Deutschland,DE,dictionary_exact,1.0
40742438,Deutschland,DE,dictionary_exact,1.0
40742436,Deutschland,DE,dictionary_exact,1.0
40742436,Deutschland,DE,dictionary_exact,1.0
40742436,Deutschland,DE,dictionary_exact,1.0
40742434,Deutschland,DE,dictionary_exact,1.0
40742434,Deutschland,DE,dictionary_exact,1.0
40742393,Deutschland,DE,dictionary_exact,1.0
40738126,Germany,DE,pycountry_exact,0.95
40738126,Germany,DE,pycountry_exact,0.95
40736669,Deutschland,DE,dictionary_exact,1.0
40736669,Deutschland,DE,dictionary_exact,1.0
40736589,Deutschland,DE,dictionary_exact,1.0
40736589,Deutschland,DE,dictionary_exact,1.0
40736567,Deutschland,DE,dictionary_exact,1.0
40736566,Deutschland,DE,dictionary_exact,1.0
40736566,Deutschland,DE,dictionary_exact,1.0
40736566,Deutschland,DE,dictionary_exact,1.0
40736566,Deutschland,DE,dictionary_exact,1.0
40736566,Deutschland,DE,dictionary_exact,1.0
40736566,Deutschland,DE,dictionary_exact,1.0
40736544,Deutschland,DE,dictionary_exact,1.0
40736544,Deutschland,DE,dictionary_exact,1.0
40735768,Schweiz,CH,dictionary_exact,1.0
40735768,Schweiz,CH,dictionary_exact,1.0
40735768,Schweiz,CH,dictionary_exact,1.0
40730248,Germany,DE,pycountry_exact,0.95
40730248,Germany,DE,pycountry_exact,0.95
40730227,Schweiz,CH,dictionary_exact,1.0
40730227,Schweiz,CH,dictionary_exact,1.0
40730227,Schweiz,CH,dictionary_exact,1.0
40730227,Schweiz,CH,dictionary_exact,1.0
40730227,Schweiz,CH,dictionary_exact,1.0
40730227,Schweiz,CH,dictionary_exact,1.0
40730227,Deutschland,DE,dictionary_exact,1.0
40730226,Universität Osnabrück,DE,geonames_word,0.8
40728739,Deutschland,DE,dictionary_exact,1.0
40728739,Deutschland,DE,dictionary_exact,1.0
40728739,USA,US,dictionary_exact,1.0
40728739,Deutschland,DE,dictionary_exact,1.0
40728739,Deutschland,DE,dictionary_exact,1.0
40728739,Deutschland,DE,dictionary_exact,1.0
40728739,Deutschland,DE,dictionary_exact,1.0
40728739,Deutschland,DE,dictionary_exact,1.0
40728739,Deutschland,DE,dictionary_exact,1.0
40728737,Deutschland,DE,dictionary_exact,1.0
40728737,Deutschland,DE,dictionary_exact,1.0
40728737,Deutschland,DE,dictionary_exact,1.0
40728737,Deutschland,DE,dictionary_exact,1.0
40728731,Deutschland,DE,dictionary_exact,1.0
40728728,Deutschland,DE,dictionary_exact,1.0
40728727,Deutschland,DE,dictionary_exact,1.0
40728727,Deutschland,DE,dictionary_exact,1.0
40728727,Deutschland,DE,dictionary_exact,1.0
40728727,Deutschland,DE,dictionary_exact,1.0
40728727,Deutschland,DE,dictionary_exact,1.0
40728727,Deutschland,DE,dictionary_exact,1.0
40728727,Deutschland,DE,dictionary_exact,1.0
40728727,Deutschland,DE,dictionary_exact,1.0
40728725,Deutschland,DE,dictionary_exact,1.0
40728725,Deutschland,DE,dictionary_exact,1.0
40728725,Deutschland,DE,dictionary_exact,1.0
40728725,Deutschland,DE,dictionary_exact,1.0
40728725,Deutschland,DE,dictionary_exact,1.0
40728725,Deutschland,DE,dictionary_exact,1.0
40728717,Deutschland,DE,dictionary_exact,1.0
40728717,Deutschland,DE,dictionary_exact,1.0
40728717,Deutschland,DE,dictionary_exact,1.0
40728717,Deutschland,DE,dictionary_exact,1.0
40728649,Deutschland,DE,dictionary_exact,1.0
40728631,Österreich,AT,dictionary_exact,1.0
40728631,Österreich,AT,dictionary_exact,1.0
40728631,Österreich,AT,dictionary_exact,1.0
40728582,Deutschland,DE,dictionary_exact,1.0
40728582,Deutschland,DE,dictionary_exact,1.0
40728582,Deutschland,DE,dictionary_exact,1.0
40728581,Deutschland,DE,dictionary_exact,1.0
40728581,Deutschland,DE,dictionary_exact,1.0
40728537,Deutschland,DE,dictionary_exact,1.0
40728537,Deutschland,DE,dictionary_exact,1.0
40728537,Deutschland,DE,dictionary_exact,1.0
40728537,Deutschland,DE,dictionary_exact,1.0
40728537,Deutschland,DE,dictionary_exact,1.0
40728537,Deutschland,DE,dictionary_exact,1.0
40728537,Deutschland,DE,dictionary_exact,1.0
40721963,Deutschland,DE,dictionary_exact,1.0
40721963,Deutschland,DE,dictionary_exact,1.0
40721963,Deutschland,DE,dictionary_exact,1.0
40721963,Deutschland,DE,dictionary_exact,1.0
40721958,Deutschland,DE,dictionary_exact,1.0
40721958,Deutschland,DE,dictionary_exact,1.0
40721958,Deutschland,DE,dictionary_exact,1.0
40721958,Deutschland,DE,dictionary_exact,1.0
40720959,Deutschland,DE,dictionary_exact,1.0
40720319,Austria,AT,pycountry_exact,0.95
40720319,Austria,AT,pycountry_exact,0.95
40719880,Deutschland,DE,dictionary_exact,1.0
40719880,Deutschland,DE,dictionary_exact,1.0
40719880,Deutschland,DE,dictionary_exact,1.0
40719880,Deutschland,DE,dictionary_exact,1.0
40719880,Deutschland,DE,dictionary_exact,1.0
40719879,Deutschland,DE,dictionary_exact,1.0
40719879,Deutschland,DE,dictionary_exact,1.0
40719852,Deutschland,DE,dictionary_exact,1.0
40719852,Deutschland,DE,dictionary_exact,1.0
40719847,Schweiz,CH,dictionary_exact,1.0
40719847,Deutschland,DE,dictionary_exact,1.0
40719847,Deutschland,DE,dictionary_exact,1.0
40719847,Deutschland,DE,dictionary_exact,1.0
40719847,Deutschland,DE,dictionary_exact,1.0
40719847,Schweiz,CH,dictionary_exact,1.0
40719847,Österreich,AT,dictionary_exact,1.0
40719847,Deutschland,DE,dictionary_exact,1.0
40719847,Österreich,AT,dictionary_exact,1.0
40719847,Schweiz,CH,dictionary_exact,1.0
40719847,Schweiz,CH,dictionary_exact,1.0
40719847,Schweiz,CH,dictionary_exact,1.0
40719847,Schweiz,CH,dictionary_exact,1.0
40719847,Australien,AU,dictionary_exact,1.0
40719847,Irland,IE,dictionary_exact,1.0
40719777,Deutschland,DE,dictionary_exact,1.0
40719777,Deutschland,DE,dictionary_exact,1.0
40719777,Deutschland,DE,dictionary_exact,1.0
40719777,Kroatien,HR,dictionary_exact,1.0
40719777,Deutschland,DE,dictionary_exact,1.0
40719777,Deutschland,DE,dictionary_exact,1.0
40719777,Deutschland,DE,dictionary_exact,1.0
40719777,Deutschland,DE,dictionary_exact,1.0
40719777,Deutschland,DE,dictionary_exact,1.0
40719777,Deutschland,DE,dictionary_exact,1.0
40719776,Deutschland,DE,dictionary_exact,1.0
40719098,Germany,DE,pycountry_exact,0.95
40719098,Germany,DE,pycountry_exact,0.95
40719098,Germany,DE,pycountry_exact,0.95
40719098,Germany,DE,pycountry_exact,0.95
40719098,Germany,DE,pycountry_exact,0.95
40719098,Germany,DE,pycountry_exact,0.95
40719098,Germany,DE,pycountry_exact,0.95
40719098,Germany,DE,pycountry_exact,0.95
40719098,Germany,DE,pycountry_exact,0.95
40719098,Germany,DE,pycountry_exact,0.95
40719098,Germany,DE,pycountry_exact,0.95
40719098,Germany,DE,pycountry_exact,0.95
40719098,Germany,DE,pycountry_exact,0.95
40719093,Wangen im Allgäu,DE,geonames_exact,0.9
40719092,Germany,DE,pycountry_exact,0.95
40719092,Germany,DE,pycountry_exact,0.95
40719090,Deutschland,DE,dictionary_exact,1.0
40719090,Deutschland,DE,dictionary_exact,1.0
40719090,Deutschland,DE,dictionary_exact,1.0
40719089,Deutschland,DE,dictionary_exact,1.0
40719088,Deutschland,DE,dictionary_exact,1.0
40719087,Deutschland,DE,dictionary_exact,1.0
40711582,Deutschland,DE,dictionary_exact,1.0
40711582,Deutschland,DE,dictionary_exact,1.0
40711577,Deutschland,DE,dictionary_exact,1.0
40711577,Deutschland,DE,dictionary_exact,1.0
40711577,Deutschland,DE,dictionary_exact,1.0
40711577,Deutschland,DE,dictionary_exact,1.0
40711576,Deutschland,DE,dictionary_exact,1.0
40711576,Deutschland,DE,dictionary_exact,1.0
40711576,Deutschland,DE,dictionary_exact,1.0
40711568,Deutschland,DE,dictionary_exact,1.0
40711568,Deutschland,DE,dictionary_exact,1.0
40711559,Deutschland,DE,dictionary_exact,1.0
40711559,Deutschland,DE,dictionary_exact,1.0
40711553,Deutschland,DE,dictionary_exact,1.0
40711539,Deutschland,DE,dictionary_exact,1.0
40711539,Deutschland,DE,dictionary_exact,1.0
40711537,Deutschland,DE,dictionary_exact,1.0
40711537,Deutschland,DE,dictionary_exact,1.0
40711537,Deutschland,DE,dictionary_exact,1.0
40711483,Deutschland,DE,dictionary_exact,1.0
40711483,Deutschland,DE,dictionary_exact,1.0
40711483,Deutschland,DE,dictionary_exact,1.0
40711483,Deutschland,DE,dictionary_exact,1.0
40711482,Deutschland,DE,dictionary_exact,1.0
40711482,Deutschland,DE,dictionary_exact,1.0
40709380,Deutschland,DE,dictionary_exact,1.0
40709380,Deutschland,DE,dictionary_exact,1.0
40709380,Deutschland,DE,dictionary_exact,1.0
40705099,Deutschland,DE,dictionary_exact,1.0
40705099,Deutschland,DE,dictionary_exact,1.0
40705099,Deutschland,DE,dictionary_exact,1.0
40705099,Deutschland,DE,dictionary_exact,1.0
40705069,Deutschland,DE,dictionary_exact,1.0
40705069,Deutschland,DE,dictionary_exact,1.0
40705069,Deutschland,DE,dictionary_exact,1.0
40705067,Deutschland,DE,dictionary_exact,1.0
40705067,Deutschland,DE,dictionary_exact,1.0
40705049,Deutschland,DE,dictionary_exact,1.0
40705049,Deutschland,DE,dictionary_exact,1.0
40705049,Deutschland,DE,dictionary_exact,1.0
40705049,Deutschland,DE,dictionary_exact,1.0
40705049,Deutschland,DE,dictionary_exact,1.0
40705039,Deutschland,DE,dictionary_exact,1.0
40702354,Deutschland,DE,dictionary_exact,1.0
40702354,Deutschland,DE,dictionary_exact,1.0
40702337,Deutschland,DE,dictionary_exact,1.0
40702337,Deutschland,DE,dictionary_exact,1.0
40702337,Deutschland,DE,dictionary_exact,1.0
40702337,Deutschland,DE,dictionary_exact,1.0
40702337,Deutschland,DE,dictionary_exact,1.0
40702337,Deutschland,DE,dictionary_exact,1.0
40702337,Deutschland,DE,dictionary_exact,1.0
40702337,Deutschland,DE,dictionary_exact,1.0
40702337,Deutschland,DE,dictionary_exact,1.0
40702337,Deutschland,DE,dictionary_exact,1.0
40702337,Deutschland,DE,dictionary_exact,1.0
40702337,Deutschland,DE,dictionary_exact,1.0
40702337,Deutschland,DE,dictionary_exact,1.0
40702337,Deutschland,DE,dictionary_exact,1.0
40702337,Deutschland,DE,dictionary_exact,1.0
40702337,Deutschland,DE,dictionary_exact,1.0
40702337,Deutschland,DE,dictionary_exact,1.0
40702304,Deutschland,DE,dictionary_exact,1.0
40702304,Deutschland,DE,dictionary_exact,1.0
40702304,Deutschland,DE,dictionary_exact,1.0
40702304,Deutschland,DE,dictionary_exact,1.0
40702160,Deutschland,DE,dictionary_exact,1.0
40702160,Deutschland,DE,dictionary_exact,1.0
40702160,Deutschland,DE,dictionary_exact,1.0
40701567,Deutschland,DE,dictionary_exact,1.0
40701189,Germany,DE,pycountry_exact,0.95
40701189,Germany,DE,pycountry_exact,0.95
40701189,Germany,DE,pycountry_exact,0.95
40701189,Germany,DE,pycountry_exact,0.95
40699348,Deutschland,DE,dictionary_exact,1.0
40699348,Deutschland,DE,dictionary_exact,1.0
40699335,Deutschland,DE,dictionary_exact,1.0
40699335,Deutschland,DE,dictionary_exact,1.0
40699335,Deutschland,DE,dictionary_exact,1.0
40699335,Deutschland,DE,dictionary_exact,1.0
40699335,Deutschland,DE,dictionary_exact,1.0
40699335,Deutschland,DE,dictionary_exact,1.0
40699334,Deutschland,DE,dictionary_exact,1.0
40699334,Deutschland,DE,dictionary_exact,1.0
40699334,Deutschland,DE,dictionary_exact,1.0
40699334,Deutschland,DE,dictionary_exact,1.0
40699334,Deutschland,DE,dictionary_exact,1.0
40699334,Deutschland,DE,dictionary_exact,1.0
40699334,Deutschland,DE,dictionary_exact,1.0
40699334,Deutschland,DE,dictionary_exact,1.0
40699334,Deutschland,DE,dictionary_exact,1.0
40699334,Deutschland,DE,dictionary_exact,1.0
40699334,Deutschland,DE,dictionary_exact,1.0
40699334,Deutschland,DE,dictionary_exact,1.0
40699332,Deutschland,DE,dictionary_exact,1.0
40699329,Deutschland,DE,dictionary_exact,1.0
40699329,Deutschland,DE,dictionary_exact,1.0
40699328,Deutschland,DE,dictionary_exact,1.0
40699328,Deutschland,DE,dictionary_exact,1.0
40699322,Deutschland,DE,dictionary_exact,1.0
40699322,Deutschland,DE,dictionary_exact,1.0
40699322,Deutschland,DE,dictionary_exact,1.0
40699322,Deutschland,DE,dictionary_exact,1.0
40699322,Deutschland,DE,dictionary_exact,1.0
40699322,Deutschland,DE,dictionary_exact,1.0
40699322,Deutschland,DE,dictionary_exact,1.0
40699322,Deutschland,DE,dictionary_exact,1.0
40699322,Deutschland,DE,dictionary_exact,1.0
40699322,Deutschland,DE,dictionary_exact,1.0
40699322,Deutschland,DE,dictionary_exact,1.0
40699322,Deutschland,DE,dictionary_exact,1.0
40699322,Deutschland,DE,dictionary_exact,1.0
40699322,Deutschland,DE,dictionary_exact,1.0
40699322,Deutschland,DE,dictionary_exact,1.0
40699322,Deutschland,DE,dictionary_exact,1.0
40699322,Deutschland,DE,dictionary_exact,1.0
40699322,Deutschland,DE,dictionary_exact,1.0
40699322,Deutschland,DE,dictionary_exact,1.0
40699322,Deutschland,DE,dictionary_exact,1.0
40699322,Deutschland,DE,dictionary_exact,1.0
40699322,Deutschland,DE,dictionary_exact,1.0
40699322,Schweiz,CH,dictionary_exact,1.0
40699322,Deutschland,DE,dictionary_exact,1.0
40699322,Deutschland,DE,dictionary_exact,1.0
40699322,Deutschland,DE,dictionary_exact,1.0
40699322,Deutschland,DE,dictionary_exact,1.0
40699322,Deutschland,DE,dictionary_exact,1.0
40699322,Deutschland,DE,dictionary_exact,1.0
40699322,Deutschland,DE,dictionary_exact,1.0
40699316,Deutschland,DE,dictionary_exact,1.0
40699316,Österreich,AT,dictionary_exact,1.0
40699316,Deutschland,DE,dictionary_exact,1.0
40699316,Deutschland,DE,dictionary_exact,1.0
40699316,Deutschland,DE,dictionary_exact,1.0
40699316,Deutschland,DE,dictionary_exact,1.0
40699316,Deutschland,DE,dictionary_exact,1.0
40699314,Deutschland,DE,dictionary_exact,1.0
40699314,Deutschland,DE,dictionary_exact,1.0
40699314,Deutschland,DE,dictionary_exact,1.0
40699314,Deutschland,DE,dictionary_exact,1.0
40699314,Deutschland,DE,dictionary_exact,1.0
40699314,Deutschland,DE,dictionary_exact,1.0
40699262,Deutschland,DE,dictionary_exact,1.0
40696169,Deutschland,DE,dictionary_exact,1.0
40695484,Germany,DE,pycountry_exact,0.95
40695484,Germany,DE,pycountry_exact,0.95
40695456,Klinik für Psychiatrie und Psychotherapie II der Universität Ulm am Bezirkskrankenhaus Günzburg,DE,geonames_word,0.8
40695456,Universität Leipzig,DE,geonames_word,0.8
40695456,Freiburg,CH,geonames_exact,0.9
40695456,Merseburg,DE,geonames_exact,0.9
40695456,Nordhausen,DE,geonames_exact,0.9
40695456,Hochschule Fulda,DE,geonames_word,0.8
40695456,Freie Universität Berlin,DE,geonames_word,0.8
40695456,HMU Health and Medical University Potsdam,DE,geonames_word,0.8
40695456,ZfP Südwürttemberg (Weissenau),HU,geonames_word,0.8
40695450,Germany,DE,pycountry_exact,0.95
40695450,Germany,DE,pycountry_exact,0.95
40695335,Germany,DE,pycountry_exact,0.95
40694123,Deutschland,DE,dictionary_exact,1.0
40694123,Deutschland,DE,dictionary_exact,1.0
40694122,Deutschland,DE,dictionary_exact,1.0
40694122,Deutschland,DE,dictionary_exact,1.0
40694122,Deutschland,DE,dictionary_exact,1.0
40694122,Deutschland,DE,dictionary_exact,1.0
40694108,Deutschland,DE,dictionary_exact,1.0
40694108,Deutschland,DE,dictionary_exact,1.0
40694107,Deutschland,DE,dictionary_exact,1.0
40694107,Deutschland,DE,dictionary_exact,1.0
40694107,Deutschland,DE,dictionary_exact,1.0
40694107,Deutschland,DE,dictionary_exact,1.0
40694086,Deutschland,DE,dictionary_exact,1.0
40694086,Deutschland,DE,dictionary_exact,1.0
40694086,Deutschland,DE,dictionary_exact,1.0
40694086,Deutschland,DE,dictionary_exact,1.0
40694086,Deutschland,DE,dictionary_exact,1.0
40694086,Deutschland,DE,dictionary_exact,1.0
40694084,Deutschland,DE,dictionary_exact,1.0
40694075,Deutschland,DE,dictionary_exact,1.0
40694075,Deutschland,DE,dictionary_exact,1.0
40694075,Deutschland,DE,dictionary_exact,1.0
40694071,Deutschland,DE,dictionary_exact,1.0
40694071,Deutschland,DE,dictionary_exact,1.0
40694069,Deutschland,DE,dictionary_exact,1.0
40694069,Deutschland,DE,dictionary_exact,1.0
40694069,Deutschland,DE,dictionary_exact,1.0
40694069,Deutschland,DE,dictionary_exact,1.0
40694069,Deutschland,DE,dictionary_exact,1.0
40694067,Österreich,AT,dictionary_exact,1.0
40694067,Österreich,AT,dictionary_exact,1.0
40694067,Österreich,AT,dictionary_exact,1.0
40694067,Österreich,AT,dictionary_exact,1.0
40693775,Österreich,AT,dictionary_exact,1.0
40693775,Österreich,AT,dictionary_exact,1.0
40693775,Österreich,AT,dictionary_exact,1.0
40691724,Deutschland,DE,dictionary_exact,1.0
40691724,Deutschland,DE,dictionary_exact,1.0
40691723,Deutschland,DE,dictionary_exact,1.0
40691723,Deutschland,DE,dictionary_exact,1.0
40691722,Deutschland,DE,dictionary_exact,1.0
40691722,Deutschland,DE,dictionary_exact,1.0
40691722,Deutschland,DE,dictionary_exact,1.0
40691722,Deutschland,DE,dictionary_exact,1.0
40691722,Deutschland,DE,dictionary_exact,1.0
40691722,Deutschland,DE,dictionary_exact,1.0
40691722,Deutschland,DE,dictionary_exact,1.0
40691722,Deutschland,DE,dictionary_exact,1.0
40691722,Deutschland,DE,dictionary_exact,1.0
40691722,Deutschland,DE,dictionary_exact,1.0
40691722,Deutschland,DE,dictionary_exact,1.0
40691663,Deutschland,DE,dictionary_exact,1.0
40691663,Deutschland,DE,dictionary_exact,1.0
40691663,Deutschland,DE,dictionary_exact,1.0
40691663,Deutschland,DE,dictionary_exact,1.0
40691663,Deutschland,DE,dictionary_exact,1.0
40691663,Deutschland,DE,dictionary_exact,1.0
40691663,Deutschland,DE,dictionary_exact,1.0
40691663,Deutschland,DE,dictionary_exact,1.0
40691663,Deutschland,DE,dictionary_exact,1.0
40691663,Deutschland,DE,dictionary_exact,1.0
40691379,Deutschland,DE,dictionary_exact,1.0
40691379,Deutschland,DE,dictionary_exact,1.0
40691358,Deutschland,DE,dictionary_exact,1.0
40691358,Deutschland,DE,dictionary_exact,1.0
40691357,Deutschland,DE,dictionary_exact,1.0
40691357,Deutschland,DE,dictionary_exact,1.0
40691295,Deutschland,DE,dictionary_exact,1.0
40691295,Deutschland,DE,dictionary_exact,1.0
40691295,Deutschland,DE,dictionary_exact,1.0
40690957,Deutschland,DE,dictionary_exact,1.0
40690956,Deutschland,DE,dictionary_exact,1.0
40690956,Deutschland,DE,dictionary_exact,1.0
40690956,Deutschland,DE,dictionary_exact,1.0
40690956,Deutschland,DE,dictionary_exact,1.0
40690956,Deutschland,DE,dictionary_exact,1.0
40690951,Germany,DE,pycountry_exact,0.95
40690951,Germany,DE,pycountry_exact,0.95
40690951,Germany,DE,pycountry_exact,0.95
40690950,Germany,DE,pycountry_exact,0.95
40690950,Germany,DE,pycountry_exact,0.95
40690950,Germany,DE,pycountry_exact,0.95
40690948,Germany,DE,pycountry_exact,0.95
40690936,GERMANY,DE,pycountry_exact,0.95
40690936,Deutschland,DE,dictionary_exact,1.0
40690936,Deutschland,DE,dictionary_exact,1.0
40690936,Deutschland,DE,dictionary_exact,1.0
40690936,Deutschland,DE,dictionary_exact,1.0
40690935,SWITZERLAND,CH,pycountry_exact,0.95
40690935,Schweiz,CH,dictionary_exact,1.0
40690930,Bad Nauheim,DE,geonames_exact,0.9
40689978,Schweiz,CH,dictionary_exact,1.0
40689978,Schweiz,CH,dictionary_exact,1.0
40689978,Schweiz,CH,dictionary_exact,1.0
40689977,Deutschland,DE,dictionary_exact,1.0
40689975,Deutschland,DE,dictionary_exact,1.0
40689975,Deutschland,DE,dictionary_exact,1.0
40689975,Deutschland,DE,dictionary_exact,1.0
40689975,Deutschland,DE,dictionary_exact,1.0
40689975,Deutschland,DE,dictionary_exact,1.0
40689975,Deutschland,DE,dictionary_exact,1.0
40689975,Deutschland,DE,dictionary_exact,1.0
40689975,Deutschland,DE,dictionary_exact,1.0
40689975,Deutschland,DE,dictionary_exact,1.0
40689975,Deutschland,DE,dictionary_exact,1.0
40689975,Deutschland,DE,dictionary_exact,1.0
40689975,Deutschland,DE,dictionary_exact,1.0
40689975,Deutschland,DE,dictionary_exact,1.0
40689975,Deutschland,DE,dictionary_exact,1.0
40689975,Deutschland,DE,dictionary_exact,1.0
40689975,Deutschland,DE,dictionary_exact,1.0
40689975,Deutschland,DE,dictionary_exact,1.0
40689975,Deutschland,DE,dictionary_exact,1.0
40689975,Deutschland,DE,dictionary_exact,1.0
40689975,Deutschland,DE,dictionary_exact,1.0
40689975,Deutschland,DE,dictionary_exact,1.0
40689975,Deutschland,DE,dictionary_exact,1.0
40689975,Deutschland,DE,dictionary_exact,1.0
40689975,Deutschland,DE,dictionary_exact,1.0
40689975,Deutschland,DE,dictionary_exact,1.0
40689975,Deutschland,DE,dictionary_exact,1.0
40689975,Deutschland,DE,dictionary_exact,1.0
40689974,Deutschland,DE,dictionary_exact,1.0
40689974,Deutschland,DE,dictionary_exact,1.0
40689974,Deutschland,DE,dictionary_exact,1.0
40689974,Deutschland,DE,dictionary_exact,1.0
40689974,Deutschland,DE,dictionary_exact,1.0
40689974,Deutschland,DE,dictionary_exact,1.0
40689974,Deutschland,DE,dictionary_exact,1.0
40689974,Deutschland,DE,dictionary_exact,1.0
40689974,Deutschland,DE,dictionary_exact,1.0
40689974,Deutschland,DE,dictionary_exact,1.0
40689974,Deutschland,DE,dictionary_exact,1.0
40689974,Deutschland,DE,dictionary_exact,1.0
40689974,Deutschland,DE,dictionary_exact,1.0
40689974,Deutschland,DE,dictionary_exact,1.0
40689974,Deutschland,DE,dictionary_exact,1.0
40689974,Deutschland,DE,dictionary_exact,1.0
40689974,Deutschland,DE,dictionary_exact,1.0
40689974,Deutschland,DE,dictionary_exact,1.0
40689974,Deutschland,DE,dictionary_exact,1.0
40689974,Deutschland,DE,dictionary_exact,1.0
40689974,Deutschland,DE,dictionary_exact,1.0
40689974,Deutschland,DE,dictionary_exact,1.0
40689974,Deutschland,DE,dictionary_exact,1.0
40689974,Deutschland,DE,dictionary_exact,1.0
40689974,Deutschland,DE,dictionary_exact,1.0
40689974,Deutschland,DE,dictionary_exact,1.0
40689974,Deutschland,DE,dictionary_exact,1.0
40689973,Deutschland,DE,dictionary_exact,1.0
40689973,Deutschland,DE,dictionary_exact,1.0
40689973,Deutschland,DE,dictionary_exact,1.0
40689972,Deutschland,DE,dictionary_exact,1.0
40689972,Deutschland,DE,dictionary_exact,1.0
40689969,Deutschland,DE,dictionary_exact,1.0
40689969,Deutschland,DE,dictionary_exact,1.0
40689968,Deutschland,DE,dictionary_exact,1.0
40689959,Deutschland,DE,dictionary_exact,1.0
40689959,Deutschland,DE,dictionary_exact,1.0
40689959,Deutschland,DE,dictionary_exact,1.0
40689958,Deutschland,DE,dictionary_exact,1.0
40689958,Deutschland,DE,dictionary_exact,1.0
40689958,Deutschland,DE,dictionary_exact,1.0
40689958,Deutschland,DE,dictionary_exact,1.0
40689958,Schweiz,CH,dictionary_exact,1.0
40689958,Deutschland,DE,dictionary_exact,1.0
40689958,Deutschland,DE,dictionary_exact,1.0
40689943,Deutschland,DE,dictionary_exact,1.0
40689943,Deutschland,DE,dictionary_exact,1.0
40689943,Deutschland,DE,dictionary_exact,1.0
40689943,Deutschland,DE,dictionary_exact,1.0
40689943,Deutschland,DE,dictionary_exact,1.0
40689924,Deutschland,DE,dictionary_exact,1.0
40689888,Germany,DE,pycountry_exact,0.95
40689888,Germany,DE,pycountry_exact,0.95
40689888,Germany,DE,pycountry_exact,0.95
40680796,GERMANY,DE,pycountry_exact,0.95
40680796,GERMANY,DE,pycountry_exact,0.95
40680789,Germany,DE,pycountry_exact,0.95
40680788,Germany,DE,pycountry_exact,0.95
40680788,Germany,DE,pycountry_exact,0.95
40680788,Germany,DE,pycountry_exact,0.95
40680788,Germany,DE,pycountry_exact,0.95
40680788,Germany,DE,pycountry_exact,0.95
40680788,Germany,DE,pycountry_exact,0.95
40680788,Germany,DE,pycountry_exact,0.95
40680788,Germany,DE,pycountry_exact,0.95
40679620,Deutschland,DE,dictionary_exact,1.0
40679620,Deutschland,DE,dictionary_exact,1.0
40679620,Deutschland,DE,dictionary_exact,1.0
40679619,Deutschland,DE,dictionary_exact,1.0
40679512,Schweiz,CH,dictionary_exact,1.0
40679512,Schweiz,CH,dictionary_exact,1.0
40679512,Deutschland,DE,dictionary_exact,1.0
40676314,Deutschland,DE,dictionary_exact,1.0
40676314,Deutschland,DE,dictionary_exact,1.0
40676314,Deutschland,DE,dictionary_exact,1.0
40676314,Deutschland,DE,dictionary_exact,1.0
40676314,Deutschland,DE,dictionary_exact,1.0
40676314,Deutschland,DE,dictionary_exact,1.0
40676314,Deutschland,DE,dictionary_exact,1.0
40676314,Deutschland,DE,dictionary_exact,1.0
40676314,Deutschland,DE,dictionary_exact,1.0
40676269,Deutschland,DE,dictionary_exact,1.0
40676269,Österreich,AT,dictionary_exact,1.0
40676269,Österreich,AT,dictionary_exact,1.0
40676251,Deutschland,DE,dictionary_exact,1.0
40676241,Deutschland,DE,dictionary_exact,1.0
40676241,Deutschland,DE,dictionary_exact,1.0
40676224,Deutschland,DE,dictionary_exact,1.0
40676224,Deutschland,DE,dictionary_exact,1.0
40676223,Deutschland,DE,dictionary_exact,1.0
40676223,Deutschland,DE,dictionary_exact,1.0
40676223,Deutschland,DE,dictionary_exact,1.0
40676223,Deutschland,DE,dictionary_exact,1.0
40676223,Deutschland,DE,dictionary_exact,1.0
40675567,Universität zu Lübeck,DE,geonames_word,0.8
40675566,Hamburg,DE,pycountry_exact,0.95
40675566,Hamburg,DE,pycountry_exact,0.95
40675566,Stendal,DE,geonames_exact,0.9
40675566,Hamburg,DE,pycountry_exact,0.95
40675566,Hamburg,DE,pycountry_exact,0.95
40675565,Halle (Saale),DE,geonames_exact,0.9
40675565,Universität Bielefeld,DE,geonames_word,0.8
40675195,Deutschland,DE,dictionary_exact,1.0
40675195,Deutschland,DE,dictionary_exact,1.0
40675195,Deutschland,DE,dictionary_exact,1.0
40675194,Österreich,AT,dictionary_exact,1.0
40675194,Österreich,AT,dictionary_exact,1.0
40675194,Brasilien,BR,dictionary_exact,1.0
40675181,Universitätsmedizin Rostock,DE,geonames_word,0.8
40672058,Schweiz,CH,dictionary_exact,1.0
40672058,Schweiz,CH,dictionary_exact,1.0
40672058,Deutschland,DE,dictionary_exact,1.0
40672058,Schweiz,CH,dictionary_exact,1.0
40671516,Deutschland,DE,dictionary_exact,1.0
40671515,Deutschland,DE,dictionary_exact,1.0
40669845,Deutschland,DE,dictionary_exact,1.0
40669845,Deutschland,DE,dictionary_exact,1.0
40669845,Deutschland,DE,dictionary_exact,1.0
40669837,Germany,DE,pycountry_exact,0.95
40669837,Germany,DE,pycountry_exact,0.95
40669829,Germany,DE,pycountry_exact,0.95
40669515,Universitätsmedizin Rostock,DE,geonames_word,0.8
40669515,Ludwig-Maximilians-Universität München,DE,geonames_word,0.8
40669515,Universität Kassel,DE,geonames_word,0.8
40669515,München,DE,geonames_exact,0.9
40669515,Berlin,DE,pycountry_exact,0.95
40669506,Germany,DE,pycountry_exact,0.95
40669505,Germany,DE,pycountry_exact,0.95
40669505,United States,US,dictionary_exact,1.0
40669505,Germany,DE,pycountry_exact,0.95
40669505,Switzerland,CH,pycountry_exact,0.95
40669504,Switzerland,CH,pycountry_exact,0.95
40669504,Germany,DE,pycountry_exact,0.95
40669504,United States,US,dictionary_exact,1.0
40669504,Germany,DE,pycountry_exact,0.95
40668434,Deutschland,DE,dictionary_exact,1.0
40668434,Deutschland,DE,dictionary_exact,1.0
40668410,Deutschland,DE,dictionary_exact,1.0
40668410,Deutschland,DE,dictionary_exact,1.0
40668375,Deutschland,DE,dictionary_exact,1.0
40668375,Deutschland,DE,dictionary_exact,1.0
40668375,Deutschland,DE,dictionary_exact,1.0
40668375,Deutschland,DE,dictionary_exact,1.0
40668358,Deutschland,DE,dictionary_exact,1.0
40668358,Deutschland,DE,dictionary_exact,1.0
40668358,Deutschland,DE,dictionary_exact,1.0
40668358,Deutschland,DE,dictionary_exact,1.0
40668358,Deutschland,DE,dictionary_exact,1.0
40668354,Deutschland,DE,dictionary_exact,1.0
40668354,Deutschland,DE,dictionary_exact,1.0
40668279,Deutschland,DE,dictionary_exact,1.0
40668279,Deutschland,DE,dictionary_exact,1.0
40668272,Schweiz,CH,dictionary_exact,1.0
40668272,Schweiz,CH,dictionary_exact,1.0
40665156,Deutschland,DE,dictionary_exact,1.0
40665156,Deutschland,DE,dictionary_exact,1.0
40665156,Deutschland,DE,dictionary_exact,1.0
40665156,Deutschland,DE,dictionary_exact,1.0
40665156,Deutschland,DE,dictionary_exact,1.0
40665035,Deutschland,DE,dictionary_exact,1.0
40665035,Deutschland,DE,dictionary_exact,1.0
40665035,Deutschland,DE,dictionary_exact,1.0
40665035,Deutschland,DE,dictionary_exact,1.0
40665035,Deutschland,DE,dictionary_exact,1.0
40665035,Deutschland,DE,dictionary_exact,1.0
40665035,Deutschland,DE,dictionary_exact,1.0
40664993,Deutschland,DE,dictionary_exact,1.0
40664993,Deutschland,DE,dictionary_exact,1.0
40664944,Deutschland,DE,dictionary_exact,1.0
40664944,Deutschland,DE,dictionary_exact,1.0
40664844,Deutschland,DE,dictionary_exact,1.0
40664844,Deutschland,DE,dictionary_exact,1.0
40664844,Deutschland,DE,dictionary_exact,1.0
40664844,Deutschland,DE,dictionary_exact,1.0
40664519,Deutschland,DE,dictionary_exact,1.0
40664519,Deutschland,DE,dictionary_exact,1.0
40664519,Deutschland,DE,dictionary_exact,1.0
40664519,Deutschland,DE,dictionary_exact,1.0
40664519,Deutschland,DE,dictionary_exact,1.0
40664519,Deutschland,DE,dictionary_exact,1.0
40664518,Deutschland,DE,dictionary_exact,1.0
40664518,Deutschland,DE,dictionary_exact,1.0
40664353,Germany,DE,pycountry_exact,0.95
40664353,Germany,DE,pycountry_exact,0.95
40664353,Germany,DE,pycountry_exact,0.95
40664353,Germany,DE,pycountry_exact,0.95
40663193,Deutschland,DE,dictionary_exact,1.0
40663193,Deutschland,DE,dictionary_exact,1.0
40663192,Deutschland,DE,dictionary_exact,1.0
40663192,Deutschland,DE,dictionary_exact,1.0
40663177,Deutschland,DE,dictionary_exact,1.0
40663177,Deutschland,DE,dictionary_exact,1.0
40663151,Deutschland,DE,dictionary_exact,1.0
40663151,Deutschland,DE,dictionary_exact,1.0
40660046,Deutschland,DE,dictionary_exact,1.0
40660046,Deutschland,DE,dictionary_exact,1.0
40660046,Irland,IE,dictionary_exact,1.0
40660046,Deutschland,DE,dictionary_exact,1.0
40660046,Deutschland,DE,dictionary_exact,1.0
40660044,Deutschland,DE,dictionary_exact,1.0
40660044,Deutschland,DE,dictionary_exact,1.0
40660044,Deutschland,DE,dictionary_exact,1.0
40660044,Deutschland,DE,dictionary_exact,1.0
40660044,Deutschland,DE,dictionary_exact,1.0
40660039,Deutschland,DE,dictionary_exact,1.0
40660039,Deutschland,DE,dictionary_exact,1.0
40660013,Deutschland,DE,dictionary_exact,1.0
40660013,Deutschland,DE,dictionary_exact,1.0
40660012,Deutschland,DE,dictionary_exact,1.0
40660012,Deutschland,DE,dictionary_exact,1.0
40659923,Österreich,AT,dictionary_exact,1.0
40659923,Österreich,AT,dictionary_exact,1.0
40659923,Österreich,AT,dictionary_exact,1.0
40659923,Österreich,AT,dictionary_exact,1.0
40659923,Österreich,AT,dictionary_exact,1.0
40659923,Österreich,AT,dictionary_exact,1.0
40659923,Österreich,AT,dictionary_exact,1.0
40659882,Deutschland,DE,dictionary_exact,1.0
40659882,Deutschland,DE,dictionary_exact,1.0
40659882,Deutschland,DE,dictionary_exact,1.0
40659882,Deutschland,DE,dictionary_exact,1.0
40659882,Deutschland,DE,dictionary_exact,1.0
40659882,Deutschland,DE,dictionary_exact,1.0
40659839,Deutschland,DE,dictionary_exact,1.0
40659839,Deutschland,DE,dictionary_exact,1.0
40659828,Deutschland,DE,dictionary_exact,1.0
40659828,Deutschland,DE,dictionary_exact,1.0
40659827,Deutschland,DE,dictionary_exact,1.0
40659827,Deutschland,DE,dictionary_exact,1.0
40659057,Germany,DE,pycountry_exact,0.95
40659057,Germany,DE,pycountry_exact,0.95
40659057,Germany,DE,pycountry_exact,0.95
40659057,Germany,DE,pycountry_exact,0.95
40658203,Deutschland,DE,dictionary_exact,1.0
40658203,Deutschland,DE,dictionary_exact,1.0
40658203,Deutschland,DE,dictionary_exact,1.0
40658203,Deutschland,DE,dictionary_exact,1.0
40658203,Deutschland,DE,dictionary_exact,1.0
40658203,Deutschland,DE,dictionary_exact,1.0
40658150,Deutschland,DE,dictionary_exact,1.0
40658150,Deutschland,DE,dictionary_exact,1.0
40658131,Deutschland,DE,dictionary_exact,1.0
40658131,Deutschland,DE,dictionary_exact,1.0
40658130,Deutschland,DE,dictionary_exact,1.0
40658130,Deutschland,DE,dictionary_exact,1.0
40658114,Deutschland,DE,dictionary_exact,1.0
40658114,Deutschland,DE,dictionary_exact,1.0
40658114,Deutschland,DE,dictionary_exact,1.0
40658114,Deutschland,DE,dictionary_exact,1.0
40658113,Deutschland,DE,dictionary_exact,1.0
40658113,Deutschland,DE,dictionary_exact,1.0
40652050,Deutschland,DE,dictionary_exact,1.0
40652050,Deutschland,DE,dictionary_exact,1.0
40650790,Deutschland,DE,dictionary_exact,1.0
40650790,Deutschland,DE,dictionary_exact,1.0
40650790,Deutschland,DE,dictionary_exact,1.0
40650790,Deutschland,DE,dictionary_exact,1.0
40646248,Österreich,AT,dictionary_exact,1.0
40646248,Österreich,AT,dictionary_exact,1.0
40646248,Österreich,AT,dictionary_exact,1.0
40646248,Österreich,AT,dictionary_exact,1.0
40646248,Österreich,AT,dictionary_exact,1.0
40646248,Österreich,AT,dictionary_exact,1.0
40646248,Österreich,AT,dictionary_exact,1.0
40645748,Germany,DE,pycountry_exact,0.95
40645748,Germany,DE,pycountry_exact,0.95
40645748,Germany,DE,pycountry_exact,0.95
40645748,Germany,DE,pycountry_exact,0.95
40645659,Essen,DE,pycountry_exact,0.95
40645659,Berlin,DE,pycountry_exact,0.95
40645659,Berlin,DE,pycountry_exact,0.95
40645659,Berlin,DE,pycountry_exact,0.95
40645659,Berlin,DE,pycountry_exact,0.95
40645659,Standort Berlin-Potsdam,DE,geonames_word,0.8
40645659,vormals Chefarzt der Klinik für psychische Erkrankungen am SRH Klinikum Naumburg,DE,geonames_word,0.8
40645659,Berlin,DE,pycountry_exact,0.95
40645659,Münster,IE,pycountry_exact,0.95
40645659,Witten,DE,geonames_exact,0.9
40645659,Hamm,GB,pycountry_exact,0.95
40645659,Donau-Ries Klinik BKH Donauwörth,DE,geonames_word,0.8
40645659,Klinik für Psychiatrie und Psychotherapie II der Universität Ulm am BKH Günzburg,DE,geonames_word,0.8
40645659,Potsdam,DE,geonames_exact,0.9
40645659,Bad Salzungen,DE,geonames_exact,0.9
40645659,Olpe,DE,geonames_exact,0.9
40645659,Querfurt,not found,Not found,0.0
40645658,Schweiz,CH,dictionary_exact,1.0
40643856,Österreich,AT,dictionary_exact,1.0
40643856,Österreich,AT,dictionary_exact,1.0
40643699,Deutschland,DE,dictionary_exact,1.0
40643699,Deutschland,DE,dictionary_exact,1.0
40643696,Deutschland,DE,dictionary_exact,1.0
40643696,Deutschland,DE,dictionary_exact,1.0
40643696,Deutschland,DE,dictionary_exact,1.0
40643696,Deutschland,DE,dictionary_exact,1.0
40643696,Deutschland,DE,dictionary_exact,1.0
40643696,Deutschland,DE,dictionary_exact,1.0
40643696,Deutschland,DE,dictionary_exact,1.0
40643696,Deutschland,DE,dictionary_exact,1.0
40643696,Deutschland,DE,dictionary_exact,1.0
40643696,Deutschland,DE,dictionary_exact,1.0
40643696,Deutschland,DE,dictionary_exact,1.0
40643696,Deutschland,DE,dictionary_exact,1.0
40643696,Deutschland,DE,dictionary_exact,1.0
40643696,Schweiz,CH,dictionary_exact,1.0
40643696,Deutschland,DE,dictionary_exact,1.0
40643692,Deutschland,DE,dictionary_exact,1.0
40643692,Deutschland,DE,dictionary_exact,1.0
40643686,Deutschland,DE,dictionary_exact,1.0
40643686,Deutschland,DE,dictionary_exact,1.0
40643686,Deutschland,DE,dictionary_exact,1.0
40643685,Deutschland,DE,dictionary_exact,1.0
40643684,Deutschland,DE,dictionary_exact,1.0
40643684,Deutschland,DE,dictionary_exact,1.0
40643683,Schweiz,CH,dictionary_exact,1.0
40643683,Deutschland,DE,dictionary_exact,1.0
40643683,Deutschland,DE,dictionary_exact,1.0
40643682,Deutschland,DE,dictionary_exact,1.0
40643682,Im Neuenheimer Feld 420,not found,Not found,0.0
40643682,Deutschland,DE,dictionary_exact,1.0
40643682,Fetscherstrasse 74,not found,Not found,0.0
40643682,Karl-Marx-Allee 3,RU,geonames_word,0.8
40643682,Charitéplatz 1,not found,Not found,0.0
40643682,Theodor-Kutzer-Ufer 1-3,not found,Not found,0.0
40643682,Oberdürrbacher Strasse 6,not found,Not found,0.0
40643682,Pferdebachstrasse 27,not found,Not found,0.0
40643682,Universitätsstraße 150,not found,Not found,0.0
40643682,Müllerstrasse 178,not found,Not found,0.0
40643682,Georg Brauchle Ring 60,not found,Not found,0.0
40643682,Hochstrasse 29,FI,geonames_word,0.8
40643668,Deutschland,DE,dictionary_exact,1.0
40643668,Deutschland,DE,dictionary_exact,1.0
40643668,Deutschland,DE,dictionary_exact,1.0
40643668,Deutschland,DE,dictionary_exact,1.0
40643668,Deutschland,DE,dictionary_exact,1.0
40643668,Deutschland,DE,dictionary_exact,1.0
40643668,Deutschland,DE,dictionary_exact,1.0
40643668,Deutschland,DE,dictionary_exact,1.0
40643668,Deutschland,DE,dictionary_exact,1.0
40643668,Deutschland,DE,dictionary_exact,1.0
40643668,Deutschland,DE,dictionary_exact,1.0
40643668,Deutschland,DE,dictionary_exact,1.0
40643668,Deutschland,DE,dictionary_exact,1.0
40643668,Deutschland,DE,dictionary_exact,1.0
40643668,Deutschland,DE,dictionary_exact,1.0
40643668,Deutschland,DE,dictionary_exact,1.0
40643668,Deutschland,DE,dictionary_exact,1.0
40643668,Deutschland,DE,dictionary_exact,1.0
40643668,Deutschland,DE,dictionary_exact,1.0
40643668,Deutschland,DE,dictionary_exact,1.0
40643668,Deutschland,DE,dictionary_exact,1.0
40643668,Deutschland,DE,dictionary_exact,1.0
40643668,Deutschland,DE,dictionary_exact,1.0
40643668,Deutschland,DE,dictionary_exact,1.0
40643668,Deutschland,DE,dictionary_exact,1.0
40643668,Deutschland,DE,dictionary_exact,1.0
40643668,Deutschland,DE,dictionary_exact,1.0
40643668,Deutschland,DE,dictionary_exact,1.0
40643668,Deutschland,DE,dictionary_exact,1.0
40643668,Deutschland,DE,dictionary_exact,1.0
40643668,Deutschland,DE,dictionary_exact,1.0
40643668,Deutschland,DE,dictionary_exact,1.0
40643668,Deutschland,DE,dictionary_exact,1.0
40643668,Deutschland,DE,dictionary_exact,1.0
40643668,Deutschland,DE,dictionary_exact,1.0
40643668,Deutschland,DE,dictionary_exact,1.0
40643668,Deutschland,DE,dictionary_exact,1.0
40643668,Deutschland,DE,dictionary_exact,1.0
40643667,Deutschland,DE,dictionary_exact,1.0
40643667,Deutschland,DE,dictionary_exact,1.0
40643666,Deutschland,DE,dictionary_exact,1.0
40643666,Deutschland,DE,dictionary_exact,1.0
40643666,Deutschland,DE,dictionary_exact,1.0
40643666,Deutschland,DE,dictionary_exact,1.0
40643666,Deutschland,DE,dictionary_exact,1.0
40643666,Deutschland,DE,dictionary_exact,1.0
40643666,Deutschland,DE,dictionary_exact,1.0
40643665,Deutschland,DE,dictionary_exact,1.0
40643665,Deutschland,DE,dictionary_exact,1.0
40643663,Deutschland,DE,dictionary_exact,1.0
40643662,Deutschland,DE,dictionary_exact,1.0
40643662,Deutschland,DE,dictionary_exact,1.0
40643662,Deutschland,DE,dictionary_exact,1.0
40643661,Deutschland,DE,dictionary_exact,1.0
40643661,Deutschland,DE,dictionary_exact,1.0
40643661,Deutschland,DE,dictionary_exact,1.0
40643660,Deutschland,DE,dictionary_exact,1.0
40643660,Deutschland,DE,dictionary_exact,1.0
40643660,Deutschland,DE,dictionary_exact,1.0
40643659,Deutschland,DE,dictionary_exact,1.0
40643659,Deutschland,DE,dictionary_exact,1.0
40643658,Deutschland,DE,dictionary_exact,1.0
40643658,Deutschland,DE,dictionary_exact,1.0
40643646,Deutschland,DE,dictionary_exact,1.0
40643645,Deutschland,DE,dictionary_exact,1.0
40643645,Deutschland,DE,dictionary_exact,1.0
40643645,Deutschland,DE,dictionary_exact,1.0
40643645,Deutschland,DE,dictionary_exact,1.0
40643644,Deutschland,DE,dictionary_exact,1.0
40643644,Deutschland,DE,dictionary_exact,1.0
40643643,Deutschland,DE,dictionary_exact,1.0
40643643,Deutschland,DE,dictionary_exact,1.0
40643643,Deutschland,DE,dictionary_exact,1.0
40643643,Deutschland,DE,dictionary_exact,1.0
40643642,Deutschland,DE,dictionary_exact,1.0
40643642,Deutschland,DE,dictionary_exact,1.0
40643642,Deutschland,DE,dictionary_exact,1.0
40643642,Deutschland,DE,dictionary_exact,1.0
40643641,Deutschland,DE,dictionary_exact,1.0
40643640,Deutschland,DE,dictionary_exact,1.0
40643640,Deutschland,DE,dictionary_exact,1.0
40643639,Deutschland,DE,dictionary_exact,1.0
40643639,Deutschland,DE,dictionary_exact,1.0
40643639,Deutschland,DE,dictionary_exact,1.0
40643639,Deutschland,DE,dictionary_exact,1.0
40643639,Deutschland,DE,dictionary_exact,1.0
40643639,Deutschland,DE,dictionary_exact,1.0
40643638,Deutschland,DE,dictionary_exact,1.0
40643637,Deutschland,DE,dictionary_exact,1.0
40643637,Deutschland,DE,dictionary_exact,1.0
40643637,Deutschland,DE,dictionary_exact,1.0
40643637,Deutschland,DE,dictionary_exact,1.0
40643637,Deutschland,DE,dictionary_exact,1.0
40643637,Deutschland,DE,dictionary_exact,1.0
40643632,Deutschland,DE,dictionary_exact,1.0
40643632,Deutschland,DE,dictionary_exact,1.0
40643626,Deutschland,DE,dictionary_exact,1.0
40643626,Deutschland,DE,dictionary_exact,1.0
40643626,Deutschland,DE,dictionary_exact,1.0
40643622,Deutschland,DE,dictionary_exact,1.0
40643622,Deutschland,DE,dictionary_exact,1.0
40643621,Deutschland,DE,dictionary_exact,1.0
40643606,Deutschland,DE,dictionary_exact,1.0
40643606,Deutschland,DE,dictionary_exact,1.0
40643606,Deutschland,DE,dictionary_exact,1.0
40643606,Deutschland,DE,dictionary_exact,1.0
40643606,Deutschland,DE,dictionary_exact,1.0
40643606,Deutschland,DE,dictionary_exact,1.0
40643606,Deutschland,DE,dictionary_exact,1.0
40643606,Deutschland,DE,dictionary_exact,1.0
40643606,Deutschland,DE,dictionary_exact,1.0
40643606,Deutschland,DE,dictionary_exact,1.0
40643606,Deutschland,DE,dictionary_exact,1.0
40643606,Deutschland,DE,dictionary_exact,1.0
40643598,Deutschland,DE,dictionary_exact,1.0
40643597,Deutschland,DE,dictionary_exact,1.0
40643597,Deutschland,DE,dictionary_exact,1.0
40640695,Deutschland,DE,dictionary_exact,1.0
40640694,Deutschland,DE,dictionary_exact,1.0
40640693,Deutschland,DE,dictionary_exact,1.0
40640692,Deutschland,DE,dictionary_exact,1.0
40640691,Deutschland,DE,dictionary_exact,1.0
40640690,Deutschland,DE,dictionary_exact,1.0
40640689,Deutschland,DE,dictionary_exact,1.0
40640688,Deutschland,DE,dictionary_exact,1.0
40640687,Deutschland,DE,dictionary_exact,1.0
40640686,Deutschland,DE,dictionary_exact,1.0
40640686,Deutschland,DE,dictionary_exact,1.0
40640686,Deutschland,DE,dictionary_exact,1.0
40640685,Deutschland,DE,dictionary_exact,1.0
40640685,Deutschland,DE,dictionary_exact,1.0
40640685,Deutschland,DE,dictionary_exact,1.0
40640685,Deutschland,DE,dictionary_exact,1.0
40640684,Deutschland,DE,dictionary_exact,1.0
40640684,Deutschland,DE,dictionary_exact,1.0
40640684,Deutschland,DE,dictionary_exact,1.0
40640683,Deutschland,DE,dictionary_exact,1.0
40640683,Deutschland,DE,dictionary_exact,1.0
40640683,Deutschland,DE,dictionary_exact,1.0
40640683,Deutschland,DE,dictionary_exact,1.0
40640683,Deutschland,DE,dictionary_exact,1.0
40640683,Deutschland,DE,dictionary_exact,1.0
40640682,Deutschland,DE,dictionary_exact,1.0
40640682,Deutschland,DE,dictionary_exact,1.0
40640682,Deutschland,DE,dictionary_exact,1.0
40640682,Deutschland,DE,dictionary_exact,1.0
40640681,Deutschland,DE,dictionary_exact,1.0
40640680,Deutschland,DE,dictionary_exact,1.0
40640679,Deutschland,DE,dictionary_exact,1.0
40640678,Deutschland,DE,dictionary_exact,1.0
40640677,Deutschland,DE,dictionary_exact,1.0
40640676,Deutschland,DE,dictionary_exact,1.0
40640675,Deutschland,DE,dictionary_exact,1.0
40640674,Deutschland,DE,dictionary_exact,1.0
40640673,Deutschland,DE,dictionary_exact,1.0
40640672,Deutschland,DE,dictionary_exact,1.0
40640671,Deutschland,DE,dictionary_exact,1.0
40640670,Deutschland,DE,dictionary_exact,1.0
40640669,Deutschland,DE,dictionary_exact,1.0
40640669,Deutschland,DE,dictionary_exact,1.0
40640668,Deutschland,DE,dictionary_exact,1.0
40640667,Deutschland,DE,dictionary_exact,1.0
40640667,Germany,DE,pycountry_exact,0.95
40640666,Deutschland,DE,dictionary_exact,1.0
40640665,Deutschland,DE,dictionary_exact,1.0
40640664,Deutschland,DE,dictionary_exact,1.0
40640663,Deutschland,DE,dictionary_exact,1.0
40640662,Deutschland,DE,dictionary_exact,1.0
40640661,Deutschland,DE,dictionary_exact,1.0
40640660,Deutschland,DE,dictionary_exact,1.0
40640659,Deutschland,DE,dictionary_exact,1.0
40640658,Deutschland,DE,dictionary_exact,1.0
40640657,Deutschland,DE,dictionary_exact,1.0
40640656,Deutschland,DE,dictionary_exact,1.0
40640655,Deutschland,DE,dictionary_exact,1.0
40640654,Deutschland,DE,dictionary_exact,1.0
40640653,Deutschland,DE,dictionary_exact,1.0
40640652,Deutschland,DE,dictionary_exact,1.0
40640651,Deutschland,DE,dictionary_exact,1.0
40640651,Deutschland,DE,dictionary_exact,1.0
40640651,Deutschland,DE,dictionary_exact,1.0
40640650,Deutschland,DE,dictionary_exact,1.0
40640649,Deutschland,DE,dictionary_exact,1.0
40640638,Deutschland,DE,dictionary_exact,1.0
40640638,Deutschland,DE,dictionary_exact,1.0
40640577,Deutschland,DE,dictionary_exact,1.0
40640577,Österreich,AT,dictionary_exact,1.0
40640577,Deutschland,DE,dictionary_exact,1.0
40640577,Österreich,AT,dictionary_exact,1.0
40640401,Deutschland,DE,dictionary_exact,1.0
40640401,Deutschland,DE,dictionary_exact,1.0
40639811,Germany,DE,pycountry_exact,0.95
40639811,Germany,DE,pycountry_exact,0.95
40639811,Germany,DE,pycountry_exact,0.95
40639672,Universitätsklinikum Jena,DE,geonames_word,0.8
40639672,Universitätsklinikum Leipzig,DE,geonames_word,0.8
40637852,Österreich,AT,dictionary_exact,1.0
40637852,Österreich,AT,dictionary_exact,1.0
40637837,Deutschland,DE,dictionary_exact,1.0
40637837,Deutschland,DE,dictionary_exact,1.0
40637837,Deutschland,DE,dictionary_exact,1.0
40637837,Deutschland,DE,dictionary_exact,1.0
40637756,Deutschland,DE,dictionary_exact,1.0
40637756,Deutschland,DE,dictionary_exact,1.0
40634760,Deutschland,DE,dictionary_exact,1.0
40634760,Deutschland,DE,dictionary_exact,1.0
40634760,Deutschland,DE,dictionary_exact,1.0
40633820,Germany,DE,pycountry_exact,0.95
40633820,Germany,DE,pycountry_exact,0.95
40633559,Germany,DE,pycountry_exact,0.95
40633559,Germany,DE,pycountry_exact,0.95
40633559,Germany,DE,pycountry_exact,0.95
40632411,Deutschland,DE,dictionary_exact,1.0
40632410,Deutschland,DE,dictionary_exact,1.0
40632409,Deutschland,DE,dictionary_exact,1.0
40632408,Deutschland,DE,dictionary_exact,1.0
40632407,Deutschland,DE,dictionary_exact,1.0
40632407,Deutschland,DE,dictionary_exact,1.0
40632406,Deutschland,DE,dictionary_exact,1.0
40632405,Deutschland,DE,dictionary_exact,1.0
40632405,Deutschland,DE,dictionary_exact,1.0
40632404,Deutschland,DE,dictionary_exact,1.0
40632403,Deutschland,DE,dictionary_exact,1.0
40632403,Deutschland,DE,dictionary_exact,1.0
40632402,Deutschland,DE,dictionary_exact,1.0
40632401,Deutschland,DE,dictionary_exact,1.0
40632400,Deutschland,DE,dictionary_exact,1.0
40632399,Österreich,AT,dictionary_exact,1.0
40632398,Österreich,AT,dictionary_exact,1.0
40632397,Österreich,AT,dictionary_exact,1.0
40632396,Deutschland,DE,dictionary_exact,1.0
40632395,Deutschland,DE,dictionary_exact,1.0
40632394,Deutschland,DE,dictionary_exact,1.0
40632393,Deutschland,DE,dictionary_exact,1.0
40632392,Deutschland,DE,dictionary_exact,1.0
40632391,Deutschland,DE,dictionary_exact,1.0
40632390,Deutschland,DE,dictionary_exact,1.0
40632246,Deutschland,DE,dictionary_exact,1.0
40632246,Deutschland,DE,dictionary_exact,1.0
40632246,Deutschland,DE,dictionary_exact,1.0
40632246,Deutschland,DE,dictionary_exact,1.0
40632246,Deutschland,DE,dictionary_exact,1.0
40632246,Deutschland,DE,dictionary_exact,1.0
40632246,Deutschland,DE,dictionary_exact,1.0
40632246,Deutschland,DE,dictionary_exact,1.0
40632246,Deutschland,DE,dictionary_exact,1.0
40632246,Deutschland,DE,dictionary_exact,1.0
40632237,Deutschland,DE,dictionary_exact,1.0
40632237,Deutschland,DE,dictionary_exact,1.0
40632223,Deutschland,DE,dictionary_exact,1.0
40632223,Deutschland,DE,dictionary_exact,1.0
40632215,Deutschland,DE,dictionary_exact,1.0
40632215,Deutschland,DE,dictionary_exact,1.0
40632212,Deutschland,DE,dictionary_exact,1.0
40632212,Deutschland,DE,dictionary_exact,1.0
40632211,Deutschland,DE,dictionary_exact,1.0
40632211,Deutschland,DE,dictionary_exact,1.0
40632211,Deutschland,DE,dictionary_exact,1.0
40632211,Deutschland,DE,dictionary_exact,1.0
40632149,Deutschland,DE,dictionary_exact,1.0
40632149,Deutschland,DE,dictionary_exact,1.0
40628414,Deutschland,DE,dictionary_exact,1.0
40628414,Deutschland,DE,dictionary_exact,1.0
40628375,Germany,DE,pycountry_exact,0.95
40628375,Germany,DE,pycountry_exact,0.95
40628375,Germany,DE,pycountry_exact,0.95
40628375,Germany,DE,pycountry_exact,0.95
40628302,Germany,DE,pycountry_exact,0.95
40627172,Deutschland,DE,dictionary_exact,1.0
40627172,Deutschland,DE,dictionary_exact,1.0
40627172,Deutschland,DE,dictionary_exact,1.0
40627172,Deutschland,DE,dictionary_exact,1.0
40627164,Deutschland,DE,dictionary_exact,1.0
40627164,Deutschland,DE,dictionary_exact,1.0
40627164,Deutschland,DE,dictionary_exact,1.0
40627046,Deutschland,DE,dictionary_exact,1.0
40627046,Deutschland,DE,dictionary_exact,1.0
40627046,Deutschland,DE,dictionary_exact,1.0
40627044,Deutschland,DE,dictionary_exact,1.0
40627044,Deutschland,DE,dictionary_exact,1.0
40626856,Bad Kissingen,DE,geonames_exact,0.9
40626856,Lindau,DE,geonames_exact,0.9
40626855,Chur,BB,pycountry_exact,0.95
40626855,Universität Zürich,CH,geonames_word,0.8
40626855,Universität Zürich,CH,geonames_word,0.8
40626854,Universität Bern,CH,geonames_word,0.8
40626854,Universität Bern,CH,geonames_word,0.8
40624288,Kopperpahler Allee 120,not found,Not found,0.0
40624288,Deutschland,DE,dictionary_exact,1.0
40624288,Deutschland,DE,dictionary_exact,1.0
40623697,GERMANY,DE,pycountry_exact,0.95
40623697,GERMANY,DE,pycountry_exact,0.95
40623697,GERMANY,DE,pycountry_exact,0.95
40623434,Switzerland,CH,pycountry_exact,0.95
40623434,United States,US,dictionary_exact,1.0
40623434,Germany,DE,pycountry_exact,0.95
40623434,Germany,DE,pycountry_exact,0.95
40617735,Deutschland,DE,dictionary_exact,1.0
40617735,Deutschland,DE,dictionary_exact,1.0
40617735,Deutschland,DE,dictionary_exact,1.0
40617735,Deutschland,DE,dictionary_exact,1.0
40617735,Deutschland,DE,dictionary_exact,1.0
40617735,Deutschland,DE,dictionary_exact,1.0
40613887,Deutschland,DE,dictionary_exact,1.0
40613887,Deutschland,DE,dictionary_exact,1.0
40611750,Deutschland,DE,dictionary_exact,1.0
40611749,Deutschland,DE,dictionary_exact,1.0
40611747,Deutschland,DE,dictionary_exact,1.0
40611746,Deutschland,DE,dictionary_exact,1.0
40611746,Deutschland,DE,dictionary_exact,1.0
40611746,Deutschland,DE,dictionary_exact,1.0
40611746,Deutschland,DE,dictionary_exact,1.0
40610794,Deutschland,DE,dictionary_exact,1.0
40610794,Deutschland,DE,dictionary_exact,1.0
40609965,Universität zu Lübeck,DE,geonames_word,0.8
40609965,Halle,BE,geonames_exact,0.9
40609907,Germany,DE,pycountry_exact,0.95
40609907,Germany,DE,pycountry_exact,0.95
40609907,Germany,DE,pycountry_exact,0.95
40609907,Germany,DE,pycountry_exact,0.95
40608120,Deutschland,DE,dictionary_exact,1.0
40608120,Deutschland,DE,dictionary_exact,1.0
40608080,Deutschland,DE,dictionary_exact,1.0
40607675,Schweiz,CH,dictionary_exact,1.0
40607675,Schweiz,CH,dictionary_exact,1.0
40607674,Aarau,CH,geonames_exact,0.9
40607673,Kantonsspital St. Gallen,FR,geonames_word,0.8
40607672,Bern,CH,pycountry_exact,0.95
40607672,Fribourg,CH,pycountry_exact,0.95
40607671,Kantonsspital Baden,AT,geonames_word,0.8
40607670,Universitätsspital Bern,CH,geonames_word,0.8
40607670,Zürich,CH,pycountry_exact,0.95
40607669,Universitätsspital Bern und Universität Bern,CH,geonames_word,0.8
40602753,Deutschland,DE,dictionary_exact,1.0
40602612,Austria,AT,pycountry_exact,0.95
40602611,Berlin,DE,pycountry_exact,0.95
40602611,University Medical Center Hamburg-Eppendorf - Department of Medical Psychology and Institute for Psychotherapy,BR,geonames_word,0.8
40602611,Universitätsmedizin Greifswald,DE,geonames_word,0.8
40602611,Universitätsklinikum Carl Gustav Carus Dresden,DE,geonames_word,0.8
40602417,Germany,DE,pycountry_exact,0.95
40602417,Germany,DE,pycountry_exact,0.95
40602417,Germany,DE,pycountry_exact,0.95
40602417,Germany,DE,pycountry_exact,0.95
40602417,Germany,DE,pycountry_exact,0.95
40602414,LWL Universitätsklinik Hamm,DE,geonames_word,0.8
40602414,LVR Klinik Düren,DE,geonames_word,0.8
40602414,Bielefeld,DE,geonames_exact,0.9
40602414,Bielefeld,DE,geonames_exact,0.9
40602399,Deutschland,DE,dictionary_exact,1.0
40602398,Germany,DE,pycountry_exact,0.95
40602398,Germany,DE,pycountry_exact,0.95
40602398,Germany,DE,pycountry_exact,0.95
40602398,Germany,DE,pycountry_exact,0.95
40602398,Germany,DE,pycountry_exact,0.95
40602396,Germany,DE,pycountry_exact,0.95
40602395,Germany,DE,pycountry_exact,0.95
40602395,Germany,DE,pycountry_exact,0.95
40602394,Germany,DE,pycountry_exact,0.95
40602393,Germany,DE,pycountry_exact,0.95
40601041,Deutschland,DE,dictionary_exact,1.0
40601041,Deutschland,DE,dictionary_exact,1.0
40601000,Niederlande,NL,dictionary_exact,1.0
40601000,Niederlande,NL,dictionary_exact,1.0
40601000,Niederlande,NL,dictionary_exact,1.0
40600999,Deutschland,DE,dictionary_exact,1.0
40600999,Deutschland,DE,dictionary_exact,1.0
40600999,Deutschland,DE,dictionary_exact,1.0
40600998,Deutschland,DE,dictionary_exact,1.0
40600998,Deutschland,DE,dictionary_exact,1.0
40600998,Deutschland,DE,dictionary_exact,1.0
40600998,Deutschland,DE,dictionary_exact,1.0
40600986,Deutschland,DE,dictionary_exact,1.0
40600986,Deutschland,DE,dictionary_exact,1.0
40593182,Deutschland,DE,dictionary_exact,1.0
40593182,Deutschland,DE,dictionary_exact,1.0
40592677,Deutschland,DE,dictionary_exact,1.0
40592677,Deutschland,DE,dictionary_exact,1.0
40592677,Deutschland,DE,dictionary_exact,1.0
40592479,Germany,DE,pycountry_exact,0.95
40592479,Germany,DE,pycountry_exact,0.95
40592479,Denmark,DK,pycountry_exact,0.95
40592479,Germany,DE,pycountry_exact,0.95
40590969,Deutschland,DE,dictionary_exact,1.0
40590969,Deutschland,DE,dictionary_exact,1.0
40590943,Deutschland,DE,dictionary_exact,1.0
40590943,Deutschland,DE,dictionary_exact,1.0
40590917,Deutschland,DE,dictionary_exact,1.0
40590917,Deutschland,DE,dictionary_exact,1.0
40590917,Deutschland,DE,dictionary_exact,1.0
40590899,Deutschland,DE,dictionary_exact,1.0
40590899,Deutschland,DE,dictionary_exact,1.0
40588673,Deutschland,DE,dictionary_exact,1.0
40588673,Deutschland,DE,dictionary_exact,1.0
40588673,Deutschland,DE,dictionary_exact,1.0
40588673,Deutschland,DE,dictionary_exact,1.0
40588673,Schweiz,CH,dictionary_exact,1.0
40588630,Gotenstraße 6-8,not found,Not found,0.0
40588630,Gotenstraße 6-8,not found,Not found,0.0
40588158,Fachhochschule Erfurt,DE,geonames_word,0.8
40588158,Fachhochschule Erfurt,DE,geonames_word,0.8
40588157,Regensburg,DE,geonames_exact,0.9
40586919,Deutschland,DE,dictionary_exact,1.0
40586919,Deutschland,DE,dictionary_exact,1.0
40586919,Deutschland,DE,dictionary_exact,1.0
40586919,Deutschland,DE,dictionary_exact,1.0
40586919,Deutschland,DE,dictionary_exact,1.0
40586918,Deutschland,DE,dictionary_exact,1.0
40586918,Deutschland,DE,dictionary_exact,1.0
40586918,Deutschland,DE,dictionary_exact,1.0
40586918,Deutschland,DE,dictionary_exact,1.0
40586813,Deutschland,DE,dictionary_exact,1.0
40586813,Deutschland,DE,dictionary_exact,1.0
40586812,Deutschland,DE,dictionary_exact,1.0
40586812,Deutschland,DE,dictionary_exact,1.0
40586812,Deutschland,DE,dictionary_exact,1.0
40586812,Deutschland,DE,dictionary_exact,1.0
40586812,Deutschland,DE,dictionary_exact,1.0
40586812,Deutschland,DE,dictionary_exact,1.0
40586812,Deutschland,DE,dictionary_exact,1.0
40586811,Deutschland,DE,dictionary_exact,1.0
40586808,Bulgarien,BG,dictionary_exact,1.0
40586808,Bulgarien,BG,dictionary_exact,1.0
40586808,Bulgarien,BG,dictionary_exact,1.0
40586808,Deutschland,DE,dictionary_exact,1.0
40586807,Deutschland,DE,dictionary_exact,1.0
40586807,Deutschland,DE,dictionary_exact,1.0
40586807,Deutschland,DE,dictionary_exact,1.0
40586807,Deutschland,DE,dictionary_exact,1.0
40586806,Deutschland,DE,dictionary_exact,1.0
40586806,Deutschland,DE,dictionary_exact,1.0
40586806,Deutschland,DE,dictionary_exact,1.0
40586806,Deutschland,DE,dictionary_exact,1.0
40586806,Deutschland,DE,dictionary_exact,1.0
40586805,Deutschland,DE,dictionary_exact,1.0
40586805,Deutschland,DE,dictionary_exact,1.0
40586805,Deutschland,DE,dictionary_exact,1.0
40586805,Deutschland,DE,dictionary_exact,1.0
40586805,Deutschland,DE,dictionary_exact,1.0
40586805,Deutschland,DE,dictionary_exact,1.0
40586791,Deutschland,DE,dictionary_exact,1.0
40586791,Deutschland,DE,dictionary_exact,1.0
40586790,Deutschland,DE,dictionary_exact,1.0
40583057,Deutschland,DE,dictionary_exact,1.0
40583057,Deutschland,DE,dictionary_exact,1.0
40583056,Deutschland,DE,dictionary_exact,1.0
40583056,Deutschland,DE,dictionary_exact,1.0
40583056,Deutschland,DE,dictionary_exact,1.0
40580325,Deutschland,DE,dictionary_exact,1.0
40580325,Deutschland,DE,dictionary_exact,1.0
40580250,Deutschland,DE,dictionary_exact,1.0
40580250,Deutschland,DE,dictionary_exact,1.0
40580250,Deutschland,DE,dictionary_exact,1.0
40580250,Deutschland,DE,dictionary_exact,1.0
40580250,Deutschland,DE,dictionary_exact,1.0
40579585,Deutschland,DE,dictionary_exact,1.0
40579585,Deutschland,DE,dictionary_exact,1.0
40579585,Deutschland,DE,dictionary_exact,1.0
40579585,Deutschland,DE,dictionary_exact,1.0
40579585,Deutschland,DE,dictionary_exact,1.0
40579584,Deutschland,DE,dictionary_exact,1.0
40579584,Deutschland,DE,dictionary_exact,1.0
40579584,Deutschland,DE,dictionary_exact,1.0
40579477,Deutschland,DE,dictionary_exact,1.0
40579477,Deutschland,DE,dictionary_exact,1.0
40579477,Deutschland,DE,dictionary_exact,1.0
40579477,Deutschland,DE,dictionary_exact,1.0
40579477,Deutschland,DE,dictionary_exact,1.0
40579477,Deutschland,DE,dictionary_exact,1.0
40579477,Deutschland,DE,dictionary_exact,1.0
40579477,Deutschland,DE,dictionary_exact,1.0
40576933,Österreich,AT,dictionary_exact,1.0
40576933,Österreich,AT,dictionary_exact,1.0
40576933,Österreich,AT,dictionary_exact,1.0
40576804,Deutschland,DE,dictionary_exact,1.0
40576804,Österreich,AT,dictionary_exact,1.0
40576804,Schweiz,CH,dictionary_exact,1.0
40576804,Deutschland,DE,dictionary_exact,1.0
40576804,Deutschland,DE,dictionary_exact,1.0
40576804,Deutschland,DE,dictionary_exact,1.0
40576804,Deutschland,DE,dictionary_exact,1.0
40576794,Deutschland,DE,dictionary_exact,1.0
40576794,Deutschland,DE,dictionary_exact,1.0
40576794,Deutschland,DE,dictionary_exact,1.0
40576794,Deutschland,DE,dictionary_exact,1.0
40576791,Deutschland,DE,dictionary_exact,1.0
40576791,Deutschland,DE,dictionary_exact,1.0
40576791,Deutschland,DE,dictionary_exact,1.0
40576791,Deutschland,DE,dictionary_exact,1.0
40576791,Deutschland,DE,dictionary_exact,1.0
40576791,Spanien,ES,dictionary_exact,1.0
40576791,Deutschland,DE,dictionary_exact,1.0
40576780,Deutschland,DE,dictionary_exact,1.0
40576771,Deutschland,DE,dictionary_exact,1.0
40576771,Deutschland,DE,dictionary_exact,1.0
40576771,Deutschland,DE,dictionary_exact,1.0
40576725,Deutschland,DE,dictionary_exact,1.0
40576724,Deutschland,DE,dictionary_exact,1.0
40576724,Deutschland,DE,dictionary_exact,1.0
40576724,Deutschland,DE,dictionary_exact,1.0
40576724,Deutschland,DE,dictionary_exact,1.0
40576724,Deutschland,DE,dictionary_exact,1.0
40576724,Deutschland,DE,dictionary_exact,1.0
40576684,Deutschland,DE,dictionary_exact,1.0
40576684,Deutschland,DE,dictionary_exact,1.0
40571748,Deutschland,DE,dictionary_exact,1.0
40571748,Deutschland,DE,dictionary_exact,1.0
40571748,Deutschland,DE,dictionary_exact,1.0
40571748,Deutschland,DE,dictionary_exact,1.0
40571748,Deutschland,DE,dictionary_exact,1.0
40571748,Deutschland,DE,dictionary_exact,1.0
40571748,Deutschland,DE,dictionary_exact,1.0
40571748,Deutschland,DE,dictionary_exact,1.0
40571748,Deutschland,DE,dictionary_exact,1.0
40571748,Deutschland,DE,dictionary_exact,1.0
40571748,Deutschland,DE,dictionary_exact,1.0
40571748,Großbritannien,GB,dictionary_exact,1.0
40571748,Deutschland,DE,dictionary_exact,1.0
40571748,Deutschland,DE,dictionary_exact,1.0
40570885,Germany,DE,pycountry_exact,0.95
40570885,Germany,DE,pycountry_exact,0.95
40570885,Germany,DE,pycountry_exact,0.95
40570885,Germany,DE,pycountry_exact,0.95
40570884,Germany,DE,pycountry_exact,0.95
40570884,Germany,DE,pycountry_exact,0.95
40570884,Germany,DE,pycountry_exact,0.95
40570831,Deutschland,DE,dictionary_exact,1.0
40570830,Deutschland,DE,dictionary_exact,1.0
40570830,Deutschland,DE,dictionary_exact,1.0
40570830,Deutschland,DE,dictionary_exact,1.0
40570830,Deutschland,DE,dictionary_exact,1.0
40570830,Deutschland,DE,dictionary_exact,1.0
40570830,Deutschland,DE,dictionary_exact,1.0
40570830,Deutschland,DE,dictionary_exact,1.0
40570830,Deutschland,DE,dictionary_exact,1.0
40570830,Deutschland,DE,dictionary_exact,1.0
40570830,Deutschland,DE,dictionary_exact,1.0
40570830,Deutschland,DE,dictionary_exact,1.0
40570830,Deutschland,DE,dictionary_exact,1.0
40569459,Deutschland,DE,dictionary_exact,1.0
40569426,Deutschland,DE,dictionary_exact,1.0
40569426,Deutschland,DE,dictionary_exact,1.0
40569425,Deutschland,DE,dictionary_exact,1.0
40569425,Schweiz,CH,dictionary_exact,1.0
40569425,Schweiz,CH,dictionary_exact,1.0
40569425,Schweiz,CH,dictionary_exact,1.0
40569425,Deutschland,DE,dictionary_exact,1.0
40569424,Deutschland,DE,dictionary_exact,1.0
40569424,Deutschland,DE,dictionary_exact,1.0
40569424,Deutschland,DE,dictionary_exact,1.0
40569424,Deutschland,DE,dictionary_exact,1.0
40569424,Österreich,AT,dictionary_exact,1.0
40569422,Deutschland,DE,dictionary_exact,1.0
40569422,Deutschland,DE,dictionary_exact,1.0
40569421,Deutschland,DE,dictionary_exact,1.0
40569421,Deutschland,DE,dictionary_exact,1.0
40569421,Deutschland,DE,dictionary_exact,1.0
40569420,Deutschland,DE,dictionary_exact,1.0
40569420,Deutschland,DE,dictionary_exact,1.0
40569411,Deutschland,DE,dictionary_exact,1.0
40569410,Deutschland,DE,dictionary_exact,1.0
40569410,Deutschland,DE,dictionary_exact,1.0
40569410,Deutschland,DE,dictionary_exact,1.0
40569410,Deutschland,DE,dictionary_exact,1.0
40569407,Deutschland,DE,dictionary_exact,1.0
40569377,Deutschland,DE,dictionary_exact,1.0
40569375,Deutschland,DE,dictionary_exact,1.0
40569375,Österreich,AT,dictionary_exact,1.0
40569375,Deutschland,DE,dictionary_exact,1.0
40569375,Deutschland,DE,dictionary_exact,1.0
40569375,Deutschland,DE,dictionary_exact,1.0
40569375,Deutschland,DE,dictionary_exact,1.0
40569373,Deutschland,DE,dictionary_exact,1.0
40569373,Deutschland,DE,dictionary_exact,1.0
40569373,Deutschland,DE,dictionary_exact,1.0
40569373,Deutschland,DE,dictionary_exact,1.0
40569373,Deutschland,DE,dictionary_exact,1.0
40569363,Deutschland,DE,dictionary_exact,1.0
40569363,Deutschland,DE,dictionary_exact,1.0
40569363,Deutschland,DE,dictionary_exact,1.0
40569363,Deutschland,DE,dictionary_exact,1.0
40569362,Deutschland,DE,dictionary_exact,1.0
40569362,Deutschland,DE,dictionary_exact,1.0
40569362,Deutschland,DE,dictionary_exact,1.0
40569362,Deutschland,DE,dictionary_exact,1.0
40569310,Deutschland,DE,dictionary_exact,1.0
40569310,Deutschland,DE,dictionary_exact,1.0
40569310,Deutschland,DE,dictionary_exact,1.0
40569300,Deutschland,DE,dictionary_exact,1.0
40569300,Deutschland,DE,dictionary_exact,1.0
40569300,USA,US,dictionary_exact,1.0
40562892,Deutschland,DE,dictionary_exact,1.0
40562892,Deutschland,DE,dictionary_exact,1.0
40562892,Deutschland,DE,dictionary_exact,1.0
40562892,Deutschland,DE,dictionary_exact,1.0
40562892,Deutschland,DE,dictionary_exact,1.0
40562058,Schweiz,CH,dictionary_exact,1.0
40562058,Schweiz,CH,dictionary_exact,1.0
40562054,Regensburg,DE,geonames_exact,0.9
40560440,Deutschland,DE,dictionary_exact,1.0
40560440,Deutschland,DE,dictionary_exact,1.0
40560440,Österreich,AT,dictionary_exact,1.0
40560440,Deutschland,DE,dictionary_exact,1.0
40560440,Deutschland,DE,dictionary_exact,1.0
40560440,Schweiz,CH,dictionary_exact,1.0
40560440,Österreich,AT,dictionary_exact,1.0
40560440,Deutschland,DE,dictionary_exact,1.0
40560440,Deutschland,DE,dictionary_exact,1.0
40560440,Deutschland,DE,dictionary_exact,1.0
40560440,Deutschland,DE,dictionary_exact,1.0
40560440,Deutschland,DE,dictionary_exact,1.0
40560440,Deutschland,DE,dictionary_exact,1.0
40560440,Italien,IT,dictionary_exact,1.0
40560434,Deutschland,DE,dictionary_exact,1.0
40560434,Deutschland,DE,dictionary_exact,1.0
40560390,Deutschland,DE,dictionary_exact,1.0
40560390,Deutschland,DE,dictionary_exact,1.0
40560390,Deutschland,DE,dictionary_exact,1.0
40560390,Deutschland,DE,dictionary_exact,1.0
40560390,Deutschland,DE,dictionary_exact,1.0
40560390,Deutschland,DE,dictionary_exact,1.0
40560390,Deutschland,DE,dictionary_exact,1.0
40560390,Deutschland,DE,dictionary_exact,1.0
40560390,Deutschland,DE,dictionary_exact,1.0
40560390,Deutschland,DE,dictionary_exact,1.0
40560390,Deutschland,DE,dictionary_exact,1.0
40560390,Deutschland,DE,dictionary_exact,1.0
40560390,Deutschland,DE,dictionary_exact,1.0
40560390,Großbritannien,GB,dictionary_exact,1.0
40560390,Deutschland,DE,dictionary_exact,1.0
40560390,USA,US,dictionary_exact,1.0
40560390,USA,US,dictionary_exact,1.0
40560389,Deutschland,DE,dictionary_exact,1.0
40560389,Deutschland,DE,dictionary_exact,1.0
40560379,Deutschland,DE,dictionary_exact,1.0
40560379,Deutschland,DE,dictionary_exact,1.0
40560379,Deutschland,DE,dictionary_exact,1.0
40560262,Deutschland,DE,dictionary_exact,1.0
40560261,Deutschland,DE,dictionary_exact,1.0
40560261,Deutschland,DE,dictionary_exact,1.0
40560261,Deutschland,DE,dictionary_exact,1.0
40560261,Deutschland,DE,dictionary_exact,1.0
40560250,Deutschland,DE,dictionary_exact,1.0
40560250,Deutschland,DE,dictionary_exact,1.0
40560250,Deutschland,DE,dictionary_exact,1.0
40560227,Deutschland,DE,dictionary_exact,1.0
40560227,Deutschland,DE,dictionary_exact,1.0
40560227,Deutschland,DE,dictionary_exact,1.0
40560227,Deutschland,DE,dictionary_exact,1.0
40560226,Deutschland,DE,dictionary_exact,1.0
40560226,Deutschland,DE,dictionary_exact,1.0
40560226,Deutschland,DE,dictionary_exact,1.0
40560226,Deutschland,DE,dictionary_exact,1.0
40560226,Deutschland,DE,dictionary_exact,1.0
40560226,Deutschland,DE,dictionary_exact,1.0
40555758,Deutschland,DE,dictionary_exact,1.0
40555758,Deutschland,DE,dictionary_exact,1.0
40555758,Deutschland,DE,dictionary_exact,1.0
40555758,Deutschland,DE,dictionary_exact,1.0
40555757,Deutschland,DE,dictionary_exact,1.0
40555757,Deutschland,DE,dictionary_exact,1.0
40555401,Germany,DE,pycountry_exact,0.95
40555401,Germany,DE,pycountry_exact,0.95
40555401,Germany,DE,pycountry_exact,0.95
40555401,Germany,DE,pycountry_exact,0.95
40555401,Germany,DE,pycountry_exact,0.95
40555401,Germany,DE,pycountry_exact,0.95
40555401,Germany,DE,pycountry_exact,0.95
40555401,Germany,DE,pycountry_exact,0.95
40555401,Germany,DE,pycountry_exact,0.95
40555401,Germany,DE,pycountry_exact,0.95
40555401,Germany,DE,pycountry_exact,0.95
40555401,Germany,DE,pycountry_exact,0.95
40555401,Germany,DE,pycountry_exact,0.95
40555401,Germany,DE,pycountry_exact,0.95
40555401,Germany,DE,pycountry_exact,0.95
40555401,Germany,DE,pycountry_exact,0.95
40555401,Germany,DE,pycountry_exact,0.95
40555401,Germany,DE,pycountry_exact,0.95
40555401,Germany,DE,pycountry_exact,0.95
40555401,Germany,DE,pycountry_exact,0.95
40555401,Germany,DE,pycountry_exact,0.95
40555401,Germany,DE,pycountry_exact,0.95
40555401,Germany,DE,pycountry_exact,0.95
40555401,Germany,DE,pycountry_exact,0.95
40555401,Germany,DE,pycountry_exact,0.95
40555401,Germany,DE,pycountry_exact,0.95
40555401,Germany,DE,pycountry_exact,0.95
40555401,Germany,DE,pycountry_exact,0.95
40555401,Germany,DE,pycountry_exact,0.95
40555401,Germany,DE,pycountry_exact,0.95
40555401,Germany,DE,pycountry_exact,0.95
40555401,Germany,DE,pycountry_exact,0.95
40555401,Germany,DE,pycountry_exact,0.95
40555401,Germany,DE,pycountry_exact,0.95
40555401,Germany,DE,pycountry_exact,0.95
40555401,Germany,DE,pycountry_exact,0.95
40555401,Germany,DE,pycountry_exact,0.95
40555266,GERMANY,DE,pycountry_exact,0.95
40555266,GERMANY,DE,pycountry_exact,0.95
40555266,SWITZERLAND,CH,pycountry_exact,0.95
40555266,GERMANY,DE,pycountry_exact,0.95
40555266,GERMANY,DE,pycountry_exact,0.95
40555266,GERMANY,DE,pycountry_exact,0.95
40555266,GERMANY,DE,pycountry_exact,0.95
40553374,Schweiz,CH,dictionary_exact,1.0
40553373,Deutschland,DE,dictionary_exact,1.0
40553373,Deutschland,DE,dictionary_exact,1.0
40553373,Deutschland,DE,dictionary_exact,1.0
40553194,Deutschland,DE,dictionary_exact,1.0
40553194,Deutschland,DE,dictionary_exact,1.0
40553193,Deutschland,DE,dictionary_exact,1.0
40553193,Deutschland,DE,dictionary_exact,1.0
40553192,Deutschland,DE,dictionary_exact,1.0
40553192,Deutschland,DE,dictionary_exact,1.0
40553161,Deutschland,DE,dictionary_exact,1.0
40553160,Deutschland,DE,dictionary_exact,1.0
40553159,Deutschland,DE,dictionary_exact,1.0
40553159,Deutschland,DE,dictionary_exact,1.0
40553158,Deutschland,DE,dictionary_exact,1.0
40553158,Deutschland,DE,dictionary_exact,1.0
40553158,Deutschland,DE,dictionary_exact,1.0
40553158,Deutschland,DE,dictionary_exact,1.0
40553158,Deutschland,DE,dictionary_exact,1.0
40553145,Deutschland,DE,dictionary_exact,1.0
40553145,Deutschland,DE,dictionary_exact,1.0
40553145,Deutschland,DE,dictionary_exact,1.0
40553145,Deutschland,DE,dictionary_exact,1.0
40553142,Schweiz,CH,dictionary_exact,1.0
40553112,Deutschland,DE,dictionary_exact,1.0
40553112,Deutschland,DE,dictionary_exact,1.0
40553112,Deutschland,DE,dictionary_exact,1.0
40553112,Deutschland,DE,dictionary_exact,1.0
40553112,Deutschland,DE,dictionary_exact,1.0
40550850,Deutschland,DE,dictionary_exact,1.0
40550850,Deutschland,DE,dictionary_exact,1.0
40550850,Deutschland,DE,dictionary_exact,1.0
40550850,Deutschland,DE,dictionary_exact,1.0
40550478,Universität zu Lübeck,DE,geonames_word,0.8
40550478,Berlin,DE,pycountry_exact,0.95
40550478,Bad Rothenfelde,TG,geonames_word,0.8
40550256,Germany,DE,pycountry_exact,0.95
40550250,Germany,DE,pycountry_exact,0.95
40550250,Germany,DE,pycountry_exact,0.95
40549200,Deutschland,DE,dictionary_exact,1.0
40549200,Deutschland,DE,dictionary_exact,1.0
40549200,Deutschland,DE,dictionary_exact,1.0
40549200,Deutschland,DE,dictionary_exact,1.0
40549200,Deutschland,DE,dictionary_exact,1.0
40549200,Deutschland,DE,dictionary_exact,1.0
40549200,Deutschland,DE,dictionary_exact,1.0
40549200,Deutschland,DE,dictionary_exact,1.0
40549200,Deutschland,DE,dictionary_exact,1.0
40549200,Deutschland,DE,dictionary_exact,1.0
40549200,Deutschland,DE,dictionary_exact,1.0
40549200,Deutschland,DE,dictionary_exact,1.0
40549176,Deutschland,DE,dictionary_exact,1.0
40549176,Deutschland,DE,dictionary_exact,1.0
40549176,Deutschland,DE,dictionary_exact,1.0
40549176,Österreich,AT,dictionary_exact,1.0
40549176,Deutschland,DE,dictionary_exact,1.0
40549176,Deutschland,DE,dictionary_exact,1.0
40549176,Deutschland,DE,dictionary_exact,1.0
40549176,Deutschland,DE,dictionary_exact,1.0
40549176,Deutschland,DE,dictionary_exact,1.0
40549176,Deutschland,DE,dictionary_exact,1.0
40549176,Deutschland,DE,dictionary_exact,1.0
40549176,Deutschland,DE,dictionary_exact,1.0
40549176,Deutschland,DE,dictionary_exact,1.0
40549176,Deutschland,DE,dictionary_exact,1.0
40549176,Deutschland,DE,dictionary_exact,1.0
40549176,Deutschland,DE,dictionary_exact,1.0
40549176,Deutschland,DE,dictionary_exact,1.0
40549176,Albert-Schweitzer-Campus 1,not found,Not found,0.0
40549168,Deutschland,DE,dictionary_exact,1.0
40549168,Deutschland,DE,dictionary_exact,1.0
40549167,Deutschland,DE,dictionary_exact,1.0
40549167,Deutschland,DE,dictionary_exact,1.0
40549167,Deutschland,DE,dictionary_exact,1.0
40549166,Deutschland,DE,dictionary_exact,1.0
40549166,Deutschland,DE,dictionary_exact,1.0
40549166,Deutschland,DE,dictionary_exact,1.0
40549166,Deutschland,DE,dictionary_exact,1.0
40549162,Deutschland,DE,dictionary_exact,1.0
40549162,Deutschland,DE,dictionary_exact,1.0
40549158,Deutschland,DE,dictionary_exact,1.0
40549158,Schweiz,CH,dictionary_exact,1.0
40549158,Schweiz,CH,dictionary_exact,1.0
40549158,Deutschland,DE,dictionary_exact,1.0
40549158,Deutschland,DE,dictionary_exact,1.0
40549158,Deutschland,DE,dictionary_exact,1.0
40549158,Deutschland,DE,dictionary_exact,1.0
40549149,Österreich,AT,dictionary_exact,1.0
40549000,Deutschland,DE,dictionary_exact,1.0
40549000,Schweiz,CH,dictionary_exact,1.0
40549000,Deutschland,DE,dictionary_exact,1.0
40549000,Deutschland,DE,dictionary_exact,1.0
40549000,Deutschland,DE,dictionary_exact,1.0
40549000,Deutschland,DE,dictionary_exact,1.0
40549000,Deutschland,DE,dictionary_exact,1.0
40549000,Deutschland,DE,dictionary_exact,1.0
40549000,Italien,IT,dictionary_exact,1.0
40549000,Deutschland,DE,dictionary_exact,1.0
40549000,Deutschland,DE,dictionary_exact,1.0
40549000,Österreich,AT,dictionary_exact,1.0
40549000,Deutschland,DE,dictionary_exact,1.0
40548971,Deutschland,DE,dictionary_exact,1.0
40548968,Kanada,CA,dictionary_exact,1.0
40548968,Deutschland,DE,dictionary_exact,1.0
40548968,Deutschland,DE,dictionary_exact,1.0
40548968,Deutschland,DE,dictionary_exact,1.0
40548968,Deutschland,DE,dictionary_exact,1.0
40548968,Deutschland,DE,dictionary_exact,1.0
40548968,Deutschland,DE,dictionary_exact,1.0
40548968,Großbritannien,GB,dictionary_exact,1.0
40548968,Großbritannien,GB,dictionary_exact,1.0
40548968,Deutschland,DE,dictionary_exact,1.0
40548968,Deutschland,DE,dictionary_exact,1.0
40548968,Deutschland,DE,dictionary_exact,1.0
40548968,Deutschland,DE,dictionary_exact,1.0
40548968,Deutschland,DE,dictionary_exact,1.0
40542312,Deutschland,DE,dictionary_exact,1.0
40542312,Deutschland,DE,dictionary_exact,1.0
40542312,Deutschland,DE,dictionary_exact,1.0
40542312,Deutschland,DE,dictionary_exact,1.0
40542312,Deutschland,DE,dictionary_exact,1.0
40540094,Deutschland,DE,dictionary_exact,1.0
40540094,Deutschland,DE,dictionary_exact,1.0
40540094,Deutschland,DE,dictionary_exact,1.0
40540094,Deutschland,DE,dictionary_exact,1.0
40540094,Deutschland,DE,dictionary_exact,1.0
40540094,Deutschland,DE,dictionary_exact,1.0
40540094,Deutschland,DE,dictionary_exact,1.0
40540094,Deutschland,DE,dictionary_exact,1.0
40540094,Deutschland,DE,dictionary_exact,1.0
40540094,Deutschland,DE,dictionary_exact,1.0
40540094,Deutschland,DE,dictionary_exact,1.0
40540029,Deutschland,DE,dictionary_exact,1.0
40540029,Deutschland,DE,dictionary_exact,1.0
40540020,Deutschland,DE,dictionary_exact,1.0
40540020,Deutschland,DE,dictionary_exact,1.0
40540015,Deutschland,DE,dictionary_exact,1.0
40540015,Deutschland,DE,dictionary_exact,1.0
40540015,Deutschland,DE,dictionary_exact,1.0
40540015,Deutschland,DE,dictionary_exact,1.0
40539997,Deutschland,DE,dictionary_exact,1.0
40539997,Deutschland,DE,dictionary_exact,1.0
40539997,Deutschland,DE,dictionary_exact,1.0
40537660,Deutschland,DE,dictionary_exact,1.0
40537659,Deutschland,DE,dictionary_exact,1.0
40537658,Deutschland,DE,dictionary_exact,1.0
40537657,Deutschland,DE,dictionary_exact,1.0
40537656,Deutschland,DE,dictionary_exact,1.0
40537655,Deutschland,DE,dictionary_exact,1.0
40537654,Deutschland,DE,dictionary_exact,1.0
40537653,Deutschland,DE,dictionary_exact,1.0
40537652,Deutschland,DE,dictionary_exact,1.0
40537651,Deutschland,DE,dictionary_exact,1.0
40537651,Deutschland,DE,dictionary_exact,1.0
40537650,Deutschland,DE,dictionary_exact,1.0
40537650,Deutschland,DE,dictionary_exact,1.0
40537649,Deutschland,DE,dictionary_exact,1.0
40537648,Deutschland,DE,dictionary_exact,1.0
40537647,Deutschland,DE,dictionary_exact,1.0
40537647,Deutschland,DE,dictionary_exact,1.0
40537646,Deutschland,DE,dictionary_exact,1.0
40537646,Deutschland,DE,dictionary_exact,1.0
40537645,Deutschland,DE,dictionary_exact,1.0
40537644,Deutschland,DE,dictionary_exact,1.0
40537643,Deutschland,DE,dictionary_exact,1.0
40537642,Deutschland,DE,dictionary_exact,1.0
40537641,Deutschland,DE,dictionary_exact,1.0
40537640,Deutschland,DE,dictionary_exact,1.0
40537639,Deutschland,DE,dictionary_exact,1.0
40537639,Deutschland,DE,dictionary_exact,1.0
40537638,Deutschland,DE,dictionary_exact,1.0
40537637,Deutschland,DE,dictionary_exact,1.0
40537636,Deutschland,DE,dictionary_exact,1.0
40537635,Deutschland,DE,dictionary_exact,1.0
40537634,Deutschland,DE,dictionary_exact,1.0
40537633,Deutschland,DE,dictionary_exact,1.0
40537632,Deutschland,DE,dictionary_exact,1.0
40537631,Deutschland,DE,dictionary_exact,1.0
40537630,Deutschland,DE,dictionary_exact,1.0
40537629,Deutschland,DE,dictionary_exact,1.0
40537628,Deutschland,DE,dictionary_exact,1.0
40537627,Deutschland,DE,dictionary_exact,1.0
40537626,Deutschland,DE,dictionary_exact,1.0
40537625,Deutschland,DE,dictionary_exact,1.0
40537624,Deutschland,DE,dictionary_exact,1.0
40537623,Deutschland,DE,dictionary_exact,1.0
40537622,Deutschland,DE,dictionary_exact,1.0
40537621,Deutschland,DE,dictionary_exact,1.0
40537620,Deutschland,DE,dictionary_exact,1.0
40537619,Deutschland,DE,dictionary_exact,1.0
40537618,Deutschland,DE,dictionary_exact,1.0
40537616,Deutschland,DE,dictionary_exact,1.0
40537616,Deutschland,DE,dictionary_exact,1.0
40537616,Deutschland,DE,dictionary_exact,1.0
40537616,Deutschland,DE,dictionary_exact,1.0
40537360,Deutschland,DE,dictionary_exact,1.0
40537360,Deutschland,DE,dictionary_exact,1.0
40537360,Deutschland,DE,dictionary_exact,1.0
40537359,Deutschland,DE,dictionary_exact,1.0
40537359,Deutschland,DE,dictionary_exact,1.0
40536674,Deutschland,DE,dictionary_exact,1.0
40536674,Deutschland,DE,dictionary_exact,1.0
40536673,Deutschland,DE,dictionary_exact,1.0
40536673,Deutschland,DE,dictionary_exact,1.0
40536588,Deutschland,DE,dictionary_exact,1.0
40536588,Deutschland,DE,dictionary_exact,1.0
40536588,Deutschland,DE,dictionary_exact,1.0
40536588,Deutschland,DE,dictionary_exact,1.0
40536588,Deutschland,DE,dictionary_exact,1.0
40536588,Deutschland,DE,dictionary_exact,1.0
40536549,Deutschland,DE,dictionary_exact,1.0
40536549,Deutschland,DE,dictionary_exact,1.0
40536549,Deutschland,DE,dictionary_exact,1.0
40536549,Deutschland,DE,dictionary_exact,1.0
40536549,Deutschland,DE,dictionary_exact,1.0
40536548,Deutschland,DE,dictionary_exact,1.0
40536548,Deutschland,DE,dictionary_exact,1.0
40536548,Schweiz,CH,dictionary_exact,1.0
40536548,Deutschland,DE,dictionary_exact,1.0
40536548,Deutschland,DE,dictionary_exact,1.0
40536548,Deutschland,DE,dictionary_exact,1.0
40536548,Deutschland,DE,dictionary_exact,1.0
40536548,Deutschland,DE,dictionary_exact,1.0
40536548,Deutschland,DE,dictionary_exact,1.0
40532895,Germany,DE,pycountry_exact,0.95
40532894,Germany,DE,pycountry_exact,0.95
40532894,Germany,DE,pycountry_exact,0.95
40532894,Germany,DE,pycountry_exact,0.95
40532889,Germany,DE,pycountry_exact,0.95
40532889,Germany,DE,pycountry_exact,0.95
40532886,Deutschland,DE,dictionary_exact,1.0
40532886,Deutschland,DE,dictionary_exact,1.0
40532886,Deutschland,DE,dictionary_exact,1.0
40532736,Germany,DE,pycountry_exact,0.95
40532736,Netherlands,NL,pycountry_exact,0.95
40532736,Germany,DE,pycountry_exact,0.95
40531354,Deutschland,DE,dictionary_exact,1.0
40531354,Deutschland,DE,dictionary_exact,1.0
40531354,Deutschland,DE,dictionary_exact,1.0
40531354,Deutschland,DE,dictionary_exact,1.0
40531354,Deutschland,DE,dictionary_exact,1.0
40531354,Deutschland,DE,dictionary_exact,1.0
40531354,Deutschland,DE,dictionary_exact,1.0
40531354,Deutschland,DE,dictionary_exact,1.0
40531354,Deutschland,DE,dictionary_exact,1.0
40531354,Deutschland,DE,dictionary_exact,1.0
40531354,Deutschland,DE,dictionary_exact,1.0
40531354,Spanien,ES,dictionary_exact,1.0
40531354,Deutschland,DE,dictionary_exact,1.0
40531354,Deutschland,DE,dictionary_exact,1.0
40531354,Deutschland,DE,dictionary_exact,1.0
40531354,Deutschland,DE,dictionary_exact,1.0
40531354,Deutschland,DE,dictionary_exact,1.0
40531354,Deutschland,DE,dictionary_exact,1.0
40531354,Deutschland,DE,dictionary_exact,1.0
40531354,Deutschland,DE,dictionary_exact,1.0
40531354,Deutschland,DE,dictionary_exact,1.0
40531354,Deutschland,DE,dictionary_exact,1.0
40531354,Deutschland,DE,dictionary_exact,1.0
40531323,Deutschland,DE,dictionary_exact,1.0
40531323,Deutschland,DE,dictionary_exact,1.0
40531323,Deutschland,DE,dictionary_exact,1.0
40531322,Deutschland,DE,dictionary_exact,1.0
40531322,Deutschland,DE,dictionary_exact,1.0
40531322,Deutschland,DE,dictionary_exact,1.0
40531307,Deutschland,DE,dictionary_exact,1.0
40531307,Deutschland,DE,dictionary_exact,1.0
40531307,Deutschland,DE,dictionary_exact,1.0
40531307,Deutschland,DE,dictionary_exact,1.0
40531207,Deutschland,DE,dictionary_exact,1.0
40531207,Deutschland,DE,dictionary_exact,1.0
40531207,Deutschland,DE,dictionary_exact,1.0
40531207,Deutschland,DE,dictionary_exact,1.0
40531207,Deutschland,DE,dictionary_exact,1.0
40531207,Deutschland,DE,dictionary_exact,1.0
40531206,Deutschland,DE,dictionary_exact,1.0
40531206,Deutschland,DE,dictionary_exact,1.0
40531206,Deutschland,DE,dictionary_exact,1.0
40531205,Deutschland,DE,dictionary_exact,1.0
40531205,Deutschland,DE,dictionary_exact,1.0
40531205,Deutschland,DE,dictionary_exact,1.0
40531205,Deutschland,DE,dictionary_exact,1.0
40528797,Deutschland,DE,dictionary_exact,1.0
40527341,Universität zu Lübeck,DE,geonames_word,0.8
40527341,Hochschule Nordhausen,DE,geonames_word,0.8
40527341,Bad Hersfeld,DE,geonames_exact,0.9
40527341,Teltow,DE,geonames_exact,0.9
40527341,Blieskastel,DE,geonames_exact,0.9
40527341,Clausthal-Zellerfeld,DE,geonames_exact,0.9
40527341,Aukrug,not found,Not found,0.0
40527330,Hamburg,DE,pycountry_exact,0.95
40527328,Deutschland,DE,dictionary_exact,1.0
40526330,Deutschland,DE,dictionary_exact,1.0
40526330,Deutschland,DE,dictionary_exact,1.0
40526330,Deutschland,DE,dictionary_exact,1.0
40526329,Deutschland,DE,dictionary_exact,1.0
40526329,Deutschland,DE,dictionary_exact,1.0
40526292,Deutschland,DE,dictionary_exact,1.0
40526292,Deutschland,DE,dictionary_exact,1.0
40526292,Deutschland,DE,dictionary_exact,1.0
40526292,Deutschland,DE,dictionary_exact,1.0
40526288,Deutschland,DE,dictionary_exact,1.0
40526288,Deutschland,DE,dictionary_exact,1.0
40526288,Niederlande,NL,dictionary_exact,1.0
40526288,Niederlande,NL,dictionary_exact,1.0
40526288,Deutschland,DE,dictionary_exact,1.0
40526288,Deutschland,DE,dictionary_exact,1.0
40526288,Deutschland,DE,dictionary_exact,1.0
40526288,Deutschland,DE,dictionary_exact,1.0
40526288,Deutschland,DE,dictionary_exact,1.0
40526288,Deutschland,DE,dictionary_exact,1.0
40526288,Deutschland,DE,dictionary_exact,1.0
40526288,Deutschland,DE,dictionary_exact,1.0
40526288,Deutschland,DE,dictionary_exact,1.0
40526131,Deutschland,DE,dictionary_exact,1.0
40526109,Deutschland,DE,dictionary_exact,1.0
40526109,Deutschland,DE,dictionary_exact,1.0
40526109,Deutschland,DE,dictionary_exact,1.0
40525937,Zürich,CH,pycountry_exact,0.95
40525936,Schweiz,CH,dictionary_exact,1.0
40525936,Schweiz,CH,dictionary_exact,1.0
40525936,Schweiz,CH,dictionary_exact,1.0
40525936,Schweiz,CH,dictionary_exact,1.0
40525936,Schweiz,CH,dictionary_exact,1.0
40525936,Schweiz,CH,dictionary_exact,1.0
40525936,Schweiz,CH,dictionary_exact,1.0
40525936,Schweiz,CH,dictionary_exact,1.0
40525935,Chur,BB,pycountry_exact,0.95
40525934,Bern,CH,pycountry_exact,0.95
40525933,Switzerland,CH,pycountry_exact,0.95
40525933,Switzerland,CH,pycountry_exact,0.95
40525932,Chur,BB,pycountry_exact,0.95
40525932,Chur,BB,pycountry_exact,0.95
40525931,Schweiz,CH,dictionary_exact,1.0
40525931,Schweiz,CH,dictionary_exact,1.0
40525930,Stäfa,AZ,pycountry_exact,0.95
40525929,Wil,MY,pycountry_exact,0.95
40525929,St. Gallen,CH,geonames_exact,0.9
40525929,Zürich,CH,pycountry_exact,0.95
40525929,St. Gallen,CH,geonames_exact,0.9
40525928,Basel,CH,pycountry_exact,0.95
40525928,Zürich,CH,pycountry_exact,0.95
40525928,Basel,CH,pycountry_exact,0.95
40525928,Basel,CH,pycountry_exact,0.95
40523401,Universität zu Lübeck,DE,geonames_word,0.8
40523401,Halle,BE,geonames_exact,0.9
40523393,Germany,DE,pycountry_exact,0.95
40523393,Germany,DE,pycountry_exact,0.95
40523392,Germany,DE,pycountry_exact,0.95
40523392,Germany,DE,pycountry_exact,0.95
40523392,Germany,DE,pycountry_exact,0.95
40523392,Germany,DE,pycountry_exact,0.95
40523392,Germany,DE,pycountry_exact,0.95
40523392,Germany,DE,pycountry_exact,0.95
40523392,Germany,DE,pycountry_exact,0.95
40523392,Austria,AT,pycountry_exact,0.95
40523392,Germany,DE,pycountry_exact,0.95
40523392,Germany,DE,pycountry_exact,0.95
40523392,Germany,DE,pycountry_exact,0.95
40523392,Germany,DE,pycountry_exact,0.95
40523392,Germany,DE,pycountry_exact,0.95
40523392,Germany,DE,pycountry_exact,0.95
40523392,Germany,DE,pycountry_exact,0.95
40523392,Switzerland,CH,pycountry_exact,0.95
40523392,Germany,DE,pycountry_exact,0.95
40523363,Deutschland,DE,dictionary_exact,1.0
40523362,Deutschland,DE,dictionary_exact,1.0
40523361,Deutschland,DE,dictionary_exact,1.0
40523361,Deutschland,DE,dictionary_exact,1.0
40523361,Ungarn,HU,dictionary_exact,1.0
40522494,Deutschland,DE,dictionary_exact,1.0
40522494,Deutschland,DE,dictionary_exact,1.0
40522489,Deutschland,DE,dictionary_exact,1.0
40522489,Deutschland,DE,dictionary_exact,1.0
40522473,Deutschland,DE,dictionary_exact,1.0
40522473,Deutschland,DE,dictionary_exact,1.0
40522473,Deutschland,DE,dictionary_exact,1.0
40522473,Deutschland,DE,dictionary_exact,1.0
40522473,Deutschland,DE,dictionary_exact,1.0
40522473,Deutschland,DE,dictionary_exact,1.0
40522469,Deutschland,DE,dictionary_exact,1.0
40522469,Deutschland,DE,dictionary_exact,1.0
40522464,Deutschland,DE,dictionary_exact,1.0
40522464,Deutschland,DE,dictionary_exact,1.0
40522464,Deutschland,DE,dictionary_exact,1.0
40522464,Deutschland,DE,dictionary_exact,1.0
40522464,Deutschland,DE,dictionary_exact,1.0
40522464,Deutschland,DE,dictionary_exact,1.0
40522464,Deutschland,DE,dictionary_exact,1.0
40522464,Deutschland,DE,dictionary_exact,1.0
40522464,Deutschland,DE,dictionary_exact,1.0
40522464,Deutschland,DE,dictionary_exact,1.0
40522464,Deutschland,DE,dictionary_exact,1.0
40522464,Deutschland,DE,dictionary_exact,1.0
40522464,Deutschland,DE,dictionary_exact,1.0
40522464,Deutschland,DE,dictionary_exact,1.0
40522463,Schweiz,CH,dictionary_exact,1.0
40522463,Deutschland,DE,dictionary_exact,1.0
40522463,Schweiz,CH,dictionary_exact,1.0
40522463,Deutschland,DE,dictionary_exact,1.0
40522449,Deutschland,DE,dictionary_exact,1.0
40522449,Deutschland,DE,dictionary_exact,1.0
40522449,Deutschland,DE,dictionary_exact,1.0
40522449,Deutschland,DE,dictionary_exact,1.0
40522448,Deutschland,DE,dictionary_exact,1.0
40522448,Deutschland,DE,dictionary_exact,1.0
40522399,Deutschland,DE,dictionary_exact,1.0
40522398,Deutschland,DE,dictionary_exact,1.0
40522398,Deutschland,DE,dictionary_exact,1.0
40522398,Deutschland,DE,dictionary_exact,1.0
40522393,Deutschland,DE,dictionary_exact,1.0
40522393,USA,US,dictionary_exact,1.0
40522376,Österreich,AT,dictionary_exact,1.0
40522376,Deutschland,DE,dictionary_exact,1.0
40522376,Österreich,AT,dictionary_exact,1.0
40514554,Deutschland,DE,dictionary_exact,1.0
40514456,Deutschland,DE,dictionary_exact,1.0
40514456,Deutschland,DE,dictionary_exact,1.0
40514456,Deutschland,DE,dictionary_exact,1.0
40514410,Deutschland,DE,dictionary_exact,1.0
40514410,Deutschland,DE,dictionary_exact,1.0
40514410,Deutschland,DE,dictionary_exact,1.0
40513607,Ettlingen,DE,geonames_exact,0.9
40513606,Stiftung Tierärztliche Hochschule Hannover,DE,geonames_word,0.8
40513605,Ludwig-Maximilians-Universität München,DE,geonames_word,0.8
40513604,Universität Leipzig,DE,geonames_word,0.8
40513604,Universität Leipzig,DE,geonames_word,0.8
40513603,Universität Leipzig,DE,geonames_word,0.8
40513602,Stiftung Tierärztliche Hochschule Hannover,DE,geonames_word,0.8
40513600,Risum-Lindholm,not found,Not found,0.0
40513600,Justus-Liebig-Universität Gießen,DE,geonames_word,0.8
40513599,Universität Leipzig,DE,geonames_word,0.8
40513599,Berlin,DE,pycountry_exact,0.95
40512437,Deutschland,DE,dictionary_exact,1.0
40512437,Deutschland,DE,dictionary_exact,1.0
40512437,Deutschland,DE,dictionary_exact,1.0
40512437,Deutschland,DE,dictionary_exact,1.0
40512437,Deutschland,DE,dictionary_exact,1.0
40512437,Deutschland,DE,dictionary_exact,1.0
40512436,Deutschland,DE,dictionary_exact,1.0
40512436,Deutschland,DE,dictionary_exact,1.0
40512436,INF 400,not found,Not found,0.0
40512436,Fetscherstraße 74,not found,Not found,0.0
40512399,Deutschland,DE,dictionary_exact,1.0
40512399,Deutschland,DE,dictionary_exact,1.0
40512380,Deutschland,DE,dictionary_exact,1.0
40512380,Deutschland,DE,dictionary_exact,1.0
40512380,Deutschland,DE,dictionary_exact,1.0
40512380,Schweiz,CH,dictionary_exact,1.0
40512380,Deutschland,DE,dictionary_exact,1.0
40512380,Deutschland,DE,dictionary_exact,1.0
40512380,Deutschland,DE,dictionary_exact,1.0
40512380,Deutschland,DE,dictionary_exact,1.0
40512225,Deutschland,DE,dictionary_exact,1.0
40512225,Deutschland,DE,dictionary_exact,1.0
40512209,Deutschland,DE,dictionary_exact,1.0
40512209,Deutschland,DE,dictionary_exact,1.0
40512209,Deutschland,DE,dictionary_exact,1.0
40512208,Deutschland,DE,dictionary_exact,1.0
40512208,Deutschland,DE,dictionary_exact,1.0
40512208,Deutschland,DE,dictionary_exact,1.0
40512208,Deutschland,DE,dictionary_exact,1.0
40512208,Deutschland,DE,dictionary_exact,1.0
40512208,Schweiz,CH,dictionary_exact,1.0
40512206,Deutschland,DE,dictionary_exact,1.0
40512206,Deutschland,DE,dictionary_exact,1.0
40512206,Deutschland,DE,dictionary_exact,1.0
40512206,Deutschland,DE,dictionary_exact,1.0
40512206,Deutschland,DE,dictionary_exact,1.0
40512206,Deutschland,DE,dictionary_exact,1.0
40512205,Deutschland,DE,dictionary_exact,1.0
40512175,Deutschland,DE,dictionary_exact,1.0
40512175,Deutschland,DE,dictionary_exact,1.0
40506651,Deutschland,DE,dictionary_exact,1.0
40506651,Deutschland,DE,dictionary_exact,1.0
40506651,Indien,IN,dictionary_exact,1.0
40506612,Deutschland,DE,dictionary_exact,1.0
40506612,Deutschland,DE,dictionary_exact,1.0
40506612,Deutschland,DE,dictionary_exact,1.0
40506612,Deutschland,DE,dictionary_exact,1.0
40506612,Deutschland,DE,dictionary_exact,1.0
40505694,Switzerland,CH,pycountry_exact,0.95
40505694,Switzerland,CH,pycountry_exact,0.95
40505694,Switzerland,CH,pycountry_exact,0.95
40505694,Germany,DE,pycountry_exact,0.95
40505693,Deutschland,DE,dictionary_exact,1.0
40505693,Deutschland,DE,dictionary_exact,1.0
40505693,Deutschland,DE,dictionary_exact,1.0
40505692,Deutschland,DE,dictionary_exact,1.0
40505692,Deutschland,DE,dictionary_exact,1.0
40505692,Deutschland,DE,dictionary_exact,1.0
40504367,Deutschland,DE,dictionary_exact,1.0
40504363,Deutschland,DE,dictionary_exact,1.0
40504363,Deutschland,DE,dictionary_exact,1.0
40504363,Deutschland,DE,dictionary_exact,1.0
40504363,Deutschland,DE,dictionary_exact,1.0
40504262,Deutschland,DE,dictionary_exact,1.0
40504262,Schweiz,CH,dictionary_exact,1.0
40504262,Deutschland,DE,dictionary_exact,1.0
40504262,Schweiz,CH,dictionary_exact,1.0
40504262,Schweiz,CH,dictionary_exact,1.0
40504254,Deutschland,DE,dictionary_exact,1.0
40504235,Deutschland,DE,dictionary_exact,1.0
40504235,Deutschland,DE,dictionary_exact,1.0
40504235,Deutschland,DE,dictionary_exact,1.0
40504235,Deutschland,DE,dictionary_exact,1.0
40504235,Deutschland,DE,dictionary_exact,1.0
40504235,Deutschland,DE,dictionary_exact,1.0
40504234,Deutschland,DE,dictionary_exact,1.0
40500646,Österreich,AT,dictionary_exact,1.0
40500646,Österreich,AT,dictionary_exact,1.0
40500646,Österreich,AT,dictionary_exact,1.0
40500646,Schweiz,CH,dictionary_exact,1.0
40500646,Österreich,AT,dictionary_exact,1.0
40500646,Österreich,AT,dictionary_exact,1.0
40500431,Deutschland,DE,dictionary_exact,1.0
40500431,Deutschland,DE,dictionary_exact,1.0
40500373,Deutschland,DE,dictionary_exact,1.0
40500373,Deutschland,DE,dictionary_exact,1.0
40499592,Österreich,AT,dictionary_exact,1.0
40499592,Deutschland,DE,dictionary_exact,1.0
40498320,Deutschland,DE,dictionary_exact,1.0
40498320,Deutschland,DE,dictionary_exact,1.0
40498141,Deutschland,DE,dictionary_exact,1.0
40496328,Deutschland,DE,dictionary_exact,1.0
40496328,MD USA,US,geonames_word,0.8
40496328,USA,US,dictionary_exact,1.0
40495050,Schweiz,CH,dictionary_exact,1.0
40495050,Schweiz,CH,dictionary_exact,1.0
40495050,Schweiz,CH,dictionary_exact,1.0
40494573,Germany,DE,pycountry_exact,0.95
40494572,Germany,DE,pycountry_exact,0.95
40494572,Germany,DE,pycountry_exact,0.95
40494572,Austria,AT,pycountry_exact,0.95
40494572,Germany,DE,pycountry_exact,0.95
40494572,Germany,DE,pycountry_exact,0.95
40494572,Germany,DE,pycountry_exact,0.95
40494572,Switzerland,CH,pycountry_exact,0.95
40494572,Germany,DE,pycountry_exact,0.95
40494572,Germany,DE,pycountry_exact,0.95
40494572,Germany,DE,pycountry_exact,0.95
40494572,Germany,DE,pycountry_exact,0.95
40494572,Germany,DE,pycountry_exact,0.95
40494572,Germany,DE,pycountry_exact,0.95
40494572,Switzerland,CH,pycountry_exact,0.95
40494572,Germany,DE,pycountry_exact,0.95
40494572,Denmark,DK,pycountry_exact,0.95
40494572,Germany,DE,pycountry_exact,0.95
40494572,Germany,DE,pycountry_exact,0.95
40494572,Germany,DE,pycountry_exact,0.95
40494572,Switzerland,CH,pycountry_exact,0.95
40494571,Universitätsklinikum Eppendorf (UKE),DE,geonames_word,0.8
40494551,Germany,DE,pycountry_exact,0.95
40494551,Germany,DE,pycountry_exact,0.95
40494551,Germany,DE,pycountry_exact,0.95
40494551,Germany,DE,pycountry_exact,0.95
40494551,Germany,DE,pycountry_exact,0.95
40494550,Germany,DE,pycountry_exact,0.95
40494549,Germany,DE,pycountry_exact,0.95
40494549,Germany,DE,pycountry_exact,0.95
40494549,Germany,DE,pycountry_exact,0.95
40494374,Charité - Universitätsmedizin Berlin,DE,geonames_word,0.8
40494374,Witten,DE,geonames_exact,0.9
40494374,Bergische Universität Wuppertal,DE,geonames_word,0.8
40494374,Berlin,DE,pycountry_exact,0.95
40494374,Bielefeld,DE,geonames_exact,0.9
40494374,Halle (Saale),DE,geonames_exact,0.9
40494374,Bad Buchau,TG,geonames_word,0.8
40494374,Magdeburg,DE,geonames_exact,0.9
40494374,Nürnberg,DE,geonames_exact,0.9
40494374,Hochschule Bochum,DE,geonames_word,0.8
40494373,Neubiberg,not found,Not found,0.0
40494373,Düsseldorf,DE,geonames_exact,0.9
40494373,Düsseldorf,DE,geonames_exact,0.9
40494371,Österreich,AT,dictionary_exact,1.0
40494371,Österreich,AT,dictionary_exact,1.0
40494370,Bad Pyrmont,DE,geonames_exact,0.9
40494370,Universität Vechta,DE,geonames_word,0.8
40493256,Germany,DE,pycountry_exact,0.95
40493256,Germany,DE,pycountry_exact,0.95
40493235,Deutschland,DE,dictionary_exact,1.0
40493055,Schweden,SE,dictionary_exact,1.0
40489978,Gera,TZ,pycountry_exact,0.95
40489978,Universitätsklinikum Jena,DE,geonames_word,0.8
40489978,Universitätsklinikum Jena,DE,geonames_word,0.8
40489978,Universitätsklinikum Jena,DE,geonames_word,0.8
40489978,Gera,TZ,pycountry_exact,0.95
40489978,Duale Hochschule Gera-Eisenach - Campus Gera,DE,geonames_word,0.8
40489977,Universitätsklinikum Ulm,DE,geonames_word,0.8
40489977,Universitätsklinikum Ulm,DE,geonames_word,0.8
40489976,Hochschule Magdeburg Stendal - Standort Stendal,DE,geonames_word,0.8
40489976,Hamburg,DE,pycountry_exact,0.95
40481328,Deutschland,DE,dictionary_exact,1.0
40481328,Deutschland,DE,dictionary_exact,1.0
40481279,Deutschland,DE,dictionary_exact,1.0
40481279,Deutschland,DE,dictionary_exact,1.0
40478493,Deutschland,DE,dictionary_exact,1.0
40478493,Deutschland,DE,dictionary_exact,1.0
40478493,Deutschland,DE,dictionary_exact,1.0
40478450,Deutschland,DE,dictionary_exact,1.0
40478450,Deutschland,DE,dictionary_exact,1.0
40478306,Deutschland,DE,dictionary_exact,1.0
40478306,Deutschland,DE,dictionary_exact,1.0
40478306,Deutschland,DE,dictionary_exact,1.0
40478291,Deutschland,DE,dictionary_exact,1.0
40478291,Deutschland,DE,dictionary_exact,1.0
40478289,Deutschland,DE,dictionary_exact,1.0
40478289,Deutschland,DE,dictionary_exact,1.0
40478289,Deutschland,DE,dictionary_exact,1.0
40478289,Deutschland,DE,dictionary_exact,1.0
40478289,Deutschland,DE,dictionary_exact,1.0
40478289,Deutschland,DE,dictionary_exact,1.0
40478289,Deutschland,DE,dictionary_exact,1.0
40478289,Deutschland,DE,dictionary_exact,1.0
40478289,Deutschland,DE,dictionary_exact,1.0
40478289,Deutschland,DE,dictionary_exact,1.0
40478283,Deutschland,DE,dictionary_exact,1.0
40478283,Deutschland,DE,dictionary_exact,1.0
40478283,Deutschland,DE,dictionary_exact,1.0
40478283,Deutschland,DE,dictionary_exact,1.0
40473979,Deutschland,DE,dictionary_exact,1.0
40473979,Deutschland,DE,dictionary_exact,1.0
40473979,Deutschland,DE,dictionary_exact,1.0
40473978,Österreich,AT,dictionary_exact,1.0
40473961,Deutschland,DE,dictionary_exact,1.0
40473961,Deutschland,DE,dictionary_exact,1.0
40473942,Deutschland,DE,dictionary_exact,1.0
40473942,Deutschland,DE,dictionary_exact,1.0
40473942,Deutschland,DE,dictionary_exact,1.0
40473942,Deutschland,DE,dictionary_exact,1.0
40473832,Deutschland,DE,dictionary_exact,1.0
40473832,Deutschland,DE,dictionary_exact,1.0
40473831,Deutschland,DE,dictionary_exact,1.0
40473831,Deutschland,DE,dictionary_exact,1.0
40473253,Italy,IT,pycountry_exact,0.95
40472856,Deutschland,DE,dictionary_exact,1.0
40472856,Deutschland,DE,dictionary_exact,1.0
40472856,Deutschland,DE,dictionary_exact,1.0
40472856,Europäisches Referenznetzwerk für seltene Lebererkrankungen (ERN RARE-LIVER),not found,Not found,0.0
40471314,Deutschland,DE,dictionary_exact,1.0
40471314,Deutschland,DE,dictionary_exact,1.0
40471312,Schweiz,CH,dictionary_exact,1.0
40471312,Schweiz,CH,dictionary_exact,1.0
40471312,Schweiz,CH,dictionary_exact,1.0
40471312,Schweiz,CH,dictionary_exact,1.0
40471311,Deutschland,DE,dictionary_exact,1.0
40471311,Deutschland,DE,dictionary_exact,1.0
40471302,Deutschland,DE,dictionary_exact,1.0
40471302,Deutschland,DE,dictionary_exact,1.0
40471302,Deutschland,DE,dictionary_exact,1.0
40471302,Deutschland,DE,dictionary_exact,1.0
40471284,Deutschland,DE,dictionary_exact,1.0
40471284,Deutschland,DE,dictionary_exact,1.0
40471284,Deutschland,DE,dictionary_exact,1.0
40471284,Österreich,AT,dictionary_exact,1.0
40471284,Deutschland,DE,dictionary_exact,1.0
40471284,Deutschland,DE,dictionary_exact,1.0
40471276,Deutschland,DE,dictionary_exact,1.0
40471276,Deutschland,DE,dictionary_exact,1.0
40471275,Deutschland,DE,dictionary_exact,1.0
40471275,Deutschland,DE,dictionary_exact,1.0
40471265,Deutschland,DE,dictionary_exact,1.0
40471265,Deutschland,DE,dictionary_exact,1.0
40471265,Deutschland,DE,dictionary_exact,1.0
40471265,Deutschland,DE,dictionary_exact,1.0
40471264,Deutschland,DE,dictionary_exact,1.0
40471264,Deutschland,DE,dictionary_exact,1.0
40471264,Deutschland,DE,dictionary_exact,1.0
40471264,Deutschland,DE,dictionary_exact,1.0
40471264,Deutschland,DE,dictionary_exact,1.0
40471264,Deutschland,DE,dictionary_exact,1.0
40471264,Deutschland,DE,dictionary_exact,1.0
40471264,Deutschland,DE,dictionary_exact,1.0
40471264,Deutschland,DE,dictionary_exact,1.0
40471264,Deutschland,DE,dictionary_exact,1.0
40471264,Deutschland,DE,dictionary_exact,1.0
40471264,Deutschland,DE,dictionary_exact,1.0
40471263,Deutschland,DE,dictionary_exact,1.0
40471263,Deutschland,DE,dictionary_exact,1.0
40471242,Deutschland,DE,dictionary_exact,1.0
40471242,Deutschland,DE,dictionary_exact,1.0
40471242,Deutschland,DE,dictionary_exact,1.0
40471242,Deutschland,DE,dictionary_exact,1.0
40471234,Deutschland,DE,dictionary_exact,1.0
40471234,Deutschland,DE,dictionary_exact,1.0
40471234,Deutschland,DE,dictionary_exact,1.0
40467890,Deutschland,DE,dictionary_exact,1.0
40467890,Deutschland,DE,dictionary_exact,1.0
40467890,Deutschland,DE,dictionary_exact,1.0
40467890,Deutschland,DE,dictionary_exact,1.0
40467864,Deutschland,DE,dictionary_exact,1.0
40467864,Deutschland,DE,dictionary_exact,1.0
40467849,Deutschland,DE,dictionary_exact,1.0
40467848,Deutschland,DE,dictionary_exact,1.0
40467848,Deutschland,DE,dictionary_exact,1.0
40467848,Deutschland,DE,dictionary_exact,1.0
40467826,Deutschland,DE,dictionary_exact,1.0
40467825,Deutschland,DE,dictionary_exact,1.0
40467824,Deutschland,DE,dictionary_exact,1.0
40467823,Deutschland,DE,dictionary_exact,1.0
40467822,Deutschland,DE,dictionary_exact,1.0
40467821,Deutschland,DE,dictionary_exact,1.0
40467820,Deutschland,DE,dictionary_exact,1.0
40467819,Deutschland,DE,dictionary_exact,1.0
40467818,Deutschland,DE,dictionary_exact,1.0
40467817,Deutschland,DE,dictionary_exact,1.0
40467817,Deutschland,DE,dictionary_exact,1.0
40467816,Deutschland,DE,dictionary_exact,1.0
40467816,Deutschland,DE,dictionary_exact,1.0
40467816,Deutschland,DE,dictionary_exact,1.0
40467816,Deutschland,DE,dictionary_exact,1.0
40467815,Deutschland,DE,dictionary_exact,1.0
40467815,Deutschland,DE,dictionary_exact,1.0
40467814,Germany,DE,pycountry_exact,0.95
40467813,Deutschland,DE,dictionary_exact,1.0
40467813,Deutschland,DE,dictionary_exact,1.0
40467812,Deutschland,DE,dictionary_exact,1.0
40467812,Deutschland,DE,dictionary_exact,1.0
40467811,Deutschland,DE,dictionary_exact,1.0
40467810,Deutschland,DE,dictionary_exact,1.0
40467809,Deutschland,DE,dictionary_exact,1.0
40467809,Deutschland,DE,dictionary_exact,1.0
40467809,Deutschland,DE,dictionary_exact,1.0
40467808,Deutschland,DE,dictionary_exact,1.0
40467808,Deutschland,DE,dictionary_exact,1.0
40467808,Deutschland,DE,dictionary_exact,1.0
40467807,Deutschland,DE,dictionary_exact,1.0
40467807,Deutschland,DE,dictionary_exact,1.0
40467807,Deutschland,DE,dictionary_exact,1.0
40467807,Deutschland,DE,dictionary_exact,1.0
40467806,Deutschland,DE,dictionary_exact,1.0
40467806,Deutschland,DE,dictionary_exact,1.0
40467806,Deutschland,DE,dictionary_exact,1.0
40467806,Deutschland,DE,dictionary_exact,1.0
40467806,Deutschland,DE,dictionary_exact,1.0
40467805,Deutschland,DE,dictionary_exact,1.0
40467804,Deutschland,DE,dictionary_exact,1.0
40467803,Deutschland,DE,dictionary_exact,1.0
40467802,Deutschland,DE,dictionary_exact,1.0
40467801,Deutschland,DE,dictionary_exact,1.0
40467800,Deutschland,DE,dictionary_exact,1.0
40467799,Deutschland,DE,dictionary_exact,1.0
40467798,Deutschland,DE,dictionary_exact,1.0
40467798,Deutschland,DE,dictionary_exact,1.0
40467797,Deutschland,DE,dictionary_exact,1.0
40467796,Deutschland,DE,dictionary_exact,1.0
40467795,Deutschland,DE,dictionary_exact,1.0
40467795,Österreich,AT,dictionary_exact,1.0
40467794,Deutschland,DE,dictionary_exact,1.0
40467793,Deutschland,DE,dictionary_exact,1.0
40467792,Deutschland,DE,dictionary_exact,1.0
40467791,Deutschland,DE,dictionary_exact,1.0
40467790,Deutschland,DE,dictionary_exact,1.0
40467789,Deutschland,DE,dictionary_exact,1.0
40467788,Deutschland,DE,dictionary_exact,1.0
40467788,Deutschland,DE,dictionary_exact,1.0
40467788,Deutschland,DE,dictionary_exact,1.0
40467787,Deutschland,DE,dictionary_exact,1.0
40467786,Deutschland,DE,dictionary_exact,1.0
40467785,Deutschland,DE,dictionary_exact,1.0
40467784,Deutschland,DE,dictionary_exact,1.0
40467783,Deutschland,DE,dictionary_exact,1.0
40467783,Deutschland,DE,dictionary_exact,1.0
40467782,Deutschland,DE,dictionary_exact,1.0
40467781,Deutschland,DE,dictionary_exact,1.0
40467454,Universitätsmedizin Rostock,DE,geonames_word,0.8
40467454,Ludwig-Maximilians-Universität München,DE,geonames_word,0.8
40467454,Universität Kassel,DE,geonames_word,0.8
40467454,München,DE,geonames_exact,0.9
40467454,Berlin,DE,pycountry_exact,0.95
40467451,Germany,DE,pycountry_exact,0.95
40467451,Germany,DE,pycountry_exact,0.95
40467451,Germany,DE,pycountry_exact,0.95
40467451,Germany,DE,pycountry_exact,0.95
40467451,Germany,DE,pycountry_exact,0.95
40467450,Germany,DE,pycountry_exact,0.95
40467447,Tübingen,DE,geonames_exact,0.9
40467447,Hamburg,DE,pycountry_exact,0.95
40467447,Lübeck,DE,geonames_exact,0.9
40467447,Tübingen,DE,geonames_exact,0.9
40467447,Heidelberg,DE,geonames_exact,0.9
40467447,Köln,DE,geonames_exact,0.9
40467447,Erlangen,DE,geonames_exact,0.9
40467045,Deutschland,DE,dictionary_exact,1.0
40467045,Deutschland,DE,dictionary_exact,1.0
40464966,Deutschland,DE,dictionary_exact,1.0
40464957,Deutschland,DE,dictionary_exact,1.0
40464957,Deutschland,DE,dictionary_exact,1.0
40464957,Deutschland,DE,dictionary_exact,1.0
40464957,Deutschland,DE,dictionary_exact,1.0
40464900,Deutschland,DE,dictionary_exact,1.0
40464900,Deutschland,DE,dictionary_exact,1.0
40464790,Deutschland,DE,dictionary_exact,1.0
40464790,Deutschland,DE,dictionary_exact,1.0
40462767,Deutschland,DE,dictionary_exact,1.0
40462767,Deutschland,DE,dictionary_exact,1.0
40462767,Deutschland,DE,dictionary_exact,1.0
40461029,Germany,DE,pycountry_exact,0.95
40461029,Germany,DE,pycountry_exact,0.95
40461008,Kiel,DE,geonames_exact,0.9
40461008,Kiel,DE,geonames_exact,0.9
40461008,Kiel,DE,geonames_exact,0.9
40461008,Kiel,DE,geonames_exact,0.9
40461007,Germany,DE,pycountry_exact,0.95
40461007,Germany,DE,pycountry_exact,0.95
40461007,Germany,DE,pycountry_exact,0.95
40461004,Deutschland,DE,dictionary_exact,1.0
40461004,Deutschland,DE,dictionary_exact,1.0
40460998,Österreich,AT,dictionary_exact,1.0
40460996,Deutschland,DE,dictionary_exact,1.0
40460995,Deutschland,DE,dictionary_exact,1.0
40460995,Deutschland,DE,dictionary_exact,1.0
40460995,Deutschland,DE,dictionary_exact,1.0
40460992,Deutschland,DE,dictionary_exact,1.0
40460876,Universitätsklinikum Tübingen,DE,geonames_word,0.8
40460876,Universitätsklinikum Tübingen,DE,geonames_word,0.8
40459781,Deutschland,DE,dictionary_exact,1.0
40459781,Deutschland,DE,dictionary_exact,1.0
40459781,Deutschland,DE,dictionary_exact,1.0
40459781,Deutschland,DE,dictionary_exact,1.0
40459765,Deutschland,DE,dictionary_exact,1.0
40459732,Schweiz,CH,dictionary_exact,1.0
40459732,Deutschland,DE,dictionary_exact,1.0
40459732,Deutschland,DE,dictionary_exact,1.0
40459732,Deutschland,DE,dictionary_exact,1.0
40459732,Schweiz,CH,dictionary_exact,1.0
40459732,Deutschland,DE,dictionary_exact,1.0
40459600,Deutschland,DE,dictionary_exact,1.0
40459600,Deutschland,DE,dictionary_exact,1.0
40459600,Deutschland,DE,dictionary_exact,1.0
40456890,Deutschland,DE,dictionary_exact,1.0
40456890,Deutschland,DE,dictionary_exact,1.0
40456890,Deutschland,DE,dictionary_exact,1.0
40456288,Rostock,DE,geonames_exact,0.9
40456288,Köln,DE,geonames_exact,0.9
40456287,Medizinische Hochschule Hannover,DE,geonames_word,0.8
40456287,Hannover,DE,geonames_exact,0.9
40456273,Deutschland,DE,dictionary_exact,1.0
40456266,Schweiz,CH,dictionary_exact,1.0
40456265,Deutschland,DE,dictionary_exact,1.0
40456253,Germany,DE,pycountry_exact,0.95
40456253,Germany,DE,pycountry_exact,0.95
40456223,Germany,DE,pycountry_exact,0.95
40456223,Germany,DE,pycountry_exact,0.95
40456223,Germany,DE,pycountry_exact,0.95
40456223,Germany,DE,pycountry_exact,0.95
40455246,Deutschland,DE,dictionary_exact,1.0
40455246,Schweiz,CH,dictionary_exact,1.0
40455246,Schweiz,CH,dictionary_exact,1.0
40455244,Deutschland,DE,dictionary_exact,1.0
40455244,Deutschland,DE,dictionary_exact,1.0
40455244,Deutschland,DE,dictionary_exact,1.0
40455244,Deutschland,DE,dictionary_exact,1.0
40455226,Deutschland,DE,dictionary_exact,1.0
40455226,Deutschland,DE,dictionary_exact,1.0
40455225,Deutschland,DE,dictionary_exact,1.0
40455225,Deutschland,DE,dictionary_exact,1.0
40455225,Deutschland,DE,dictionary_exact,1.0
40455225,Deutschland,DE,dictionary_exact,1.0
40455211,Deutschland,DE,dictionary_exact,1.0
40455211,Deutschland,DE,dictionary_exact,1.0
40455211,Schweiz,CH,dictionary_exact,1.0
40455211,Schweiz,CH,dictionary_exact,1.0
40455211,Schweiz,CH,dictionary_exact,1.0
40455211,Deutschland,DE,dictionary_exact,1.0
40455211,Schweiz,CH,dictionary_exact,1.0
40455210,Deutschland,DE,dictionary_exact,1.0
40455210,Deutschland,DE,dictionary_exact,1.0
40451195,Germany,DE,pycountry_exact,0.95
40451195,Germany,DE,pycountry_exact,0.95
40451194,Germany,DE,pycountry_exact,0.95
40451194,Germany,DE,pycountry_exact,0.95
40451194,Germany,DE,pycountry_exact,0.95
40448823,Deutschland,DE,dictionary_exact,1.0
40448722,Deutschland,DE,dictionary_exact,1.0
40448722,Deutschland,DE,dictionary_exact,1.0
40448721,Deutschland,DE,dictionary_exact,1.0
40448721,Deutschland,DE,dictionary_exact,1.0
40445571,Österreich,AT,dictionary_exact,1.0
40445571,Österreich,AT,dictionary_exact,1.0
40445571,Österreich,AT,dictionary_exact,1.0
40445571,Österreich,AT,dictionary_exact,1.0
40445571,Österreich,AT,dictionary_exact,1.0
40445385,Deutschland,DE,dictionary_exact,1.0
40445385,Deutschland,DE,dictionary_exact,1.0
40445363,Österreich,AT,dictionary_exact,1.0
40445363,Österreich,AT,dictionary_exact,1.0
40445309,Deutschland,DE,dictionary_exact,1.0
40445308,Deutschland,DE,dictionary_exact,1.0
40445308,Deutschland,DE,dictionary_exact,1.0
40445303,Deutschland,DE,dictionary_exact,1.0
40445303,Deutschland,DE,dictionary_exact,1.0
40445238,Deutschland,DE,dictionary_exact,1.0
40445238,Schweiz,CH,dictionary_exact,1.0
40445238,Deutschland,DE,dictionary_exact,1.0
40445213,Deutschland,DE,dictionary_exact,1.0
40445213,Deutschland,DE,dictionary_exact,1.0
40445213,Deutschland,DE,dictionary_exact,1.0
40445213,Deutschland,DE,dictionary_exact,1.0
40445213,Deutschland,DE,dictionary_exact,1.0
40436416,Deutschland,DE,dictionary_exact,1.0
40436415,Deutschland,DE,dictionary_exact,1.0
40436415,Deutschland,DE,dictionary_exact,1.0
40436415,Deutschland,DE,dictionary_exact,1.0
40436415,Deutschland,DE,dictionary_exact,1.0
40436414,Deutschland,DE,dictionary_exact,1.0
40436414,Deutschland,DE,dictionary_exact,1.0
40436414,Deutschland,DE,dictionary_exact,1.0
40436383,Schweiz,CH,dictionary_exact,1.0
40436379,Regensburg,DE,geonames_exact,0.9
40436379,Regensburg,DE,geonames_exact,0.9
40436058,Germany,DE,pycountry_exact,0.95
40436058,Germany,DE,pycountry_exact,0.95
40436058,Germany,DE,pycountry_exact,0.95
40436056,Germany,DE,pycountry_exact,0.95
40436056,Gießen,DE,geonames_exact,0.9
40436056,Plön,not found,Not found,0.0
40436056,Germany,DE,pycountry_exact,0.95
40436056,Germany,DE,pycountry_exact,0.95
40436055,Germany,DE,pycountry_exact,0.95
40436055,Germany,DE,pycountry_exact,0.95
40436055,Germany,DE,pycountry_exact,0.95
40436040,Deutschland,DE,dictionary_exact,1.0
40434719,Deutschland,DE,dictionary_exact,1.0
40434719,Deutschland,DE,dictionary_exact,1.0
40434719,Deutschland,DE,dictionary_exact,1.0
40434719,Deutschland,DE,dictionary_exact,1.0
40434670,Deutschland,DE,dictionary_exact,1.0
40434670,Deutschland,DE,dictionary_exact,1.0
40434670,Deutschland,DE,dictionary_exact,1.0
40434670,Deutschland,DE,dictionary_exact,1.0
40434670,Deutschland,DE,dictionary_exact,1.0
40434670,Deutschland,DE,dictionary_exact,1.0
40434670,Deutschland,DE,dictionary_exact,1.0
40434670,Deutschland,DE,dictionary_exact,1.0
40434670,Deutschland,DE,dictionary_exact,1.0
40434432,Deutschland,DE,dictionary_exact,1.0
40434432,Deutschland,DE,dictionary_exact,1.0
40434432,Deutschland,DE,dictionary_exact,1.0
40434432,Deutschland,DE,dictionary_exact,1.0
40434432,Deutschland,DE,dictionary_exact,1.0
40434430,Deutschland,DE,dictionary_exact,1.0
40434430,Deutschland,DE,dictionary_exact,1.0
40434430,Schweiz,CH,dictionary_exact,1.0
40434430,Schweiz,CH,dictionary_exact,1.0
40434430,Deutschland,DE,dictionary_exact,1.0
40434430,Schweiz,CH,dictionary_exact,1.0
40434413,Deutschland,DE,dictionary_exact,1.0
40434413,Deutschland,DE,dictionary_exact,1.0
40434413,Deutschland,DE,dictionary_exact,1.0
40433727,Zürich,CH,pycountry_exact,0.95
40433725,Schaffhausen,CH,pycountry_exact,0.95
40433725,Zürich,CH,pycountry_exact,0.95
40433725,Zürich,CH,pycountry_exact,0.95
40433724,Universitätsspital Basel,CH,geonames_word,0.8
40433724,Muttenz und Aarau,CH,geonames_word,0.8
40433723,Stadtspital Zürich,CH,geonames_word,0.8
40433722,Inselspital Bern,CH,geonames_word,0.8
40433722,ORCID: https://orcid.org/0000-0002-8792-8199,not found,Not found,0.0
40433721,Schweiz,CH,dictionary_exact,1.0
40433721,Schweiz,CH,dictionary_exact,1.0
40433721,https://orcid.org/0000-0003-1247-6754,not found,Not found,0.0
40433721,https://orcid.org/0000-0002-6436-6306,not found,Not found,0.0
40433721,Schweiz,CH,dictionary_exact,1.0
40433721,https://orcid.org/0000-0002-2412-9103,not found,Not found,0.0
40433720,Universitätsspital Zürich,CH,geonames_word,0.8
40433719,St. Gallen,CH,geonames_exact,0.9
40433719,St. Gallen,CH,geonames_exact,0.9
40433719,Basel,CH,pycountry_exact,0.95
40433718,Kantonsspital Luzern,CH,geonames_word,0.8
40433718,Kantonsspital Luzern,CH,geonames_word,0.8
40425870,Deutschland,DE,dictionary_exact,1.0
40425870,Deutschland,DE,dictionary_exact,1.0
40425168,Germany,DE,pycountry_exact,0.95
40425145,Schweiz,CH,dictionary_exact,1.0
40425145,Schweiz,CH,dictionary_exact,1.0
40425145,Schweiz,CH,dictionary_exact,1.0
40425144,Schweiz,CH,dictionary_exact,1.0
40425144,Schweiz,CH,dictionary_exact,1.0
40425144,Schweiz,CH,dictionary_exact,1.0
40425144,Schweiz,CH,dictionary_exact,1.0
40425144,Schweiz,CH,dictionary_exact,1.0
40425143,Germany,DE,pycountry_exact,0.95
40425143,Germany,DE,pycountry_exact,0.95
40425143,Germany,DE,pycountry_exact,0.95
40425143,Austria,AT,pycountry_exact,0.95
40425143,Germany,DE,pycountry_exact,0.95
40425143,Germany,DE,pycountry_exact,0.95
40425143,Germany,DE,pycountry_exact,0.95
40425143,Germany,DE,pycountry_exact,0.95
40425143,Germany,DE,pycountry_exact,0.95
40425143,Germany,DE,pycountry_exact,0.95
40425143,Germany,DE,pycountry_exact,0.95
40425143,Germany,DE,pycountry_exact,0.95
40425143,Germany,DE,pycountry_exact,0.95
40425143,Germany,DE,pycountry_exact,0.95
40425142,Germany,DE,pycountry_exact,0.95
40425142,Germany,DE,pycountry_exact,0.95
40425142,Germany,DE,pycountry_exact,0.95
40425142,Austria,AT,pycountry_exact,0.95
40425142,Germany,DE,pycountry_exact,0.95
40425142,Germany,DE,pycountry_exact,0.95
40425142,Germany,DE,pycountry_exact,0.95
40425142,Germany,DE,pycountry_exact,0.95
40425142,Germany,DE,pycountry_exact,0.95
40425142,Germany,DE,pycountry_exact,0.95
40425142,Germany,DE,pycountry_exact,0.95
40425142,Germany,DE,pycountry_exact,0.95
40425142,Germany,DE,pycountry_exact,0.95
40425142,Germany,DE,pycountry_exact,0.95
40423798,Deutschland,DE,dictionary_exact,1.0
40423793,Deutschland,DE,dictionary_exact,1.0
40423783,Deutschland,DE,dictionary_exact,1.0
40423714,Deutschland,DE,dictionary_exact,1.0
40423714,Deutschland,DE,dictionary_exact,1.0
40423714,Deutschland,DE,dictionary_exact,1.0
40423714,Deutschland,DE,dictionary_exact,1.0
40423714,Deutschland,DE,dictionary_exact,1.0
40422649,Vetsuisse-Fakultät der Universität Zürich,CH,geonames_word,0.8
40422649,Zollikofen,not found,Not found,0.0
40419653,Deutschland,DE,dictionary_exact,1.0
40419653,Deutschland,DE,dictionary_exact,1.0
40419240,Deutschland,DE,dictionary_exact,1.0
40419240,Deutschland,DE,dictionary_exact,1.0
40418981,Deutschland,DE,dictionary_exact,1.0
40418981,Deutschland,DE,dictionary_exact,1.0
40418981,Deutschland,DE,dictionary_exact,1.0
40418979,Deutschland,DE,dictionary_exact,1.0
40418979,Deutschland,DE,dictionary_exact,1.0
40418979,Deutschland,DE,dictionary_exact,1.0
40418979,Österreich,AT,dictionary_exact,1.0
40418979,Deutschland,DE,dictionary_exact,1.0
40418978,Germany,DE,pycountry_exact,0.95
40418978,Germany,DE,pycountry_exact,0.95
40418978,Germany,DE,pycountry_exact,0.95
40418969,Germany,DE,pycountry_exact,0.95
40418968,Germany,DE,pycountry_exact,0.95
40418968,Germany,DE,pycountry_exact,0.95
40418968,Germany,DE,pycountry_exact,0.95
40418968,United States,US,dictionary_exact,1.0
40418966,Germany,DE,pycountry_exact,0.95
40418966,Germany,DE,pycountry_exact,0.95
40418966,Germany,DE,pycountry_exact,0.95
40418966,Germany,DE,pycountry_exact,0.95
40418966,Germany,DE,pycountry_exact,0.95
40418966,Germany,DE,pycountry_exact,0.95
40418966,Germany,DE,pycountry_exact,0.95
40418966,Germany,DE,pycountry_exact,0.95
40418966,Germany,DE,pycountry_exact,0.95
40418966,Germany,DE,pycountry_exact,0.95
40418966,Germany,DE,pycountry_exact,0.95
40418966,Germany,DE,pycountry_exact,0.95
40418464,Deutschland,DE,dictionary_exact,1.0
40418464,Deutschland,DE,dictionary_exact,1.0
40418464,Deutschland,DE,dictionary_exact,1.0
40418464,Deutschland,DE,dictionary_exact,1.0
40418464,Deutschland,DE,dictionary_exact,1.0
40418348,Deutschland,DE,dictionary_exact,1.0
40418348,Deutschland,DE,dictionary_exact,1.0
40418348,Deutschland,DE,dictionary_exact,1.0
40418347,Deutschland,DE,dictionary_exact,1.0
40418347,Schweiz,CH,dictionary_exact,1.0
40418347,Deutschland,DE,dictionary_exact,1.0
40418347,Deutschland,DE,dictionary_exact,1.0
40418347,Deutschland,DE,dictionary_exact,1.0
40418347,Deutschland,DE,dictionary_exact,1.0
40418345,Deutschland,DE,dictionary_exact,1.0
40418344,Deutschland,DE,dictionary_exact,1.0
40418344,Deutschland,DE,dictionary_exact,1.0
40418336,Österreich,AT,dictionary_exact,1.0
40418336,Österreich,AT,dictionary_exact,1.0
40418325,Deutschland,DE,dictionary_exact,1.0
40418324,Deutschland,DE,dictionary_exact,1.0
40418324,Deutschland,DE,dictionary_exact,1.0
40418324,Deutschland,DE,dictionary_exact,1.0
40418324,Deutschland,DE,dictionary_exact,1.0
40418324,Deutschland,DE,dictionary_exact,1.0
40418324,Deutschland,DE,dictionary_exact,1.0
40418322,Deutschland,DE,dictionary_exact,1.0
40418322,Deutschland,DE,dictionary_exact,1.0
40418322,Deutschland,DE,dictionary_exact,1.0
40418243,Schweiz,CH,dictionary_exact,1.0
40418242,Deutschland,DE,dictionary_exact,1.0
40418242,Deutschland,DE,dictionary_exact,1.0
40410573,Deutschland,DE,dictionary_exact,1.0
40410573,Deutschland,DE,dictionary_exact,1.0
40410429,Deutschland,DE,dictionary_exact,1.0
40410429,Deutschland,DE,dictionary_exact,1.0
40410429,Deutschland,DE,dictionary_exact,1.0
40410429,Deutschland,DE,dictionary_exact,1.0
40410370,Deutschland,DE,dictionary_exact,1.0
40410370,Deutschland,DE,dictionary_exact,1.0
40410370,Schweiz,CH,dictionary_exact,1.0
40409999,Deutschland,DE,dictionary_exact,1.0
40409999,Deutschland,DE,dictionary_exact,1.0
40409999,Deutschland,DE,dictionary_exact,1.0
40409999,Deutschland,DE,dictionary_exact,1.0
40409999,Deutschland,DE,dictionary_exact,1.0
40409291,Deutschland,DE,dictionary_exact,1.0
40409291,Deutschland,DE,dictionary_exact,1.0
40409291,Deutschland,DE,dictionary_exact,1.0
40409291,Österreich,AT,dictionary_exact,1.0
40409291,Österreich,AT,dictionary_exact,1.0
40409291,Österreich,AT,dictionary_exact,1.0
40409288,Germany,DE,pycountry_exact,0.95
40409288,Germany,DE,pycountry_exact,0.95
40409288,Germany,DE,pycountry_exact,0.95
40409287,Germany,DE,pycountry_exact,0.95
40409286,Germany,DE,pycountry_exact,0.95
40409286,Germany,DE,pycountry_exact,0.95
40409282,Universitätsklinikum Würzburg,DE,geonames_word,0.8
40409282,Würzburg,DE,geonames_exact,0.9
40409281,Universität Leipzig,DE,geonames_word,0.8
40408070,Deutschland,DE,dictionary_exact,1.0
40408069,Deutschland,DE,dictionary_exact,1.0
40407893,Deutschland,DE,dictionary_exact,1.0
40407893,Deutschland,DE,dictionary_exact,1.0
40407893,Deutschland,DE,dictionary_exact,1.0
40407893,Deutschland,DE,dictionary_exact,1.0
40407893,Deutschland,DE,dictionary_exact,1.0
40407893,Deutschland,DE,dictionary_exact,1.0
40407893,Deutschland,DE,dictionary_exact,1.0
40407893,Deutschland,DE,dictionary_exact,1.0
40407893,Deutschland,DE,dictionary_exact,1.0
40407893,Deutschland,DE,dictionary_exact,1.0
40407893,Deutschland,DE,dictionary_exact,1.0
40407893,Deutschland,DE,dictionary_exact,1.0
40407884,Deutschland,DE,dictionary_exact,1.0
40407847,Deutschland,DE,dictionary_exact,1.0
40407847,Deutschland,DE,dictionary_exact,1.0
40407847,Deutschland,DE,dictionary_exact,1.0
40407847,Deutschland,DE,dictionary_exact,1.0
40407847,Deutschland,DE,dictionary_exact,1.0
40407846,Deutschland,DE,dictionary_exact,1.0
40407846,Deutschland,DE,dictionary_exact,1.0
40407821,Deutschland,DE,dictionary_exact,1.0
40405008,Deutschland,DE,dictionary_exact,1.0
40405008,Deutschland,DE,dictionary_exact,1.0
40405008,Deutschland,DE,dictionary_exact,1.0
40405008,Deutschland,DE,dictionary_exact,1.0
40405008,Deutschland,DE,dictionary_exact,1.0
40405008,Deutschland,DE,dictionary_exact,1.0
40405008,Österreich,AT,dictionary_exact,1.0
40405008,Deutschland,DE,dictionary_exact,1.0
40405008,Deutschland,DE,dictionary_exact,1.0
40405008,Deutschland,DE,dictionary_exact,1.0
40405008,Deutschland,DE,dictionary_exact,1.0
40405008,Deutschland,DE,dictionary_exact,1.0
40405008,Deutschland,DE,dictionary_exact,1.0
40405008,Deutschland,DE,dictionary_exact,1.0
40405008,Deutschland,DE,dictionary_exact,1.0
40405008,Deutschland,DE,dictionary_exact,1.0
40403772,Germany,DE,pycountry_exact,0.95
40403772,Germany,DE,pycountry_exact,0.95
40403771,Germany,DE,pycountry_exact,0.95
40403771,Switzerland,CH,pycountry_exact,0.95
40403771,Switzerland,CH,pycountry_exact,0.95
40403770,Germany,DE,pycountry_exact,0.95
40402304,Deutschland,DE,dictionary_exact,1.0
40402293,Deutschland,DE,dictionary_exact,1.0
40402293,Deutschland,DE,dictionary_exact,1.0
40402293,Deutschland,DE,dictionary_exact,1.0
40402286,Deutschland,DE,dictionary_exact,1.0
40402286,Deutschland,DE,dictionary_exact,1.0
40402286,Deutschland,DE,dictionary_exact,1.0
40402286,Deutschland,DE,dictionary_exact,1.0
40402286,Deutschland,DE,dictionary_exact,1.0
40402286,Deutschland,DE,dictionary_exact,1.0
40402286,Deutschland,DE,dictionary_exact,1.0
40402286,Deutschland,DE,dictionary_exact,1.0
40402286,Deutschland,DE,dictionary_exact,1.0
40402285,Deutschland,DE,dictionary_exact,1.0
40402285,Deutschland,DE,dictionary_exact,1.0
40402280,Deutschland,DE,dictionary_exact,1.0
40402280,Deutschland,DE,dictionary_exact,1.0
40402267,Deutschland,DE,dictionary_exact,1.0
40402267,Deutschland,DE,dictionary_exact,1.0
40402265,Deutschland,DE,dictionary_exact,1.0
40402265,Deutschland,DE,dictionary_exact,1.0
40402265,Deutschland,DE,dictionary_exact,1.0
40402265,Deutschland,DE,dictionary_exact,1.0
40402265,Deutschland,DE,dictionary_exact,1.0
40402241,Deutschland,DE,dictionary_exact,1.0
40402241,Deutschland,DE,dictionary_exact,1.0
40402238,Deutschland,DE,dictionary_exact,1.0
40402238,Deutschland,DE,dictionary_exact,1.0
40402238,DZPG (Deutsches Zentrum für Psychische Gesundheit - Standort Heidelberg/Mannheim/Ulm),not found,Not found,0.0
40402238,Deutschland,DE,dictionary_exact,1.0
40402231,Deutschland,DE,dictionary_exact,1.0
40402231,Deutschland,DE,dictionary_exact,1.0
40402231,Deutschland,DE,dictionary_exact,1.0
40402231,Deutschland,DE,dictionary_exact,1.0
40402230,Deutschland,DE,dictionary_exact,1.0
40402230,Deutschland,DE,dictionary_exact,1.0
40402230,Deutschland,DE,dictionary_exact,1.0
40402215,Deutschland,DE,dictionary_exact,1.0
40402215,Deutschland,DE,dictionary_exact,1.0
40402215,Deutschland,DE,dictionary_exact,1.0
40402215,Deutschland,DE,dictionary_exact,1.0
40402215,Deutschland,DE,dictionary_exact,1.0
40402215,Deutschland,DE,dictionary_exact,1.0
40402186,Deutschland,DE,dictionary_exact,1.0
40402186,Deutschland,DE,dictionary_exact,1.0
40402186,Deutschland,DE,dictionary_exact,1.0
40402186,Deutschland,DE,dictionary_exact,1.0
40402185,Deutschland,DE,dictionary_exact,1.0
40402166,Deutschland,DE,dictionary_exact,1.0
40402166,Deutschland,DE,dictionary_exact,1.0
40399696,Deutschland,DE,dictionary_exact,1.0
40399696,Deutschland,DE,dictionary_exact,1.0
40399567,Österreich,AT,dictionary_exact,1.0
40399567,Österreich,AT,dictionary_exact,1.0
40399567,Österreich,AT,dictionary_exact,1.0
40399172,Deutschland,DE,dictionary_exact,1.0
40399172,Deutschland,DE,dictionary_exact,1.0
40399172,Deutschland,DE,dictionary_exact,1.0
40399172,Deutschland,DE,dictionary_exact,1.0
40399172,Deutschland,DE,dictionary_exact,1.0
40399172,Deutschland,DE,dictionary_exact,1.0
40399172,Deutschland,DE,dictionary_exact,1.0
40399172,Deutschland,DE,dictionary_exact,1.0
40398491,Germany,DE,pycountry_exact,0.95
40398491,Germany,DE,pycountry_exact,0.95
40398491,Germany,DE,pycountry_exact,0.95
40398491,Germany,DE,pycountry_exact,0.95
40398483,Germany,DE,pycountry_exact,0.95
40398483,Germany,DE,pycountry_exact,0.95
40398483,Germany,DE,pycountry_exact,0.95
40398483,Switzerland,CH,pycountry_exact,0.95
40398483,Germany,DE,pycountry_exact,0.95
40398483,Germany,DE,pycountry_exact,0.95
40398483,Germany,DE,pycountry_exact,0.95
40398446,GERMANY,DE,pycountry_exact,0.95
40398446,GERMANY,DE,pycountry_exact,0.95
40398446,GERMANY,DE,pycountry_exact,0.95
40398424,Deutschland,DE,dictionary_exact,1.0
40398424,Deutschland,DE,dictionary_exact,1.0
40398423,Deutschland,DE,dictionary_exact,1.0
40398423,Deutschland,DE,dictionary_exact,1.0
40398423,Deutschland,DE,dictionary_exact,1.0
40398423,Deutschland,DE,dictionary_exact,1.0
40397174,Deutschland,DE,dictionary_exact,1.0
40397174,Deutschland,DE,dictionary_exact,1.0
40397174,Deutschland,DE,dictionary_exact,1.0
40397174,Deutschland,DE,dictionary_exact,1.0
40397174,Deutschland,DE,dictionary_exact,1.0
40397174,Deutschland,DE,dictionary_exact,1.0
40397174,USA,US,dictionary_exact,1.0
40397174,Deutschland,DE,dictionary_exact,1.0
40397174,Deutschland,DE,dictionary_exact,1.0
40397174,Deutschland,DE,dictionary_exact,1.0
40397167,Deutschland,DE,dictionary_exact,1.0
40397155,Deutschland,DE,dictionary_exact,1.0
40397155,Deutschland,DE,dictionary_exact,1.0
40397155,Deutschland,DE,dictionary_exact,1.0
40397155,Deutschland,DE,dictionary_exact,1.0
40397154,Deutschland,DE,dictionary_exact,1.0
40397125,Deutschland,DE,dictionary_exact,1.0
40397125,Deutschland,DE,dictionary_exact,1.0
40397125,Niederlande,NL,dictionary_exact,1.0
40397125,Niederlande,NL,dictionary_exact,1.0
40397125,Deutschland,DE,dictionary_exact,1.0
40397125,Deutschland,DE,dictionary_exact,1.0
40397125,Deutschland,DE,dictionary_exact,1.0
40397125,Deutschland,DE,dictionary_exact,1.0
40397125,Deutschland,DE,dictionary_exact,1.0
40397125,Deutschland,DE,dictionary_exact,1.0
40397125,Deutschland,DE,dictionary_exact,1.0
40397125,Deutschland,DE,dictionary_exact,1.0
40397125,Deutschland,DE,dictionary_exact,1.0
40397038,Deutschland,DE,dictionary_exact,1.0
40397038,Deutschland,DE,dictionary_exact,1.0
40397038,Deutschland,DE,dictionary_exact,1.0
40394403,Deutschland,DE,dictionary_exact,1.0
40394403,Deutschland,DE,dictionary_exact,1.0
40394359,Deutschland,DE,dictionary_exact,1.0
40394359,Deutschland,DE,dictionary_exact,1.0
40394271,Deutschland,DE,dictionary_exact,1.0
40394271,Deutschland,DE,dictionary_exact,1.0
40394271,Deutschland,DE,dictionary_exact,1.0
40394213,Deutschland,DE,dictionary_exact,1.0
40394169,Deutschland,DE,dictionary_exact,1.0
40394169,Deutschland,DE,dictionary_exact,1.0
40393659,Germany,DE,pycountry_exact,0.95
40393659,Schweiz,CH,dictionary_exact,1.0
40393657,Deutschland,DE,dictionary_exact,1.0
40393657,Deutschland,DE,dictionary_exact,1.0
40392342,Österreich,AT,dictionary_exact,1.0
40392342,Österreich,AT,dictionary_exact,1.0
40392342,Österreich,AT,dictionary_exact,1.0
40392332,Deutschland,DE,dictionary_exact,1.0
40392332,Deutschland,DE,dictionary_exact,1.0
40392332,Deutschland,DE,dictionary_exact,1.0
40392324,Deutschland,DE,dictionary_exact,1.0
40392324,Deutschland,DE,dictionary_exact,1.0
40392324,Deutschland,DE,dictionary_exact,1.0
40392324,Großbritannien,GB,dictionary_exact,1.0
40392324,Deutschland,DE,dictionary_exact,1.0
40392324,Deutschland,DE,dictionary_exact,1.0
40392323,Deutschland,DE,dictionary_exact,1.0
40392323,Deutschland,DE,dictionary_exact,1.0
40392322,Deutschland,DE,dictionary_exact,1.0
40392322,Deutschland,DE,dictionary_exact,1.0
40392275,Deutschland,DE,dictionary_exact,1.0
40392275,Marchioninistrasse 15,not found,Not found,0.0
40392275,Deutschland,DE,dictionary_exact,1.0
40392275,Marchioninistrasse 15,not found,Not found,0.0
40392271,Deutschland,DE,dictionary_exact,1.0
40392271,Deutschland,DE,dictionary_exact,1.0
40392271,Deutschland,DE,dictionary_exact,1.0
40391804,Österreich,AT,dictionary_exact,1.0
40391803,Deutschland,DE,dictionary_exact,1.0
40391803,Deutschland,DE,dictionary_exact,1.0
40389752,Deutschland,DE,dictionary_exact,1.0
40389752,Deutschland,DE,dictionary_exact,1.0
40389729,Deutschland,DE,dictionary_exact,1.0
40389729,Deutschland,DE,dictionary_exact,1.0
40389713,Deutschland,DE,dictionary_exact,1.0
40389713,Deutschland,DE,dictionary_exact,1.0
40389713,Deutschland,DE,dictionary_exact,1.0
40389713,Deutschland,DE,dictionary_exact,1.0
40389692,Österreich,AT,dictionary_exact,1.0
40389692,Georgien,GE,dictionary_exact,1.0
40389692,Österreich,AT,dictionary_exact,1.0
40389689,Deutschland,DE,dictionary_exact,1.0
40389689,Deutschland,DE,dictionary_exact,1.0
40389688,Deutschland,DE,dictionary_exact,1.0
40389688,Deutschland,DE,dictionary_exact,1.0
40389687,Deutschland,DE,dictionary_exact,1.0
40389687,Deutschland,DE,dictionary_exact,1.0
40389686,Deutschland,DE,dictionary_exact,1.0
40389686,Deutschland,DE,dictionary_exact,1.0
40389686,Deutschland,DE,dictionary_exact,1.0
40389224,Germany,DE,pycountry_exact,0.95
40389224,Germany,DE,pycountry_exact,0.95
40389224,Germany,DE,pycountry_exact,0.95
40389223,Germany,DE,pycountry_exact,0.95
40389223,Germany,DE,pycountry_exact,0.95
40389223,Germany,DE,pycountry_exact,0.95
40389222,Germany,DE,pycountry_exact,0.95
40389218,Deutschland,DE,dictionary_exact,1.0
40389217,Schweiz,CH,dictionary_exact,1.0
40389217,Schweiz,CH,dictionary_exact,1.0
40389213,Germany,DE,pycountry_exact,0.95
40389213,Germany,DE,pycountry_exact,0.95
40389213,Germany,DE,pycountry_exact,0.95
40389213,Germany,DE,pycountry_exact,0.95
40389213,Germany,DE,pycountry_exact,0.95
40388982,Universitätsklinikum der Ruhr-Universität Bochum,DE,geonames_word,0.8
40388982,Ruhr-Universität Bochum,DE,geonames_word,0.8
40388982,Bochum,DE,geonames_exact,0.9
40388982,Bochum,DE,geonames_exact,0.9
40388982,Bochum,DE,geonames_exact,0.9
40388982,Bochum,DE,geonames_exact,0.9
40388982,Ruhr-Universität Bochum,DE,geonames_word,0.8
40388982,bochum,DE,geonames_exact,0.9
40388982,bochum,DE,geonames_exact,0.9
40388982,bochum,DE,geonames_exact,0.9
40388981,Germany,DE,pycountry_exact,0.95
40388980,Deutschland,DE,dictionary_exact,1.0
40388979,Deutschalnd,not found,Not found,0.0
40388978,Deutschland,DE,dictionary_exact,1.0
40388978,GERMANY,DE,pycountry_exact,0.95
40388977,Deutschland,DE,dictionary_exact,1.0
40388976,GERMANY,DE,pycountry_exact,0.95
40388976,GERMANY,DE,pycountry_exact,0.95
40388976,GERMANY,DE,pycountry_exact,0.95
40388975,Deutschland,DE,dictionary_exact,1.0
40388974,Hannover,DE,geonames_exact,0.9
40388974,Medizinische Hochschule Hannover,DE,geonames_word,0.8
40388974,Hannover,DE,geonames_exact,0.9
40388974,Hannover,DE,geonames_exact,0.9
40387902,Deutschland,DE,dictionary_exact,1.0
40387900,Deutschland,DE,dictionary_exact,1.0
40387900,Deutschland,DE,dictionary_exact,1.0
40387900,Deutschland,DE,dictionary_exact,1.0
40387900,Deutschland,DE,dictionary_exact,1.0
40387900,Deutschland,DE,dictionary_exact,1.0
40387900,Deutschland,DE,dictionary_exact,1.0
40387900,Deutschland,DE,dictionary_exact,1.0
40387900,Deutschland,DE,dictionary_exact,1.0
40387900,Deutschland,DE,dictionary_exact,1.0
40387900,Deutschland,DE,dictionary_exact,1.0
40387900,Deutschland,DE,dictionary_exact,1.0
40387900,Deutschland,DE,dictionary_exact,1.0
40387900,Deutschland,DE,dictionary_exact,1.0
40387900,Deutschland,DE,dictionary_exact,1.0
40387876,Deutschland,DE,dictionary_exact,1.0
40387876,Deutschland,DE,dictionary_exact,1.0
40387870,Deutschland,DE,dictionary_exact,1.0
40387870,Deutschland,DE,dictionary_exact,1.0
40387869,Deutschland,DE,dictionary_exact,1.0
40387869,Deutschland,DE,dictionary_exact,1.0
40387869,Deutschland,DE,dictionary_exact,1.0
40387863,Deutschland,DE,dictionary_exact,1.0
40387863,Deutschland,DE,dictionary_exact,1.0
40387863,Deutschland,DE,dictionary_exact,1.0
40387863,Deutschland,DE,dictionary_exact,1.0
40387862,Deutschland,DE,dictionary_exact,1.0
40387862,Deutschland,DE,dictionary_exact,1.0
40387862,Franz-Josef-Strauß-Allee 11,FI,geonames_word,0.8
40379792,Deutschland,DE,dictionary_exact,1.0
40379792,Deutschland,DE,dictionary_exact,1.0
40378877,Deutschland,DE,dictionary_exact,1.0
40378877,Deutschland,DE,dictionary_exact,1.0
40378877,Deutschland,DE,dictionary_exact,1.0
40378877,Deutschland,DE,dictionary_exact,1.0
40378871,Germany,DE,pycountry_exact,0.95
40377709,Deutschland,DE,dictionary_exact,1.0
40377709,Deutschland,DE,dictionary_exact,1.0
40377679,Deutschland,DE,dictionary_exact,1.0
40377678,Deutschland,DE,dictionary_exact,1.0
40377678,Deutschland,DE,dictionary_exact,1.0
40377678,Deutschland,DE,dictionary_exact,1.0
40377678,Deutschland,DE,dictionary_exact,1.0
40377675,Deutschland,DE,dictionary_exact,1.0
40377675,Deutschland,DE,dictionary_exact,1.0
40377675,Deutschland,DE,dictionary_exact,1.0
40377675,Deutschland,DE,dictionary_exact,1.0
40377656,Deutschland,DE,dictionary_exact,1.0
40377656,Deutschland,DE,dictionary_exact,1.0
40377656,Deutschland,DE,dictionary_exact,1.0
40377656,Deutschland,DE,dictionary_exact,1.0
40377656,Deutschland,DE,dictionary_exact,1.0
40377656,Deutschland,DE,dictionary_exact,1.0
40375034,Deutschland,DE,dictionary_exact,1.0
40375033,Deutschland,DE,dictionary_exact,1.0
40375032,Deutschland,DE,dictionary_exact,1.0
40375031,Deutschland,DE,dictionary_exact,1.0
40375030,Deutschland,DE,dictionary_exact,1.0
40375029,Deutschland,DE,dictionary_exact,1.0
40375028,Deutschland,DE,dictionary_exact,1.0
40375028,Deutschland,DE,dictionary_exact,1.0
40375028,Deutschland,DE,dictionary_exact,1.0
40375027,Deutschland,DE,dictionary_exact,1.0
40375027,Deutschland,DE,dictionary_exact,1.0
40375026,Deutschland,DE,dictionary_exact,1.0
40375026,Deutschland,DE,dictionary_exact,1.0
40375025,Deutschland,DE,dictionary_exact,1.0
40375025,Österreich,AT,dictionary_exact,1.0
40375025,Deutschland,DE,dictionary_exact,1.0
40375024,Deutschland,DE,dictionary_exact,1.0
40375024,Deutschland,DE,dictionary_exact,1.0
40375024,Deutschland,DE,dictionary_exact,1.0
40375023,Deutschland,DE,dictionary_exact,1.0
40375022,Deutschland,DE,dictionary_exact,1.0
40375021,Deutschland,DE,dictionary_exact,1.0
40375020,Deutschland,DE,dictionary_exact,1.0
40375019,Deutschland,DE,dictionary_exact,1.0
40375018,Deutschland,DE,dictionary_exact,1.0
40375018,Deutschland,DE,dictionary_exact,1.0
40375017,Deutschland,DE,dictionary_exact,1.0
40375016,Deutschland,DE,dictionary_exact,1.0
40375015,Deutschland,DE,dictionary_exact,1.0
40375014,Deutschland,DE,dictionary_exact,1.0
40375013,Deutschland,DE,dictionary_exact,1.0
40375012,Deutschland,DE,dictionary_exact,1.0
40375011,Deutschland,DE,dictionary_exact,1.0
40375010,Deutschland,DE,dictionary_exact,1.0
40375009,Deutschland,DE,dictionary_exact,1.0
40375008,Deutschland,DE,dictionary_exact,1.0
40375007,Deutschland,DE,dictionary_exact,1.0
40375006,Deutschland,DE,dictionary_exact,1.0
40375005,Deutschland,DE,dictionary_exact,1.0
40375005,Germany,DE,pycountry_exact,0.95
40375004,Deutschland,DE,dictionary_exact,1.0
40375003,Deutschland,DE,dictionary_exact,1.0
40375002,Deutschland,DE,dictionary_exact,1.0
40375001,Deutschland,DE,dictionary_exact,1.0
40375000,Deutschland,DE,dictionary_exact,1.0
40374999,Deutschland,DE,dictionary_exact,1.0
40374998,Deutschland,DE,dictionary_exact,1.0
40374997,Deutschland,DE,dictionary_exact,1.0
40374996,Schweiz,CH,dictionary_exact,1.0
40374995,Deutschland,DE,dictionary_exact,1.0
40374994,Deutschland,DE,dictionary_exact,1.0
40374947,Deutschland,DE,dictionary_exact,1.0
40374947,Deutschland,DE,dictionary_exact,1.0
40374754,Frankreich,FR,dictionary_exact,1.0
40374754,Frankreich,FR,dictionary_exact,1.0
40373816,Österreich,AT,dictionary_exact,1.0
40373809,Germany,DE,pycountry_exact,0.95
40373809,Germany,DE,pycountry_exact,0.95
40373809,Germany,DE,pycountry_exact,0.95
40373809,Germany,DE,pycountry_exact,0.95
40373809,Switzerland,CH,pycountry_exact,0.95
40373809,Germany,DE,pycountry_exact,0.95
40373809,Switzerland,CH,pycountry_exact,0.95
40372516,Deutschland,DE,dictionary_exact,1.0
40372516,Deutschland,DE,dictionary_exact,1.0
40372516,Deutschland,DE,dictionary_exact,1.0
40372516,Deutschland,DE,dictionary_exact,1.0
40372450,Deutschland,DE,dictionary_exact,1.0
40372450,Deutschland,DE,dictionary_exact,1.0
40372450,Deutschland,DE,dictionary_exact,1.0
40372450,Deutschland,DE,dictionary_exact,1.0
40372450,Deutschland,DE,dictionary_exact,1.0
40372450,Deutschland,DE,dictionary_exact,1.0
40372450,Deutschland,DE,dictionary_exact,1.0
40372450,Deutschland,DE,dictionary_exact,1.0
40372424,Schweiz,CH,dictionary_exact,1.0
40372424,Schweiz,CH,dictionary_exact,1.0
40372423,Deutschland,DE,dictionary_exact,1.0
40372423,Deutschland,DE,dictionary_exact,1.0
40372423,Deutschland,DE,dictionary_exact,1.0
40372414,Deutschland,DE,dictionary_exact,1.0
40372414,Deutschland,DE,dictionary_exact,1.0
40372405,Deutschland,DE,dictionary_exact,1.0
40372405,Deutschland,DE,dictionary_exact,1.0
40372405,Deutschland,DE,dictionary_exact,1.0
40369362,Deutschland,DE,dictionary_exact,1.0
40369362,Deutschland,DE,dictionary_exact,1.0
40369362,Deutschland,DE,dictionary_exact,1.0
40369356,Österreich,AT,dictionary_exact,1.0
40369356,Deutschland,DE,dictionary_exact,1.0
40369356,Österreich,AT,dictionary_exact,1.0
40369356,Österreich,AT,dictionary_exact,1.0
40369356,Österreich,AT,dictionary_exact,1.0
40369356,Österreich,AT,dictionary_exact,1.0
40369356,Österreich,AT,dictionary_exact,1.0
40369355,Deutschland,DE,dictionary_exact,1.0
40369355,Deutschland,DE,dictionary_exact,1.0
40369355,Deutschland,DE,dictionary_exact,1.0
40369334,Deutschland,DE,dictionary_exact,1.0
40369251,Deutschland,DE,dictionary_exact,1.0
40369251,Deutschland,DE,dictionary_exact,1.0
40369251,Deutschland,DE,dictionary_exact,1.0
40369251,Deutschland,DE,dictionary_exact,1.0
40368757,Deutschland,DE,dictionary_exact,1.0
40368757,Deutschland,DE,dictionary_exact,1.0
40368757,Deutschland,DE,dictionary_exact,1.0
40368757,Deutschland,DE,dictionary_exact,1.0
40368757,Deutschland,DE,dictionary_exact,1.0
40368756,Deutschland,DE,dictionary_exact,1.0
40368756,Deutschland,DE,dictionary_exact,1.0
40368756,Deutschland,DE,dictionary_exact,1.0
40366418,Deutschland,DE,dictionary_exact,1.0
40366418,Deutschland,DE,dictionary_exact,1.0
40366402,Deutschland,DE,dictionary_exact,1.0
40366402,Deutschland,DE,dictionary_exact,1.0
40366392,Deutschland,DE,dictionary_exact,1.0
40366392,Schweiz,CH,dictionary_exact,1.0
40360930,Österreich,AT,dictionary_exact,1.0
40360823,Deutschland,DE,dictionary_exact,1.0
40360823,Deutschland,DE,dictionary_exact,1.0
40360142,Austria,AT,pycountry_exact,0.95
40360142,Austria,AT,pycountry_exact,0.95
40360142,Austria,AT,pycountry_exact,0.95
40360142,Austria,AT,pycountry_exact,0.95
40360142,Austria,AT,pycountry_exact,0.95
40360142,Austria,AT,pycountry_exact,0.95
40359991,Germany,DE,pycountry_exact,0.95
40359991,Germany,DE,pycountry_exact,0.95
40359990,Deutschland,DE,dictionary_exact,1.0
40359990,Deutschland,DE,dictionary_exact,1.0
40359990,Deutschland,DE,dictionary_exact,1.0
40359989,Österreich,AT,dictionary_exact,1.0
40359986,Germany,DE,pycountry_exact,0.95
40359985,Deutschland,DE,dictionary_exact,1.0
40359985,Deutschland,DE,dictionary_exact,1.0
40359985,Deutschland,DE,dictionary_exact,1.0
40358756,Deutschland,DE,dictionary_exact,1.0
40358756,Deutschland,DE,dictionary_exact,1.0
40358756,Deutschland,DE,dictionary_exact,1.0
40358755,Deutschland,DE,dictionary_exact,1.0
40358755,Deutschland,DE,dictionary_exact,1.0
40358753,Deutschland,DE,dictionary_exact,1.0
40358753,Deutschland,DE,dictionary_exact,1.0
40358753,Deutschland,DE,dictionary_exact,1.0
40358733,Deutschland,DE,dictionary_exact,1.0
40358733,Deutschland,DE,dictionary_exact,1.0
40358733,Deutschland,DE,dictionary_exact,1.0
40358733,Deutschland,DE,dictionary_exact,1.0
40358722,Deutschland,DE,dictionary_exact,1.0
40358722,Deutschland,DE,dictionary_exact,1.0
40358722,Deutschland,DE,dictionary_exact,1.0
40358722,Deutschland,DE,dictionary_exact,1.0
40358721,Deutschland,DE,dictionary_exact,1.0
40358721,Deutschland,DE,dictionary_exact,1.0
40358680,Deutschland,DE,dictionary_exact,1.0
40358680,Deutschland,DE,dictionary_exact,1.0
40358680,Deutschland,DE,dictionary_exact,1.0
40358680,Deutschland,DE,dictionary_exact,1.0
40358680,Deutschland,DE,dictionary_exact,1.0
40358680,Deutschland,DE,dictionary_exact,1.0
40358680,USA,US,dictionary_exact,1.0
40358680,Deutschland,DE,dictionary_exact,1.0
40358680,Deutschland,DE,dictionary_exact,1.0
40358680,Deutschland,DE,dictionary_exact,1.0
40358679,Deutschland,DE,dictionary_exact,1.0
40358640,Deutschland,DE,dictionary_exact,1.0
40358640,Deutschland,DE,dictionary_exact,1.0
40355732,Deutschland,DE,dictionary_exact,1.0
40355634,Deutschland,DE,dictionary_exact,1.0
40355629,Deutschland,DE,dictionary_exact,1.0
40355629,Deutschland,DE,dictionary_exact,1.0
40355629,Deutschland,DE,dictionary_exact,1.0
40355107,Germany,DE,pycountry_exact,0.95
40355107,Germany,DE,pycountry_exact,0.95
40355107,Germany,DE,pycountry_exact,0.95
40355107,Germany,DE,pycountry_exact,0.95
40355107,Germany,DE,pycountry_exact,0.95
40354786,Deutschland,DE,dictionary_exact,1.0
40354786,Deutschland,DE,dictionary_exact,1.0
40354786,Deutschland,DE,dictionary_exact,1.0
40354786,Deutschland,DE,dictionary_exact,1.0
40354786,Deutschland,DE,dictionary_exact,1.0
40354786,Deutschland,DE,dictionary_exact,1.0
40354786,Deutschland,DE,dictionary_exact,1.0
40354786,Deutschland,DE,dictionary_exact,1.0
40354786,Deutschland,DE,dictionary_exact,1.0
40354786,Deutschland,DE,dictionary_exact,1.0
40354786,Deutschland,DE,dictionary_exact,1.0
40354786,Deutschland,DE,dictionary_exact,1.0
40354786,Deutschland,DE,dictionary_exact,1.0
40353899,Deutschland,DE,dictionary_exact,1.0
40353899,Deutschland,DE,dictionary_exact,1.0
40353899,Deutschland,DE,dictionary_exact,1.0
40353899,Deutschland,DE,dictionary_exact,1.0
40353898,Deutschland,DE,dictionary_exact,1.0
40353898,Deutschland,DE,dictionary_exact,1.0
40353898,Deutschland,DE,dictionary_exact,1.0
40353898,Deutschland,DE,dictionary_exact,1.0
40353898,Deutschland,DE,dictionary_exact,1.0
40353898,Deutschland,DE,dictionary_exact,1.0
40353894,Deutschland,DE,dictionary_exact,1.0
40353894,Deutschland,DE,dictionary_exact,1.0
40353894,Deutschland,DE,dictionary_exact,1.0
40353894,Deutschland,DE,dictionary_exact,1.0
40353894,Deutschland,DE,dictionary_exact,1.0
40353894,Deutschland,DE,dictionary_exact,1.0
40353890,Deutschland,DE,dictionary_exact,1.0
40353890,Deutschland,DE,dictionary_exact,1.0
40353855,Deutschland,DE,dictionary_exact,1.0
40353855,Deutschland,DE,dictionary_exact,1.0
40346183,Deutschland,DE,dictionary_exact,1.0
40346183,Deutschland,DE,dictionary_exact,1.0
40346183,Deutschland,DE,dictionary_exact,1.0
40346183,Deutschland,DE,dictionary_exact,1.0
40346183,Deutschland,DE,dictionary_exact,1.0
40345234,Deutschland,DE,dictionary_exact,1.0
40345234,Deutschland,DE,dictionary_exact,1.0
40345234,Deutschland,DE,dictionary_exact,1.0
40345234,Deutschland,DE,dictionary_exact,1.0
40345234,Deutschland,DE,dictionary_exact,1.0
40345234,Deutschland,DE,dictionary_exact,1.0
40345234,Deutschland,DE,dictionary_exact,1.0
40345234,Deutschland,DE,dictionary_exact,1.0
40345234,Deutschland,DE,dictionary_exact,1.0
40345234,Deutschland,DE,dictionary_exact,1.0
40343463,Deutschland,DE,dictionary_exact,1.0
40343461,Deutschland,DE,dictionary_exact,1.0
40343449,Deutschland,DE,dictionary_exact,1.0
40343449,Deutschland,DE,dictionary_exact,1.0
40342141,Germany,DE,pycountry_exact,0.95
40342141,Germany,DE,pycountry_exact,0.95
40342141,Germany,DE,pycountry_exact,0.95
40342141,Germany,DE,pycountry_exact,0.95
40342141,Germany,DE,pycountry_exact,0.95
40342141,Germany,DE,pycountry_exact,0.95
40341959,Deutschland,DE,dictionary_exact,1.0
40341959,Deutschland,DE,dictionary_exact,1.0
40340542,Deutschland,DE,dictionary_exact,1.0
40340541,Berlin,DE,pycountry_exact,0.95
40340539,Deutschland,DE,dictionary_exact,1.0
40338349,Deutschland,DE,dictionary_exact,1.0
40338349,Deutschland,DE,dictionary_exact,1.0
40338349,Deutschland,DE,dictionary_exact,1.0
40338298,Deutschland,DE,dictionary_exact,1.0
40338298,Deutschland,DE,dictionary_exact,1.0
40338297,Deutschland,DE,dictionary_exact,1.0
40338297,Deutschland,DE,dictionary_exact,1.0
40338296,Deutschland,DE,dictionary_exact,1.0
40338296,Deutschland,DE,dictionary_exact,1.0
40336450,Universität Bern,CH,geonames_word,0.8
40336449,Schweiz,CH,dictionary_exact,1.0
40336449,Schweiz,CH,dictionary_exact,1.0
40336448,Schweiz,CH,dictionary_exact,1.0
40336448,Schweiz,CH,dictionary_exact,1.0
40336448,Schweiz,CH,dictionary_exact,1.0
40336448,https://orcid.org/0000-0001-9210-2802,not found,Not found,0.0
40336448,https://orcid.org/0000-0001-8659-1304,not found,Not found,0.0
40336447,Schweiz,CH,dictionary_exact,1.0
40336447,Schweiz,CH,dictionary_exact,1.0
40336447,Schweiz,CH,dictionary_exact,1.0
40336446,Schweiz,CH,dictionary_exact,1.0
40336446,Schweiz,CH,dictionary_exact,1.0
40336446,Universitätsinstitut für Diagnostische und Interventionelle Neuroradiologie,AF,geonames_word,0.8
40336446,Schweiz,CH,dictionary_exact,1.0
40336446,Schweiz,CH,dictionary_exact,1.0
40336445,Schweiz,CH,dictionary_exact,1.0
40336445,Schweiz,CH,dictionary_exact,1.0
40336445,Schweiz,CH,dictionary_exact,1.0
40336445,Schweiz,CH,dictionary_exact,1.0
40336445,Schweiz,CH,dictionary_exact,1.0
40336445,Schweiz,CH,dictionary_exact,1.0
40336445,Zürich Schweiz,CH,geonames_word,0.8
40336445,Schweiz,CH,dictionary_exact,1.0
40336445,Schweiz,CH,dictionary_exact,1.0
40336445,Deutschland,DE,dictionary_exact,1.0
40336445,Schweiz,CH,dictionary_exact,1.0
40336392,Zürich,CH,pycountry_exact,0.95
40336391,Swiss Memory Clinics (SMC),not found,Not found,0.0
40336391,Schweizerische Gesellschaft für Alterspsychiatrie und -psychotherapie (SGAP),AF,geonames_word,0.8
40336391,Schweizerische Fachgesellschaft für Geriatrie (SFGG),not found,Not found,0.0
40336391,Schweizerische Vereinigung für Neuropsychologie (SVNP),not found,Not found,0.0
40336391,Schweizerische Neurologische Gesellschaft (SNG),not found,Not found,0.0
40336391,Spitalzentrum Biel,CH,geonames_word,0.8
40336391,mediX Gruppenpraxis Zürich,CH,geonames_word,0.8
40336391,Centre hospitalier universitaire vaudois,not found,Not found,0.0
40336391,Schweizerische Gesellschaft für Nuklearmedizin (SGNM),not found,Not found,0.0
40336391,Schweizerische Gesellschaft für Verkehrspsychologie,not found,Not found,0.0
40336391,Swiss Insurance Medicine (SIM),not found,Not found,0.0
40336391,Psychiatrische Universitätsklinik Zürich,CH,geonames_word,0.8
40336391,Schweizerische Gesellschaft für Neuroradiologie,not found,Not found,0.0
40336391,Psychiatrische Dienste Aargau AG,MY,geonames_word,0.8
40336390,Clarunis Universitäres Bauchzentrum Basel und Gastroenterologie Praxis Basel,CH,geonames_word,0.8
40336390,Cantonal Hospital St. Gallen,FR,geonames_word,0.8
40336390,Swiss Society for Infectious Diseases,BR,geonames_word,0.8
40336390,Universitätsspital Zürich,CH,geonames_word,0.8
40336390,Swiss expert group on Infective Endocarditis Prevention,not found,Not found,0.0
40336389,Kantonsspital St. Gallen,FR,geonames_word,0.8
40336389,Universitätsspital Zürich,CH,geonames_word,0.8
40336389,Kantonsspital St. Gallen,FR,geonames_word,0.8
40336388,HOCH Kantonsspital St. Gallen,FR,geonames_word,0.8
40336387,Rämistrasse 100,not found,Not found,0.0
40336386,Inselspital Bern,CH,geonames_word,0.8
40336385,Schweiz,CH,dictionary_exact,1.0
40336385,Schweiz,CH,dictionary_exact,1.0
40336385,Schweiz,CH,dictionary_exact,1.0
40336385,Schweiz,CH,dictionary_exact,1.0
40336384,St. Gallen,CH,geonames_exact,0.9
40336384,St. Gallen,CH,geonames_exact,0.9
40336384,St. Gallen,CH,geonames_exact,0.9
40336384,St. Gallen,CH,geonames_exact,0.9
40335648,Deutschland,DE,dictionary_exact,1.0
40335648,Deutschland,DE,dictionary_exact,1.0
40335648,Deutschland,DE,dictionary_exact,1.0
40335648,Deutschland,DE,dictionary_exact,1.0
40335648,Deutschland,DE,dictionary_exact,1.0
40335338,Deutschland,DE,dictionary_exact,1.0
40335338,Deutschland,DE,dictionary_exact,1.0
40335338,Deutschland,DE,dictionary_exact,1.0
40334701,Germany,DE,pycountry_exact,0.95
40334701,Germany,DE,pycountry_exact,0.95
40334701,Germany,DE,pycountry_exact,0.95
40334701,Germany,DE,pycountry_exact,0.95
40334693,Schweiz,CH,dictionary_exact,1.0
40334687,Germany,DE,pycountry_exact,0.95
40334687,Germany,DE,pycountry_exact,0.95
40334687,Germany,DE,pycountry_exact,0.95
40332595,Deutschland,DE,dictionary_exact,1.0
40332595,Deutschland,DE,dictionary_exact,1.0
40332595,Deutschland,DE,dictionary_exact,1.0
40332578,Deutschland,DE,dictionary_exact,1.0
40332578,Deutschland,DE,dictionary_exact,1.0
40332578,Deutschland,DE,dictionary_exact,1.0
40332577,Deutschland,DE,dictionary_exact,1.0
40332576,Deutschland,DE,dictionary_exact,1.0
40332550,Deutschland,DE,dictionary_exact,1.0
40332550,Deutschland,DE,dictionary_exact,1.0
40329105,Deutschland,DE,dictionary_exact,1.0
40329075,Deutschland,DE,dictionary_exact,1.0
40329075,Deutschland,DE,dictionary_exact,1.0
40329075,Deutschland,DE,dictionary_exact,1.0
40329075,Deutschland,DE,dictionary_exact,1.0
40329075,Deutschland,DE,dictionary_exact,1.0
40329075,Deutschland,DE,dictionary_exact,1.0
40329074,Deutschland,DE,dictionary_exact,1.0
40329074,Deutschland,DE,dictionary_exact,1.0
40328965,Deutschland,DE,dictionary_exact,1.0
40328965,Deutschland,DE,dictionary_exact,1.0
40328965,Deutschland,DE,dictionary_exact,1.0
40328965,Deutschland,DE,dictionary_exact,1.0
40328965,Deutschland,DE,dictionary_exact,1.0
40328935,Deutschland,DE,dictionary_exact,1.0
40328935,Deutschland,DE,dictionary_exact,1.0
40328935,Deutschland,DE,dictionary_exact,1.0
40328458,Schweiz,CH,dictionary_exact,1.0
40328458,Deutschland,DE,dictionary_exact,1.0
40328458,Deutschland,DE,dictionary_exact,1.0
40328458,Deutschland,DE,dictionary_exact,1.0
40328458,Österreich,AT,dictionary_exact,1.0
40328458,Deutschland,DE,dictionary_exact,1.0
40328458,Schweiz,CH,dictionary_exact,1.0
40328280,Germany,DE,pycountry_exact,0.95
40328280,Germany,DE,pycountry_exact,0.95
40328280,Germany,DE,pycountry_exact,0.95
40328280,Germany,DE,pycountry_exact,0.95
40328271,Schweiz,CH,dictionary_exact,1.0
40328271,Schweiz,CH,dictionary_exact,1.0
40328267,Universität Witten/Herdecke,not found,Not found,0.0
40327112,Schweiz,CH,dictionary_exact,1.0
40327112,Deutschland,DE,dictionary_exact,1.0
40327112,Schweiz,CH,dictionary_exact,1.0
40327112,Deutschland,DE,dictionary_exact,1.0
40327112,Deutschland,DE,dictionary_exact,1.0
40327112,Deutschland,DE,dictionary_exact,1.0
40327096,Deutschland,DE,dictionary_exact,1.0
40327096,Deutschland,DE,dictionary_exact,1.0
40327092,Deutschland,DE,dictionary_exact,1.0
40327092,Deutschland,DE,dictionary_exact,1.0
40327092,Deutschland,DE,dictionary_exact,1.0
40327092,Deutschland,DE,dictionary_exact,1.0
40327091,Deutschland,DE,dictionary_exact,1.0
40327091,Deutschland,DE,dictionary_exact,1.0
40327091,Deutschland,DE,dictionary_exact,1.0
40327091,Deutschland,DE,dictionary_exact,1.0
40327077,Österreich,AT,dictionary_exact,1.0
40327077,Schweiz,CH,dictionary_exact,1.0
40327073,Deutschland,DE,dictionary_exact,1.0
40327064,Deutschland,DE,dictionary_exact,1.0
40327064,Deutschland,DE,dictionary_exact,1.0
40325269,Deutschland,DE,dictionary_exact,1.0
40325269,Frankreich,FR,dictionary_exact,1.0
40325249,Deutschland,DE,dictionary_exact,1.0
40325229,Deutschland,DE,dictionary_exact,1.0
40325229,Deutschland,DE,dictionary_exact,1.0
40325229,Deutschland,DE,dictionary_exact,1.0
40325228,Deutschland,DE,dictionary_exact,1.0
40325228,Deutschland,DE,dictionary_exact,1.0
40325228,Deutschland,DE,dictionary_exact,1.0
40325228,Deutschland,DE,dictionary_exact,1.0
40325228,Deutschland,DE,dictionary_exact,1.0
40325228,Deutschland,DE,dictionary_exact,1.0
40324462,Germany,DE,pycountry_exact,0.95
40324462,Germany,DE,pycountry_exact,0.95
40324458,Germany,DE,pycountry_exact,0.95
40324458,Germany,DE,pycountry_exact,0.95
40324457,Deutschland,DE,dictionary_exact,1.0
40324456,Germany,DE,pycountry_exact,0.95
40324456,Canada,CA,pycountry_exact,0.95
40324456,Germany,DE,pycountry_exact,0.95
40324453,Chirurgische Klinik Campus Charité Mitte,DE,geonames_word,0.8
40324453,Deutschland,DE,dictionary_exact,1.0
40324453,Deutschland,DE,dictionary_exact,1.0
40324452,Deutschland,DE,dictionary_exact,1.0
40324441,Universitätsmedizin Rostock,DE,geonames_word,0.8
40324441,Technische Universität Dresden,DE,geonames_word,0.8
40324429,Germany,DE,pycountry_exact,0.95
40324429,Germany,DE,pycountry_exact,0.95
40324429,Germany,DE,pycountry_exact,0.95
40324415,Universität Mannheim,DE,geonames_word,0.8
40324414,Universitätsklinikum Jena,DE,geonames_word,0.8
40324414,Universität Trier,DE,geonames_word,0.8
40324403,Deutschland,DE,dictionary_exact,1.0
40324403,Deutschland,DE,dictionary_exact,1.0
40323484,Österreich,AT,dictionary_exact,1.0
40323484,Österreich,AT,dictionary_exact,1.0
40323484,Italien,IT,dictionary_exact,1.0
40323484,Österreich,AT,dictionary_exact,1.0
40323484,Österreich,AT,dictionary_exact,1.0
40323484,Österreich,AT,dictionary_exact,1.0
40323484,Italien,IT,dictionary_exact,1.0
40323484,Italien,IT,dictionary_exact,1.0
40323484,Österreich,AT,dictionary_exact,1.0
40323421,Deutschland,DE,dictionary_exact,1.0
40323421,Deutschland,DE,dictionary_exact,1.0
40323421,Deutschland,DE,dictionary_exact,1.0
40323420,Deutschland,DE,dictionary_exact,1.0
40323420,Deutschland,DE,dictionary_exact,1.0
40323420,Deutschland,DE,dictionary_exact,1.0
40323420,Deutschland,DE,dictionary_exact,1.0
40323420,Deutschland,DE,dictionary_exact,1.0
40323420,Deutschland,DE,dictionary_exact,1.0
40323420,Deutschland,DE,dictionary_exact,1.0
40323420,Deutschland,DE,dictionary_exact,1.0
40323420,Deutschland,DE,dictionary_exact,1.0
40323420,Deutschland,DE,dictionary_exact,1.0
40323420,Deutschland,DE,dictionary_exact,1.0
40323420,Deutschland,DE,dictionary_exact,1.0
40323420,Deutschland,DE,dictionary_exact,1.0
40323420,Deutschland,DE,dictionary_exact,1.0
40323420,Deutschland,DE,dictionary_exact,1.0
40323420,Deutschland,DE,dictionary_exact,1.0
40323420,Deutschland,DE,dictionary_exact,1.0
40323420,Deutschland,DE,dictionary_exact,1.0
40323420,Deutschland,DE,dictionary_exact,1.0
40323420,Deutschland,DE,dictionary_exact,1.0
40323420,Deutschland,DE,dictionary_exact,1.0
40323411,Deutschland,DE,dictionary_exact,1.0
40323411,Deutschland,DE,dictionary_exact,1.0
40323410,Deutschland,DE,dictionary_exact,1.0
40323410,Deutschland,DE,dictionary_exact,1.0
40323410,Deutschland,DE,dictionary_exact,1.0
40323406,Deutschland,DE,dictionary_exact,1.0
40323406,Deutschland,DE,dictionary_exact,1.0
40323406,Deutschland,DE,dictionary_exact,1.0
40323406,Deutschland,DE,dictionary_exact,1.0
40323401,Deutschland,DE,dictionary_exact,1.0
40323401,Deutschland,DE,dictionary_exact,1.0
40323399,Deutschland,DE,dictionary_exact,1.0
40323399,Deutschland,DE,dictionary_exact,1.0
40323398,Deutschland,DE,dictionary_exact,1.0
40323398,Deutschland,DE,dictionary_exact,1.0
40323398,Deutschland,DE,dictionary_exact,1.0
40323398,Deutschland,DE,dictionary_exact,1.0
40323398,Deutschland,DE,dictionary_exact,1.0
40323391,Deutschland,DE,dictionary_exact,1.0
40323391,Österreich,AT,dictionary_exact,1.0
40323380,Deutschland,DE,dictionary_exact,1.0
40323379,Deutschland,DE,dictionary_exact,1.0
40323379,Deutschland,DE,dictionary_exact,1.0
40323379,Deutschland,DE,dictionary_exact,1.0
40323369,Deutschland,DE,dictionary_exact,1.0
40323369,Deutschland,DE,dictionary_exact,1.0
40320331,Deutschland,DE,dictionary_exact,1.0
40320331,Deutschland,DE,dictionary_exact,1.0
40320331,Deutschland,DE,dictionary_exact,1.0
40320331,Deutschland,DE,dictionary_exact,1.0
40320331,Deutschland,DE,dictionary_exact,1.0
40318941,Deutschland,DE,dictionary_exact,1.0
40318941,Deutschland,DE,dictionary_exact,1.0
40318940,Kanada,CA,dictionary_exact,1.0
40318940,Kanada,CA,dictionary_exact,1.0
40318940,Südafrika,ZA,dictionary_exact,1.0
40318940,Australien,AU,dictionary_exact,1.0
40318940,Vereinigtes Königreich,not found,Not found,0.0
40318940,Deutschland,DE,dictionary_exact,1.0
40315858,Lübbecke,DE,geonames_exact,0.9
40315858,United Kingdom,GB,pycountry_exact,0.95
40314823,Schweiz,CH,dictionary_exact,1.0
40314823,Schweiz,CH,dictionary_exact,1.0
40314823,Schweiz,CH,dictionary_exact,1.0
40314823,Schweiz,CH,dictionary_exact,1.0
40314823,Schweiz,CH,dictionary_exact,1.0
40314821,Deutschland,DE,dictionary_exact,1.0
40314820,Deutschland,DE,dictionary_exact,1.0
40314820,Deutschland,DE,dictionary_exact,1.0
40314819,Deutschland,DE,dictionary_exact,1.0
40314819,Deutschland,DE,dictionary_exact,1.0
40314819,Deutschland,DE,dictionary_exact,1.0
40314804,Deutschland,DE,dictionary_exact,1.0
40314804,Deutschland,DE,dictionary_exact,1.0
40314804,Deutschland,DE,dictionary_exact,1.0
40314804,Deutschland,DE,dictionary_exact,1.0
40314804,Deutschland,DE,dictionary_exact,1.0
40314770,Deutschland,DE,dictionary_exact,1.0
40314770,Deutschland,DE,dictionary_exact,1.0
40314757,Deutschland,DE,dictionary_exact,1.0
40314757,Deutschland,DE,dictionary_exact,1.0
40314757,Deutschland,DE,dictionary_exact,1.0
40314735,Deutschland,DE,dictionary_exact,1.0
40312953,Schweiz,CH,dictionary_exact,1.0
40312951,Universität Bern,CH,geonames_word,0.8
40312951,Universität Bern,CH,geonames_word,0.8
40312951,Zug,CH,pycountry_exact,0.95
40312951,Universität Bern,CH,geonames_word,0.8
40312653,Deutschland,DE,dictionary_exact,1.0
40312652,Deutschland,DE,dictionary_exact,1.0
40312651,Deutschland,DE,dictionary_exact,1.0
40312650,Deutschland,DE,dictionary_exact,1.0
40312649,Deutschland,DE,dictionary_exact,1.0
40312648,Deutschland,DE,dictionary_exact,1.0
40312647,Österreich,AT,dictionary_exact,1.0
40312647,Österreich,AT,dictionary_exact,1.0
40312646,Deutschland,DE,dictionary_exact,1.0
40312646,Deutschland,DE,dictionary_exact,1.0
40312645,Germany,DE,pycountry_exact,0.95
40312645,Germany,DE,pycountry_exact,0.95
40312644,Deutschland,DE,dictionary_exact,1.0
40312644,Deutschland,DE,dictionary_exact,1.0
40312643,Deutschland,DE,dictionary_exact,1.0
40312642,Deutschland,DE,dictionary_exact,1.0
40312641,Deutschland,DE,dictionary_exact,1.0
40312641,Deutschland,DE,dictionary_exact,1.0
40312640,Deutschland,DE,dictionary_exact,1.0
40312640,Deutschland,DE,dictionary_exact,1.0
40312640,Deutschland,DE,dictionary_exact,1.0
40312639,Deutschland,DE,dictionary_exact,1.0
40312638,Deutschland,DE,dictionary_exact,1.0
40312637,Deutschland,DE,dictionary_exact,1.0
40312636,Deutschland,DE,dictionary_exact,1.0
40312635,Deutschland,DE,dictionary_exact,1.0
40312634,Deutschland,DE,dictionary_exact,1.0
40312633,Deutschland,DE,dictionary_exact,1.0
40312632,Deutschland,DE,dictionary_exact,1.0
40312631,Deutschland,DE,dictionary_exact,1.0
40312630,Deutschland,DE,dictionary_exact,1.0
40312629,Deutschland,DE,dictionary_exact,1.0
40312628,Deutschland,DE,dictionary_exact,1.0
40312627,Deutschland,DE,dictionary_exact,1.0
40312626,Deutschland,DE,dictionary_exact,1.0
40312625,Deutschland,DE,dictionary_exact,1.0
40312624,Deutschland,DE,dictionary_exact,1.0
40312623,Deutschland,DE,dictionary_exact,1.0
40312622,Deutschland,DE,dictionary_exact,1.0
40312621,Deutschland,DE,dictionary_exact,1.0
40312620,Deutschland,DE,dictionary_exact,1.0
40312619,Deutschland,DE,dictionary_exact,1.0
40312618,Deutschland,DE,dictionary_exact,1.0
40312617,Deutschland,DE,dictionary_exact,1.0
40312616,Deutschland,DE,dictionary_exact,1.0
40312615,Deutschland,DE,dictionary_exact,1.0
40312614,Deutschland,DE,dictionary_exact,1.0
40312613,Deutschland,DE,dictionary_exact,1.0
40312612,Deutschland,DE,dictionary_exact,1.0
40312611,Deutschland,DE,dictionary_exact,1.0
40312611,Deutschland,DE,dictionary_exact,1.0
40312610,Deutschland,DE,dictionary_exact,1.0
40312609,Deutschland,DE,dictionary_exact,1.0
40307494,Deutschland,DE,dictionary_exact,1.0
40307086,Deutschland,DE,dictionary_exact,1.0
40307086,Deutschland,DE,dictionary_exact,1.0
40306694,Deutschland,DE,dictionary_exact,1.0
40306663,Deutschland,DE,dictionary_exact,1.0
40306659,Germany,DE,pycountry_exact,0.95
40306659,Germany,DE,pycountry_exact,0.95
40306648,Germany,DE,pycountry_exact,0.95
40306648,Germany,DE,pycountry_exact,0.95
40306648,Germany,DE,pycountry_exact,0.95
40306648,Belgium,BE,pycountry_exact,0.95
40306647,Germany,DE,pycountry_exact,0.95
40306647,Germany,DE,pycountry_exact,0.95
40306647,Germany,DE,pycountry_exact,0.95
40306623,Germany,DE,pycountry_exact,0.95
40306623,Germany,DE,pycountry_exact,0.95
40306623,Germany,DE,pycountry_exact,0.95
40306623,Germany,DE,pycountry_exact,0.95
40304786,Österreich,AT,dictionary_exact,1.0
40304786,Deutschland,DE,dictionary_exact,1.0
40304767,Deutschland,DE,dictionary_exact,1.0
40304764,Deutschland,DE,dictionary_exact,1.0
40304764,Deutschland,DE,dictionary_exact,1.0
40304761,Deutschland,DE,dictionary_exact,1.0
40304761,Deutschland,DE,dictionary_exact,1.0
40304761,Deutschland,DE,dictionary_exact,1.0
40304761,Niederlande,NL,dictionary_exact,1.0
40304761,Polen,PL,dictionary_exact,1.0
40304761,Deutschland,DE,dictionary_exact,1.0
40304741,Deutschland,DE,dictionary_exact,1.0
40304741,Deutschland,DE,dictionary_exact,1.0
40304741,Deutschland,DE,dictionary_exact,1.0
40304740,Deutschland,DE,dictionary_exact,1.0
40304740,Deutschland,DE,dictionary_exact,1.0
40304738,Deutschland,DE,dictionary_exact,1.0
40304738,Deutschland,DE,dictionary_exact,1.0
40304730,Deutschland,DE,dictionary_exact,1.0
40304730,Deutschland,DE,dictionary_exact,1.0
40301172,Deutschland,DE,dictionary_exact,1.0
40301172,Deutschland,DE,dictionary_exact,1.0
40301171,Deutschland,DE,dictionary_exact,1.0
40301171,Österreich,AT,dictionary_exact,1.0
40300642,Germany,DE,pycountry_exact,0.95
40300642,Germany,DE,pycountry_exact,0.95
40300641,Germany,DE,pycountry_exact,0.95
40300641,Germany,DE,pycountry_exact,0.95
40300634,Germany,DE,pycountry_exact,0.95
40300634,Germany,DE,pycountry_exact,0.95
40299038,Deutschland,DE,dictionary_exact,1.0
40299038,Deutschland,DE,dictionary_exact,1.0
40299005,Deutschland,DE,dictionary_exact,1.0
40299005,Deutschland,DE,dictionary_exact,1.0
40299005,Deutschland,DE,dictionary_exact,1.0
40299005,Österreich,AT,dictionary_exact,1.0
40299001,Deutschland,DE,dictionary_exact,1.0
40298978,Deutschland,DE,dictionary_exact,1.0
40298978,Österreich,AT,dictionary_exact,1.0
40298972,Deutschland,DE,dictionary_exact,1.0
40298972,Deutschland,DE,dictionary_exact,1.0
40298972,Deutschland,DE,dictionary_exact,1.0
40298971,Deutschland,DE,dictionary_exact,1.0
40298971,Deutschland,DE,dictionary_exact,1.0
40298970,Deutschland,DE,dictionary_exact,1.0
40298970,Deutschland,DE,dictionary_exact,1.0
40298969,Deutschland,DE,dictionary_exact,1.0
40298967,Irland,IE,dictionary_exact,1.0
40298967,Irland,IE,dictionary_exact,1.0
40298967,Deutschland,DE,dictionary_exact,1.0
40298965,Deutschland,DE,dictionary_exact,1.0
40298965,Deutschland,DE,dictionary_exact,1.0
40298965,Deutschland,DE,dictionary_exact,1.0
40298962,Deutschland,DE,dictionary_exact,1.0
40298962,Deutschland,DE,dictionary_exact,1.0
40298962,Deutschland,DE,dictionary_exact,1.0
40298962,Deutschland,DE,dictionary_exact,1.0
40295348,Deutschland,DE,dictionary_exact,1.0
40295348,Deutschland,DE,dictionary_exact,1.0
40295348,Deutschland,DE,dictionary_exact,1.0
40295348,Deutschland,DE,dictionary_exact,1.0
40295348,Deutschland,DE,dictionary_exact,1.0
40295348,Deutschland,DE,dictionary_exact,1.0
40295348,Deutschland,DE,dictionary_exact,1.0
40295324,Deutschland,DE,dictionary_exact,1.0
40295324,Deutschland,DE,dictionary_exact,1.0
40295324,Deutschland,DE,dictionary_exact,1.0
40294596,Deutschland,DE,dictionary_exact,1.0
40294596,Deutschland,DE,dictionary_exact,1.0
40294596,Deutschland,DE,dictionary_exact,1.0
40294596,Deutschland,DE,dictionary_exact,1.0
40293527,Deutschland,DE,dictionary_exact,1.0
40293527,Deutschland,DE,dictionary_exact,1.0
40293496,Deutschland,DE,dictionary_exact,1.0
40293496,Deutschland,DE,dictionary_exact,1.0
40293494,Deutschland,DE,dictionary_exact,1.0
40293494,Deutschland,DE,dictionary_exact,1.0
40293494,Deutschland,DE,dictionary_exact,1.0
40293493,Deutschland,DE,dictionary_exact,1.0
40293493,Deutschland,DE,dictionary_exact,1.0
40293490,Deutschland,DE,dictionary_exact,1.0
40293490,Deutschland,DE,dictionary_exact,1.0
40293489,Deutschland,DE,dictionary_exact,1.0
40293489,Deutschland,DE,dictionary_exact,1.0
40293489,Deutschland,DE,dictionary_exact,1.0
40293488,Deutschland,DE,dictionary_exact,1.0
40293488,Deutschland,DE,dictionary_exact,1.0
40293486,Deutschland,DE,dictionary_exact,1.0
40293486,Deutschland,DE,dictionary_exact,1.0
40293484,Deutschland,DE,dictionary_exact,1.0
40293484,Deutschland,DE,dictionary_exact,1.0
40293484,Deutschland,DE,dictionary_exact,1.0
40293484,Deutschland,DE,dictionary_exact,1.0
40293484,Deutschland,DE,dictionary_exact,1.0
40293484,Deutschland,DE,dictionary_exact,1.0
40293483,Deutschland,DE,dictionary_exact,1.0
40293483,Deutschland,DE,dictionary_exact,1.0
40293482,Deutschland,DE,dictionary_exact,1.0
40293482,Deutschland,DE,dictionary_exact,1.0
40293480,Deutschland,DE,dictionary_exact,1.0
40293480,Deutschland,DE,dictionary_exact,1.0
40293467,Deutschland,DE,dictionary_exact,1.0
40293467,Deutschland,DE,dictionary_exact,1.0
40293467,Deutschland,DE,dictionary_exact,1.0
40293466,Deutschland,DE,dictionary_exact,1.0
40293466,Deutschland,DE,dictionary_exact,1.0
40293466,Deutschland,DE,dictionary_exact,1.0
40293466,Deutschland,DE,dictionary_exact,1.0
40293458,Deutschland,DE,dictionary_exact,1.0
40293458,Deutschland,DE,dictionary_exact,1.0
40293458,Deutschland,DE,dictionary_exact,1.0
40293458,Deutschland,DE,dictionary_exact,1.0
40293458,Deutschland,DE,dictionary_exact,1.0
40293457,Deutschland,DE,dictionary_exact,1.0
40293457,Deutschland,DE,dictionary_exact,1.0
40293451,Deutschland,DE,dictionary_exact,1.0
40293451,Deutschland,DE,dictionary_exact,1.0
40280173,Marburg,DE,geonames_exact,0.9
40280172,von Bodelschwinghsche Stiftungen Bethel,US,geonames_word,0.8
40280172,Hochschule für angewandte Wissenschaften Landshut,DE,geonames_word,0.8
40280172,Universitätsklinikum Ulm,DE,geonames_word,0.8
40280168,Germany,DE,pycountry_exact,0.95
40278879,Deutschland,DE,dictionary_exact,1.0
40278879,Deutschland,DE,dictionary_exact,1.0
40278879,Deutschland,DE,dictionary_exact,1.0
40278879,Deutschland,DE,dictionary_exact,1.0
40278879,Deutschland,DE,dictionary_exact,1.0
40278879,Deutschland,DE,dictionary_exact,1.0
40278879,Deutschland,DE,dictionary_exact,1.0
40278879,Deutschland,DE,dictionary_exact,1.0
40278879,Deutschland,DE,dictionary_exact,1.0
40278879,Deutschland,DE,dictionary_exact,1.0
40278879,Deutschland,DE,dictionary_exact,1.0
40278879,Deutschland,DE,dictionary_exact,1.0
40278879,Deutschland,DE,dictionary_exact,1.0
40278879,Deutschland,DE,dictionary_exact,1.0
40278869,Deutschland,DE,dictionary_exact,1.0
40278869,Deutschland,DE,dictionary_exact,1.0
40274654,Deutschland,DE,dictionary_exact,1.0
40274654,Deutschland,DE,dictionary_exact,1.0
40274480,Deutschland,DE,dictionary_exact,1.0
40274480,Deutschland,DE,dictionary_exact,1.0
40274480,Deutschland,DE,dictionary_exact,1.0
40274480,Deutschland,DE,dictionary_exact,1.0
40274480,Deutschland,DE,dictionary_exact,1.0
40273926,Deutschland,DE,dictionary_exact,1.0
40273925,Österreich,AT,dictionary_exact,1.0
40272550,Deutschland,DE,dictionary_exact,1.0
40272550,Deutschland,DE,dictionary_exact,1.0
40272550,Deutschland,DE,dictionary_exact,1.0
40272549,Deutschland,DE,dictionary_exact,1.0
40272549,Deutschland,DE,dictionary_exact,1.0
40272536,Deutschland,DE,dictionary_exact,1.0
40272536,Deutschland,DE,dictionary_exact,1.0
40272536,Deutschland,DE,dictionary_exact,1.0
40272536,Deutschland,DE,dictionary_exact,1.0
40272536,Deutschland,DE,dictionary_exact,1.0
40272536,Deutschland,DE,dictionary_exact,1.0
40272536,Südkorea,not found,Not found,0.0
40272536,Deutschland,DE,dictionary_exact,1.0
40272533,Deutschland,DE,dictionary_exact,1.0
40272533,Deutschland,DE,dictionary_exact,1.0
40272533,Deutschland,DE,dictionary_exact,1.0
40272533,Deutschland,DE,dictionary_exact,1.0
40272532,Deutschland,DE,dictionary_exact,1.0
40272532,Deutschland,DE,dictionary_exact,1.0
40272532,Deutschland,DE,dictionary_exact,1.0
40272532,Deutschland,DE,dictionary_exact,1.0
40272532,Deutschland,DE,dictionary_exact,1.0
40272506,Deutschland,DE,dictionary_exact,1.0
40272506,Deutschland,DE,dictionary_exact,1.0
40272477,Deutschland,DE,dictionary_exact,1.0
40272477,Deutschland,DE,dictionary_exact,1.0
40272477,Deutschland,DE,dictionary_exact,1.0
40272477,Deutschland,DE,dictionary_exact,1.0
40272477,Deutschland,DE,dictionary_exact,1.0
40272474,Deutschland,DE,dictionary_exact,1.0
40272474,Deutschland,DE,dictionary_exact,1.0
40272474,Deutschland,DE,dictionary_exact,1.0
40272470,Deutschland,DE,dictionary_exact,1.0
40272470,Deutschland,DE,dictionary_exact,1.0
40272470,Deutschland,DE,dictionary_exact,1.0
40272470,Deutschland,DE,dictionary_exact,1.0
40272470,Deutschland,DE,dictionary_exact,1.0
40272470,Deutschland,DE,dictionary_exact,1.0
40272470,Deutschland,DE,dictionary_exact,1.0
40272462,Österreich,AT,dictionary_exact,1.0
40272462,Österreich,AT,dictionary_exact,1.0
40268801,Deutschland,DE,dictionary_exact,1.0
40268801,Deutschland,DE,dictionary_exact,1.0
40268765,Deutschland,DE,dictionary_exact,1.0
40268765,Deutschland,DE,dictionary_exact,1.0
40268764,Deutschland,DE,dictionary_exact,1.0
40268764,Deutschland,DE,dictionary_exact,1.0
40268575,Deutschland,DE,dictionary_exact,1.0
40268575,Deutschland,DE,dictionary_exact,1.0
40268575,Deutschland,DE,dictionary_exact,1.0
40268575,Deutschland,DE,dictionary_exact,1.0
40267968,Germany,DE,pycountry_exact,0.95
40267968,Germany,DE,pycountry_exact,0.95
40267950,Deutschland,DE,dictionary_exact,1.0
40267948,Deutschland,DE,dictionary_exact,1.0
40267947,Deutschland,DE,dictionary_exact,1.0
40266370,Deutschland,DE,dictionary_exact,1.0
40266370,Deutschland,DE,dictionary_exact,1.0
40266318,Österreich,AT,dictionary_exact,1.0
40266318,Deutschland,DE,dictionary_exact,1.0
40266318,Deutschland,DE,dictionary_exact,1.0
40266318,Österreich,AT,dictionary_exact,1.0
40263147,Deutschland,DE,dictionary_exact,1.0
40263147,Deutschland,DE,dictionary_exact,1.0
40263147,Deutschland,DE,dictionary_exact,1.0
40263147,Deutschland,DE,dictionary_exact,1.0
40262780,BKH Günzburg,DE,geonames_word,0.8
40262780,Universität Ulm,DE,geonames_word,0.8
40262780,Christian-Albrechts-Universität zu Kiel,DE,geonames_word,0.8
40262780,Schön Klinik Rendsburg,DE,geonames_word,0.8
40262779,Kliniken der Heinrich-Heine-Universität Düsseldorf,DE,geonames_word,0.8
40262779,Kliniken der Heinrich-Heine-Universität Düsseldorf,DE,geonames_word,0.8
40262779,Düsseldorf,DE,geonames_exact,0.9
40262769,Klinikum rechts der Isar der Technischen Universität München,DE,geonames_word,0.8
40262769,BG Unfallklinik Murnau,not found,Not found,0.0
40262768,Universitätsklinikum Jena,DE,geonames_word,0.8
40262768,Gera,TZ,pycountry_exact,0.95
40262757,GERMANY,DE,pycountry_exact,0.95
40262756,GERMANY,DE,pycountry_exact,0.95
40262752,Bad Nauheim,DE,geonames_exact,0.9
40261404,Deutschland,DE,dictionary_exact,1.0
40261404,Deutschland,DE,dictionary_exact,1.0
40261404,Deutschland,DE,dictionary_exact,1.0
40261404,Deutschland,DE,dictionary_exact,1.0
40261400,Deutschland,DE,dictionary_exact,1.0
40261378,Deutschland,DE,dictionary_exact,1.0
40261378,Deutschland,DE,dictionary_exact,1.0
40261365,Deutschland,DE,dictionary_exact,1.0
40261365,Deutschland,DE,dictionary_exact,1.0
40261365,Deutschland,DE,dictionary_exact,1.0
40261365,Deutschland,DE,dictionary_exact,1.0
40261365,Österreich,AT,dictionary_exact,1.0
40261365,Deutschland,DE,dictionary_exact,1.0
40261364,Deutschland,DE,dictionary_exact,1.0
40261364,Deutschland,DE,dictionary_exact,1.0
40261364,Deutschland,DE,dictionary_exact,1.0
40261364,Deutschland,DE,dictionary_exact,1.0
40261363,Deutschland,DE,dictionary_exact,1.0
40261363,Deutschland,DE,dictionary_exact,1.0
40261363,Deutschland,DE,dictionary_exact,1.0
40261363,Deutschland,DE,dictionary_exact,1.0
40261362,Deutschland,DE,dictionary_exact,1.0
40261362,Deutschland,DE,dictionary_exact,1.0
40261362,Deutschland,DE,dictionary_exact,1.0
40261362,Deutschland,DE,dictionary_exact,1.0
40261346,Deutschland,DE,dictionary_exact,1.0
40261344,Deutschland,DE,dictionary_exact,1.0
40261344,Deutschland,DE,dictionary_exact,1.0
40261330,Schweiz,CH,dictionary_exact,1.0
40261330,Schweiz,CH,dictionary_exact,1.0
40261329,Österreich,AT,dictionary_exact,1.0
40261329,Österreich,AT,dictionary_exact,1.0
40253248,Deutschland,DE,dictionary_exact,1.0
40253248,Deutschland,DE,dictionary_exact,1.0
40251050,Deutschland,DE,dictionary_exact,1.0
40251050,Deutschland,DE,dictionary_exact,1.0
40251050,Deutschland,DE,dictionary_exact,1.0
40251050,Deutschland,DE,dictionary_exact,1.0
40246297,Doccla Gmbh; Doccla GmbH,not found,Not found,0.0
40245937,Berlin,DE,pycountry_exact,0.95
40245937,Schweiz,CH,dictionary_exact,1.0
40245937,Bielefeld,DE,geonames_exact,0.9
40245936,Deutschland,DE,dictionary_exact,1.0
40245936,Deutschland,DE,dictionary_exact,1.0
40245936,Deutschland,DE,dictionary_exact,1.0
40245936,Deutschland,DE,dictionary_exact,1.0
40244423,Deutschland,DE,dictionary_exact,1.0
40244300,Deutschland,DE,dictionary_exact,1.0
40240524,Deutschland,DE,dictionary_exact,1.0
40240524,Deutschland,DE,dictionary_exact,1.0
40240524,Deutschland,DE,dictionary_exact,1.0
40240524,Deutschland,DE,dictionary_exact,1.0
40240524,Schweiz,CH,dictionary_exact,1.0
40240524,Deutschland,DE,dictionary_exact,1.0
40239702,Germany,DE,pycountry_exact,0.95
40239702,Germany,DE,pycountry_exact,0.95
40239702,Germany,DE,pycountry_exact,0.95
40239669,Schweiz,CH,dictionary_exact,1.0
40239669,Deutschland,DE,dictionary_exact,1.0
40239661,Schweiz,CH,dictionary_exact,1.0
40238017,Deutschland,DE,dictionary_exact,1.0
40238016,Deutschland,DE,dictionary_exact,1.0
40238015,Deutschland,DE,dictionary_exact,1.0
40238014,Deutschland,DE,dictionary_exact,1.0
40238013,Deutschland,DE,dictionary_exact,1.0
40238012,Deutschland,DE,dictionary_exact,1.0
40238011,Deutschland,DE,dictionary_exact,1.0
40238010,Deutschland,DE,dictionary_exact,1.0
40238009,Deutschland,DE,dictionary_exact,1.0
40238008,Germany,DE,pycountry_exact,0.95
40238008,Germany,DE,pycountry_exact,0.95
40238008,Germany,DE,pycountry_exact,0.95
40238007,Deutschland,DE,dictionary_exact,1.0
40238007,Deutschland,DE,dictionary_exact,1.0
40238006,Deutschland,DE,dictionary_exact,1.0
40238005,Deutschland,DE,dictionary_exact,1.0
40238005,Deutschland,DE,dictionary_exact,1.0
40238005,Deutschland,DE,dictionary_exact,1.0
40238004,Deutschland,DE,dictionary_exact,1.0
40238003,Deutschland,DE,dictionary_exact,1.0
40238003,Deutschland,DE,dictionary_exact,1.0
40238003,Deutschland,DE,dictionary_exact,1.0
40238002,Deutschland,DE,dictionary_exact,1.0
40238001,Deutschland,DE,dictionary_exact,1.0
40238000,Deutschland,DE,dictionary_exact,1.0
40237999,Deutschland,DE,dictionary_exact,1.0
40237998,Deutschland,DE,dictionary_exact,1.0
40237997,Deutschland,DE,dictionary_exact,1.0
40237996,Deutschland,DE,dictionary_exact,1.0
40237995,Deutschland,DE,dictionary_exact,1.0
40237994,Deutschland,DE,dictionary_exact,1.0
40237993,Deutschland,DE,dictionary_exact,1.0
40237992,Deutschland,DE,dictionary_exact,1.0
40237991,Deutschland,DE,dictionary_exact,1.0
40237990,Deutschland,DE,dictionary_exact,1.0
40237989,Deutschland,DE,dictionary_exact,1.0
40237988,Deutschland,DE,dictionary_exact,1.0
40237987,Deutschland,DE,dictionary_exact,1.0
40237986,Deutschland,DE,dictionary_exact,1.0
40237985,Deutschland,DE,dictionary_exact,1.0
40237984,Deutschland,DE,dictionary_exact,1.0
40237983,Deutschland,DE,dictionary_exact,1.0
40237982,Deutschland,DE,dictionary_exact,1.0
40237981,Deutschland,DE,dictionary_exact,1.0
40237980,Deutschland,DE,dictionary_exact,1.0
40237979,Deutschland,DE,dictionary_exact,1.0
40237833,Deutschland,DE,dictionary_exact,1.0
40237833,Deutschland,DE,dictionary_exact,1.0
40237833,Deutschland,DE,dictionary_exact,1.0
40237833,Deutschland,DE,dictionary_exact,1.0
40237833,Deutschland,DE,dictionary_exact,1.0
40237833,Deutschland,DE,dictionary_exact,1.0
40237833,Deutschland,DE,dictionary_exact,1.0
40237830,Schweiz,CH,dictionary_exact,1.0
40237830,Schweiz,CH,dictionary_exact,1.0
40237830,Schweiz,CH,dictionary_exact,1.0
40237830,Schweiz,CH,dictionary_exact,1.0
40237830,Schweiz,CH,dictionary_exact,1.0
40237830,Schweiz,CH,dictionary_exact,1.0
40237830,Schweiz,CH,dictionary_exact,1.0
40237830,Schweiz,CH,dictionary_exact,1.0
40237830,Schweiz,CH,dictionary_exact,1.0
40237830,Deutschland,DE,dictionary_exact,1.0
40237830,Deutschland,DE,dictionary_exact,1.0
40237830,Schweiz,CH,dictionary_exact,1.0
40237830,Schweiz,CH,dictionary_exact,1.0
40237830,Schweiz,CH,dictionary_exact,1.0
40237829,Deutschland,DE,dictionary_exact,1.0
40237829,Deutschland,DE,dictionary_exact,1.0
40237829,Deutschland,DE,dictionary_exact,1.0
40237828,Deutschland,DE,dictionary_exact,1.0
40237827,Deutschland,DE,dictionary_exact,1.0
40237827,Deutschland,DE,dictionary_exact,1.0
40237807,Deutschland,DE,dictionary_exact,1.0
40237807,Deutschland,DE,dictionary_exact,1.0
40237807,Deutschland,DE,dictionary_exact,1.0
40237807,Deutschland,DE,dictionary_exact,1.0
40237807,Deutschland,DE,dictionary_exact,1.0
40237801,Deutschland,DE,dictionary_exact,1.0
40234343,Deutschland,DE,dictionary_exact,1.0
40234343,Deutschland,DE,dictionary_exact,1.0
40233817,Universitätsklinikum Regensburg,DE,geonames_word,0.8
40233817,Teltow,DE,geonames_exact,0.9
40233817,Charité - Universitätsmedizin Berlin,DE,geonames_word,0.8
40233817,Gelderland Klinik Geldern,DE,geonames_word,0.8
40233817,Kliniken Schmieder Gailingen,not found,Not found,0.0
40233817,Kliniken Schmieder Konstanz,DE,geonames_word,0.8
40233817,Waldbreitbach,not found,Not found,0.0
40233817,Reha-Zentrum Todtmoos,not found,Not found,0.0
40233796,Freiburg im Breisgau,DE,geonames_exact,0.9
40233795,Universität Leipzig,DE,geonames_word,0.8
40233794,LMU München,DE,geonames_word,0.8
40233794,LMU München,DE,geonames_word,0.8
40233794,Partnerstandort München,DE,geonames_word,0.8
40233793,Universität Leipzig,DE,geonames_word,0.8
40233793,Ludwig-Maximilians-Universität München,DE,geonames_word,0.8
40233792,Universität Leipzig,DE,geonames_word,0.8
40233776,Ludwigshafen,DE,geonames_exact,0.9
40233776,Saarlouis,DE,geonames_exact,0.9
40233775,Veterinärmedizinische Fakultät der Universität Leipzig,DE,geonames_word,0.8
40233774,Stiftung Tierärztliche Hochschule Hannover,DE,geonames_word,0.8
40233773,Gießen,DE,geonames_exact,0.9
40233773,Gießen,DE,geonames_exact,0.9
40232407,Deutschland,DE,dictionary_exact,1.0
40232407,Deutschland,DE,dictionary_exact,1.0
40232394,Schweiz,CH,dictionary_exact,1.0
40232394,Schweiz,CH,dictionary_exact,1.0
40232372,Deutschland,DE,dictionary_exact,1.0
40232372,Deutschland,DE,dictionary_exact,1.0
40232363,Deutschland,DE,dictionary_exact,1.0
40232363,Deutschland,DE,dictionary_exact,1.0
40232363,Deutschland,DE,dictionary_exact,1.0
40232363,Deutschland,DE,dictionary_exact,1.0
40229570,Schweiz,CH,dictionary_exact,1.0
40229570,Schweiz,CH,dictionary_exact,1.0
40229529,Deutschland,DE,dictionary_exact,1.0
40229529,Deutschland,DE,dictionary_exact,1.0
40228534,Germany,DE,pycountry_exact,0.95
40228532,Germany,DE,pycountry_exact,0.95
40228532,Germany,DE,pycountry_exact,0.95
40228532,Germany,DE,pycountry_exact,0.95
40228532,Germany,DE,pycountry_exact,0.95
40228532,Germany,DE,pycountry_exact,0.95
40228501,Germany,DE,pycountry_exact,0.95
40228501,Germany,DE,pycountry_exact,0.95
40227439,Deutschland,DE,dictionary_exact,1.0
40227439,Deutschland,DE,dictionary_exact,1.0
40227439,Deutschland,DE,dictionary_exact,1.0
40227439,Deutschland,DE,dictionary_exact,1.0
40227376,Schweiz,CH,dictionary_exact,1.0
40227376,Schweiz,CH,dictionary_exact,1.0
40227375,Deutschland,DE,dictionary_exact,1.0
40227375,Deutschland,DE,dictionary_exact,1.0
40227375,Deutschland,DE,dictionary_exact,1.0
40227375,Deutschland,DE,dictionary_exact,1.0
40227375,Deutschland,DE,dictionary_exact,1.0
40227375,Deutschland,DE,dictionary_exact,1.0
40227375,Deutschland,DE,dictionary_exact,1.0
40227371,Deutschland,DE,dictionary_exact,1.0
40227371,Deutschland,DE,dictionary_exact,1.0
40227371,Deutschland,DE,dictionary_exact,1.0
40227371,Deutschland,DE,dictionary_exact,1.0
40227371,Deutschland,DE,dictionary_exact,1.0
40227329,Deutschland,DE,dictionary_exact,1.0
40227329,Deutschland,DE,dictionary_exact,1.0
40227329,Deutschland,DE,dictionary_exact,1.0
40216392,Germany,DE,pycountry_exact,0.95
40216389,Deutschland,DE,dictionary_exact,1.0
40216389,Deutschland,DE,dictionary_exact,1.0
40216389,Deutschland,DE,dictionary_exact,1.0
40216388,Berlin,DE,pycountry_exact,0.95
40216388,Standort Berlin/Potsdam,not found,Not found,0.0
40216388,Neuruppin,DE,geonames_exact,0.9
40216388,Freie Autoren,not found,Not found,0.0
40216388,Technische Universität München,DE,geonames_word,0.8
40216388,Standort München/Augsburg,not found,Not found,0.0
40216388,Hamburg-Eppendorf,DE,geonames_word,0.8
40216388,Universitätsklinikum Leipzig,DE,geonames_word,0.8
40216388,Universität Tübingen,DE,geonames_word,0.8
40216388,Standort Tübingen,DE,geonames_word,0.8
40216388,Universität Augsburg,DE,geonames_word,0.8
40216388,Universität Hamburg,DE,geonames_word,0.8
40216388,Ludwig-Maximilians-Universität München,DE,geonames_word,0.8
40214749,Deutschland,DE,dictionary_exact,1.0
40214749,Deutschland,DE,dictionary_exact,1.0
40214749,Deutschland,DE,dictionary_exact,1.0
40214749,Deutschland,DE,dictionary_exact,1.0
40214749,Deutschland,DE,dictionary_exact,1.0
40214674,Deutschland,DE,dictionary_exact,1.0
40214674,Deutschland,DE,dictionary_exact,1.0
40214674,Deutschland,DE,dictionary_exact,1.0
40214674,Deutschland,DE,dictionary_exact,1.0
40214668,Deutschland,DE,dictionary_exact,1.0
40214668,Deutschland,DE,dictionary_exact,1.0
40214668,Deutschland,DE,dictionary_exact,1.0
40210769,Deutschland,DE,dictionary_exact,1.0
40210769,Deutschland,DE,dictionary_exact,1.0
40210769,Deutschland,DE,dictionary_exact,1.0
40209765,Germany,DE,pycountry_exact,0.95
40209765,Germany,DE,pycountry_exact,0.95
40209765,Germany,DE,pycountry_exact,0.95
40209765,Germany,DE,pycountry_exact,0.95
40209764,Germany,DE,pycountry_exact,0.95
40209764,Germany,DE,pycountry_exact,0.95
40209764,Germany,DE,pycountry_exact,0.95
40209764,Germany,DE,pycountry_exact,0.95
40209755,Germany,DE,pycountry_exact,0.95
40209755,Germany,DE,pycountry_exact,0.95
40209754,Germany,DE,pycountry_exact,0.95
40209754,Germany,DE,pycountry_exact,0.95
40209753,Germany,DE,pycountry_exact,0.95
40209753,Germany,DE,pycountry_exact,0.95
40209750,Germany,DE,pycountry_exact,0.95
40209750,Germany,DE,pycountry_exact,0.95
40209750,United States,US,dictionary_exact,1.0
40209750,Switzerland,CH,pycountry_exact,0.95
40208348,Deutschland,DE,dictionary_exact,1.0
40208348,Deutschland,DE,dictionary_exact,1.0
40208313,Deutschland,DE,dictionary_exact,1.0
40208313,Deutschland,DE,dictionary_exact,1.0
40208304,Deutschland,DE,dictionary_exact,1.0
40208304,Deutschland,DE,dictionary_exact,1.0
40208303,Deutschland,DE,dictionary_exact,1.0
40205226,Deutschland,DE,dictionary_exact,1.0
40205226,Deutschland,DE,dictionary_exact,1.0
40205226,Deutschland,DE,dictionary_exact,1.0
40205188,Deutschland,DE,dictionary_exact,1.0
40205188,Deutschland,DE,dictionary_exact,1.0
40205182,Deutschland,DE,dictionary_exact,1.0
40205182,Deutschland,DE,dictionary_exact,1.0
40205181,Deutschland,DE,dictionary_exact,1.0
40205181,Deutschland,DE,dictionary_exact,1.0
40205181,Deutschland,DE,dictionary_exact,1.0
40205181,Deutschland,DE,dictionary_exact,1.0
40204959,Deutschland,DE,dictionary_exact,1.0
40204959,Deutschland,DE,dictionary_exact,1.0
40204958,Deutschland,DE,dictionary_exact,1.0
40204958,Deutschland,DE,dictionary_exact,1.0
40204958,Deutschland,DE,dictionary_exact,1.0
40204957,Deutschland,DE,dictionary_exact,1.0
40204957,Deutschland,DE,dictionary_exact,1.0
40204956,Deutschland,DE,dictionary_exact,1.0
40204956,Deutschland,DE,dictionary_exact,1.0
40204956,Deutschland,DE,dictionary_exact,1.0
40203888,Germany,DE,pycountry_exact,0.95
40203888,Germany,DE,pycountry_exact,0.95
40203871,Switzerland,CH,pycountry_exact,0.95
40203871,United States,US,dictionary_exact,1.0
40203871,Germany,DE,pycountry_exact,0.95
40203871,Germany,DE,pycountry_exact,0.95
40202585,Deutschland,DE,dictionary_exact,1.0
40202585,Deutschland,DE,dictionary_exact,1.0
40202585,Deutschland,DE,dictionary_exact,1.0
40202585,Deutschland,DE,dictionary_exact,1.0
40199756,Deutschland,DE,dictionary_exact,1.0
40199756,Deutschland,DE,dictionary_exact,1.0
40199491,Deutschland,DE,dictionary_exact,1.0
40199491,Deutschland,DE,dictionary_exact,1.0
40199489,Deutschland,DE,dictionary_exact,1.0
40199489,Deutschland,DE,dictionary_exact,1.0
40199489,Deutschland,DE,dictionary_exact,1.0
40199489,Deutschland,DE,dictionary_exact,1.0
40199489,Deutschland,DE,dictionary_exact,1.0
40199488,Deutschland,DE,dictionary_exact,1.0
40199488,Deutschland,DE,dictionary_exact,1.0
40199486,Germany,DE,pycountry_exact,0.95
40199486,Germany,DE,pycountry_exact,0.95
40199486,Germany,DE,pycountry_exact,0.95
40199467,GERMANY,DE,pycountry_exact,0.95
40199463,Deutschland,DE,dictionary_exact,1.0
40199463,Deutschland,DE,dictionary_exact,1.0
40199463,Deutschland,DE,dictionary_exact,1.0
40199377,Deutschland,DE,dictionary_exact,1.0
40199376,Deutschland,DE,dictionary_exact,1.0
40199376,Deutschland,DE,dictionary_exact,1.0
40199375,Deutschland,DE,dictionary_exact,1.0
40199374,Deutschland,DE,dictionary_exact,1.0
40199374,Deutschland,DE,dictionary_exact,1.0
40199373,Deutschland,DE,dictionary_exact,1.0
40199372,Deutschland,DE,dictionary_exact,1.0
40199371,Deutschland,DE,dictionary_exact,1.0
40199371,Deutschland,DE,dictionary_exact,1.0
40199371,Deutschland,DE,dictionary_exact,1.0
40199368,Deutschland,DE,dictionary_exact,1.0
40199367,Münster,IE,pycountry_exact,0.95
40199367,Löhne,DE,geonames_exact,0.9
40199367,Halle,BE,geonames_exact,0.9
40199367,Möhnesee,not found,Not found,0.0
40199366,Bergische Universität Wuppertal,DE,geonames_word,0.8
40199366,Universitätsmedizin der Johannes Gutenberg-Universität Mainz,DE,geonames_word,0.8
40199366,Standort Berlin,DE,geonames_word,0.8
40199346,Germany,DE,pycountry_exact,0.95
40199346,Germany,DE,pycountry_exact,0.95
40199346,Germany,DE,pycountry_exact,0.95
40199346,Germany,DE,pycountry_exact,0.95
40199346,Germany,DE,pycountry_exact,0.95
40199346,Germany,DE,pycountry_exact,0.95
40199346,Germany,DE,pycountry_exact,0.95
40199346,Germany,DE,pycountry_exact,0.95
40199346,Germany,DE,pycountry_exact,0.95
40199346,Germany,DE,pycountry_exact,0.95
40199346,Germany,DE,pycountry_exact,0.95
40199346,Germany,DE,pycountry_exact,0.95
40199346,Germany,DE,pycountry_exact,0.95
40199346,Germany,DE,pycountry_exact,0.95
40199346,Germany,DE,pycountry_exact,0.95
40199346,Germany,DE,pycountry_exact,0.95
40198402,Deutschland,DE,dictionary_exact,1.0
40198402,Deutschland,DE,dictionary_exact,1.0
40198359,Deutschland,DE,dictionary_exact,1.0
40198359,Deutschland,DE,dictionary_exact,1.0
40198359,Deutschland,DE,dictionary_exact,1.0
40198359,Deutschland,DE,dictionary_exact,1.0
40198352,Deutschland,DE,dictionary_exact,1.0
40198352,Deutschland,DE,dictionary_exact,1.0
40198352,Deutschland,DE,dictionary_exact,1.0
40198352,Deutschland,DE,dictionary_exact,1.0
40198352,Deutschland,DE,dictionary_exact,1.0
40198352,Deutschland,DE,dictionary_exact,1.0
40198352,Deutschland,DE,dictionary_exact,1.0
40198352,Deutschland,DE,dictionary_exact,1.0
40198352,Deutschland,DE,dictionary_exact,1.0
40198352,Deutschland,DE,dictionary_exact,1.0
40198352,Deutschland,DE,dictionary_exact,1.0
40198352,Deutschland,DE,dictionary_exact,1.0
40198352,Deutschland,DE,dictionary_exact,1.0
40198352,Deutschland,DE,dictionary_exact,1.0
40198351,Schweiz,CH,dictionary_exact,1.0
40198351,Schweiz,CH,dictionary_exact,1.0
40198351,Schweiz,CH,dictionary_exact,1.0
40198351,Schweiz,CH,dictionary_exact,1.0
40198351,Schweiz,CH,dictionary_exact,1.0
40198350,Deutschland,DE,dictionary_exact,1.0
40198350,Deutschland,DE,dictionary_exact,1.0
40198349,Deutschland,DE,dictionary_exact,1.0
40198349,Deutschland,DE,dictionary_exact,1.0
40195179,Deutschland,DE,dictionary_exact,1.0
40195179,Deutschland,DE,dictionary_exact,1.0
40195179,Deutschland,DE,dictionary_exact,1.0
40195152,Deutschland,DE,dictionary_exact,1.0
40195152,Deutschland,DE,dictionary_exact,1.0
40195149,Deutschland,DE,dictionary_exact,1.0
40195149,Deutschland,DE,dictionary_exact,1.0
40195149,Deutschland,DE,dictionary_exact,1.0
40195147,Deutschland,DE,dictionary_exact,1.0
40195147,Deutschland,DE,dictionary_exact,1.0
40195147,Deutschland,DE,dictionary_exact,1.0
40195123,Deutschland,DE,dictionary_exact,1.0
40195123,Deutschland,DE,dictionary_exact,1.0
40195123,Deutschland,DE,dictionary_exact,1.0
40195123,Deutschland,DE,dictionary_exact,1.0
40195123,Deutschland,DE,dictionary_exact,1.0
40195123,Deutschland,DE,dictionary_exact,1.0
40195123,Deutschland,DE,dictionary_exact,1.0
40195122,Deutschland,DE,dictionary_exact,1.0
40195122,Deutschland,DE,dictionary_exact,1.0
40195122,Deutschland,DE,dictionary_exact,1.0
40194523,Germany,DE,pycountry_exact,0.95
40194521,Österreich,AT,dictionary_exact,1.0
40194521,Österreich,AT,dictionary_exact,1.0
40192830,Deutschland,DE,dictionary_exact,1.0
40192830,Deutschland,DE,dictionary_exact,1.0
40192830,Deutschland,DE,dictionary_exact,1.0
40192830,Deutschland,DE,dictionary_exact,1.0
40192830,Deutschland,DE,dictionary_exact,1.0
40192830,Deutschland,DE,dictionary_exact,1.0
40192830,Deutschland,DE,dictionary_exact,1.0
40192830,Deutschland,DE,dictionary_exact,1.0
40192830,Deutschland,DE,dictionary_exact,1.0
40192781,Deutschland,DE,dictionary_exact,1.0
40192781,Deutschland,DE,dictionary_exact,1.0
40188806,Schweiz,CH,dictionary_exact,1.0
40188806,Schweiz,CH,dictionary_exact,1.0
40188806,Deutschland,DE,dictionary_exact,1.0
40188806,Schweiz,CH,dictionary_exact,1.0
40187993,Deutschland,DE,dictionary_exact,1.0
40187993,Deutschland,DE,dictionary_exact,1.0
40187993,Deutschland,DE,dictionary_exact,1.0
40186027,Deutschland,DE,dictionary_exact,1.0
40186027,Deutschland,DE,dictionary_exact,1.0
40186027,Deutschland,DE,dictionary_exact,1.0
40186027,Deutschland,DE,dictionary_exact,1.0
40186027,Österreich,AT,dictionary_exact,1.0
40186024,Deutschland,DE,dictionary_exact,1.0
40186024,Deutschland,DE,dictionary_exact,1.0
40186024,Deutschland,DE,dictionary_exact,1.0
40186024,Österreich,AT,dictionary_exact,1.0
40185972,Deutschland,DE,dictionary_exact,1.0
40185972,Deutschland,DE,dictionary_exact,1.0
40185934,Österreich,AT,dictionary_exact,1.0
40185934,Österreich,AT,dictionary_exact,1.0
40185934,Österreich,AT,dictionary_exact,1.0
40185150,Germany,DE,pycountry_exact,0.95
40185150,Germany,DE,pycountry_exact,0.95
40185150,Germany,DE,pycountry_exact,0.95
40185150,Germany,DE,pycountry_exact,0.95
40185149,Germany,DE,pycountry_exact,0.95
40185149,Germany,DE,pycountry_exact,0.95
40185148,Germany,DE,pycountry_exact,0.95
40185148,Germany,DE,pycountry_exact,0.95
40185148,Germany,DE,pycountry_exact,0.95
40185148,Germany,DE,pycountry_exact,0.95
40185147,Germany,DE,pycountry_exact,0.95
40185147,Germany,DE,pycountry_exact,0.95
40185122,Magdeburg,DE,geonames_exact,0.9
40185122,Universitätsklinikum Heidelberg,DE,geonames_word,0.8
40185122,Universität Heidelberg,DE,geonames_word,0.8
40185122,Universitätsklinikum Jena,DE,geonames_word,0.8
40183979,Deutschland,DE,dictionary_exact,1.0
40183979,Deutschland,DE,dictionary_exact,1.0
40183978,Deutschland,DE,dictionary_exact,1.0
40183978,Deutschland,DE,dictionary_exact,1.0
40183978,Deutschland,DE,dictionary_exact,1.0
40183938,Deutschland,DE,dictionary_exact,1.0
40183938,Deutschland,DE,dictionary_exact,1.0
40183812,Deutschland,DE,dictionary_exact,1.0
40183812,Deutschland,DE,dictionary_exact,1.0
40183808,Deutschland,DE,dictionary_exact,1.0
40183808,Deutschland,DE,dictionary_exact,1.0
40183808,Deutschland,DE,dictionary_exact,1.0
40183808,Deutschland,DE,dictionary_exact,1.0
40183808,Deutschland,DE,dictionary_exact,1.0
40183797,Deutschland,DE,dictionary_exact,1.0
40183797,Deutschland,DE,dictionary_exact,1.0
40183797,Deutschland,DE,dictionary_exact,1.0
40183796,Deutschland,DE,dictionary_exact,1.0
40183795,Deutschland,DE,dictionary_exact,1.0
40183795,Deutschland,DE,dictionary_exact,1.0
40183794,Deutschland,DE,dictionary_exact,1.0
40183794,Deutschland,DE,dictionary_exact,1.0
40183794,Deutschland,DE,dictionary_exact,1.0
40183794,Deutschland,DE,dictionary_exact,1.0
40183794,Deutschland,DE,dictionary_exact,1.0
40183794,Deutschland,DE,dictionary_exact,1.0
40183699,Deutschland,DE,dictionary_exact,1.0
40180752,Deutschland,DE,dictionary_exact,1.0
40180751,Deutschland,DE,dictionary_exact,1.0
40180750,Deutschland,DE,dictionary_exact,1.0
40180749,Deutschland,DE,dictionary_exact,1.0
40180748,Deutschland,DE,dictionary_exact,1.0
40180747,Deutschland,DE,dictionary_exact,1.0
40180746,Deutschland,DE,dictionary_exact,1.0
40180745,Deutschland,DE,dictionary_exact,1.0
40180744,Germany,DE,pycountry_exact,0.95
40180743,Deutschland,DE,dictionary_exact,1.0
40180743,Deutschland,DE,dictionary_exact,1.0
40180743,Deutschland,DE,dictionary_exact,1.0
40180742,Deutschland,DE,dictionary_exact,1.0
40180742,Deutschland,DE,dictionary_exact,1.0
40180741,Deutschland,DE,dictionary_exact,1.0
40180740,Deutschland,DE,dictionary_exact,1.0
40180739,Deutschland,DE,dictionary_exact,1.0
40180739,Deutschland,DE,dictionary_exact,1.0
40180739,Deutschland,DE,dictionary_exact,1.0
40180738,Deutschland,DE,dictionary_exact,1.0
40180737,Deutschland,DE,dictionary_exact,1.0
40180736,Deutschland,DE,dictionary_exact,1.0
40180735,Deutschland,DE,dictionary_exact,1.0
40180734,Deutschland,DE,dictionary_exact,1.0
40180733,Deutschland,DE,dictionary_exact,1.0
40180732,Deutschland,DE,dictionary_exact,1.0
40180731,Deutschland,DE,dictionary_exact,1.0
40180730,Deutschland,DE,dictionary_exact,1.0
40180729,Österreich,AT,dictionary_exact,1.0
40180729,Deutschland,DE,dictionary_exact,1.0
40180728,Deutschland,DE,dictionary_exact,1.0
40180727,Deutschland,DE,dictionary_exact,1.0
40180726,Deutschland,DE,dictionary_exact,1.0
40180725,Deutschland,DE,dictionary_exact,1.0
40180724,Deutschland,DE,dictionary_exact,1.0
40180723,Schweiz,CH,dictionary_exact,1.0
40180722,Deutschland,DE,dictionary_exact,1.0
40180721,Deutschland,DE,dictionary_exact,1.0
40180720,Deutschland,DE,dictionary_exact,1.0
40180719,Deutschland,DE,dictionary_exact,1.0
40180718,Deutschland,DE,dictionary_exact,1.0
40180717,Deutschland,DE,dictionary_exact,1.0
40180716,Deutschland,DE,dictionary_exact,1.0
40180715,Deutschland,DE,dictionary_exact,1.0
40180714,Deutschland,DE,dictionary_exact,1.0
40180713,Deutschland,DE,dictionary_exact,1.0
40180712,Deutschland,DE,dictionary_exact,1.0
40180711,Deutschland,DE,dictionary_exact,1.0
40180711,Deutschland,DE,dictionary_exact,1.0
40180710,Deutschland,DE,dictionary_exact,1.0
40180709,Deutschland,DE,dictionary_exact,1.0
40180658,Deutschland,DE,dictionary_exact,1.0
40180658,Deutschland,DE,dictionary_exact,1.0
40180657,Deutschland,DE,dictionary_exact,1.0
40180657,Deutschland,DE,dictionary_exact,1.0
40180657,Deutschland,DE,dictionary_exact,1.0
40180657,Deutschland,DE,dictionary_exact,1.0
40180657,Deutschland,DE,dictionary_exact,1.0
40180657,Deutschland,DE,dictionary_exact,1.0
40180657,Schweiz,CH,dictionary_exact,1.0
40180657,Deutschland,DE,dictionary_exact,1.0
40179947,Germany,DE,pycountry_exact,0.95
40179947,Germany,DE,pycountry_exact,0.95
40179947,Switzerland,CH,pycountry_exact,0.95
40179947,Germany,DE,pycountry_exact,0.95
40179943,Germany,DE,pycountry_exact,0.95
40179943,Germany,DE,pycountry_exact,0.95
40179943,Germany,DE,pycountry_exact,0.95
40179942,Germany,DE,pycountry_exact,0.95
40179942,Germany,DE,pycountry_exact,0.95
40179942,Germany,DE,pycountry_exact,0.95
40179942,Germany,DE,pycountry_exact,0.95
40179942,Germany,DE,pycountry_exact,0.95
40179942,Austria,AT,pycountry_exact,0.95
40179942,Germany,DE,pycountry_exact,0.95
40179942,Germany,DE,pycountry_exact,0.95
40179942,United States,US,dictionary_exact,1.0
40179942,Germany,DE,pycountry_exact,0.95
40179898,Universitätsklinikum Eppendorf (UKE),DE,geonames_word,0.8
40179895,Technische Universität München,DE,geonames_word,0.8
40179895,Otto-von-Guericke-Universität Magdeburg,DE,geonames_word,0.8
40179895,Halle,BE,geonames_exact,0.9
40179895,Universitätsklinikum Tübingen,DE,geonames_word,0.8
40179895,Standort Tübingen,DE,geonames_word,0.8
40179895,Universitätsklinikum Ulm,DE,geonames_word,0.8
40179895,Universitätsklinikum Freiburg,CH,geonames_word,0.8
40179894,Stendal,DE,geonames_exact,0.9
40179894,Brandenburg an der Havel,DE,geonames_exact,0.9
40179894,Schön Klinik Bad Arolsen,TG,geonames_word,0.8
40179894,Leipzig,DE,geonames_exact,0.9
40179894,Universitätsmedizin Mainz,DE,geonames_word,0.8
40179894,Johannes Gutenberg Universität Mainz,DE,geonames_word,0.8
40179894,Universitätsmedizin Leipzig,DE,geonames_word,0.8
40179893,Universitätsmedizin Leipzig,DE,geonames_word,0.8
40179872,Germany,DE,pycountry_exact,0.95
40179872,Gießen,DE,geonames_exact,0.9
40179872,Plön,not found,Not found,0.0
40179872,Germany,DE,pycountry_exact,0.95
40179872,Germany,DE,pycountry_exact,0.95
40179871,Austria,AT,pycountry_exact,0.95
40179870,Germany,DE,pycountry_exact,0.95
40179859,Wien,AT,pycountry_exact,0.95
40179859,United States,US,dictionary_exact,1.0
40179859,United States,US,dictionary_exact,1.0
40179859,Czech Republic,CZ,dictionary_exact,1.0
40179859,Russian Federation,RU,dictionary_exact,1.0
40179859,Jordan,JO,dictionary_exact,1.0
40179859,Österreich,AT,dictionary_exact,1.0
40179859,Iran,IR,dictionary_exact,1.0
40179859,Germany,DE,pycountry_exact,0.95
40178646,Deutschland,DE,dictionary_exact,1.0
40178626,Deutschland,DE,dictionary_exact,1.0
40178626,Deutschland,DE,dictionary_exact,1.0
40178626,Deutschland,DE,dictionary_exact,1.0
40178626,Deutschland,DE,dictionary_exact,1.0
40178626,Deutschland,DE,dictionary_exact,1.0
40178597,Deutschland,DE,dictionary_exact,1.0
40178597,Schweiz,CH,dictionary_exact,1.0
40178597,USA,US,dictionary_exact,1.0
40178597,Deutschland,DE,dictionary_exact,1.0
40178597,Deutschland,DE,dictionary_exact,1.0
40178597,Deutschland,DE,dictionary_exact,1.0
40178568,Deutschland,DE,dictionary_exact,1.0
40178568,Deutschland,DE,dictionary_exact,1.0
40178567,Deutschland,DE,dictionary_exact,1.0
40178567,Deutschland,DE,dictionary_exact,1.0
40178566,Deutschland,DE,dictionary_exact,1.0
40178566,Deutschland,DE,dictionary_exact,1.0
40178566,Deutschland,DE,dictionary_exact,1.0
40178565,Deutschland,DE,dictionary_exact,1.0
40178565,Deutschland,DE,dictionary_exact,1.0
40178564,Deutschland,DE,dictionary_exact,1.0
40178564,Deutschland,DE,dictionary_exact,1.0
40178563,Deutschland,DE,dictionary_exact,1.0
40178563,Deutschland,DE,dictionary_exact,1.0
40178563,Deutschland,DE,dictionary_exact,1.0
40178563,Schweiz,CH,dictionary_exact,1.0
40178563,Schweiz,CH,dictionary_exact,1.0
40178563,Deutschland,DE,dictionary_exact,1.0
40178543,Deutschland,DE,dictionary_exact,1.0
40178543,Deutschland,DE,dictionary_exact,1.0
40178542,Deutschland,DE,dictionary_exact,1.0
40178542,Deutschland,DE,dictionary_exact,1.0
40178542,Deutschland,DE,dictionary_exact,1.0
40178542,Deutschland,DE,dictionary_exact,1.0
40178542,Deutschland,DE,dictionary_exact,1.0
40178542,Deutschland,DE,dictionary_exact,1.0
40178542,Deutschland,DE,dictionary_exact,1.0
40178542,Deutschland,DE,dictionary_exact,1.0
40178542,Deutschland,DE,dictionary_exact,1.0
40178542,Deutsche Gesellschaft für Neurologie,not found,Not found,0.0
40178542,Deutschland,DE,dictionary_exact,1.0
40178542,AWMF,not found,Not found,0.0
40178542,Deutschland,DE,dictionary_exact,1.0
40178542,Deutschland,DE,dictionary_exact,1.0
40178542,Deutsche Rheuma-Liga Bundesverband e. V,LV,geonames_word,0.8
40178542,Bundesverband Niere e. V,not found,Not found,0.0
40178542,Deutschland,DE,dictionary_exact,1.0
40178542,Deutschland,DE,dictionary_exact,1.0
40178542,Deutschland,DE,dictionary_exact,1.0
40178542,Deutschland,DE,dictionary_exact,1.0
40178542,Deutschland,DE,dictionary_exact,1.0
40178542,Deutschland,DE,dictionary_exact,1.0
40178542,Deutschland,DE,dictionary_exact,1.0
40178542,Deutschland,DE,dictionary_exact,1.0
40178542,Deutschland,DE,dictionary_exact,1.0
40178542,Deutschland,DE,dictionary_exact,1.0
40178542,Deutschland,DE,dictionary_exact,1.0
40178542,Deutschland,DE,dictionary_exact,1.0
40178542,Deutschland,DE,dictionary_exact,1.0
40178542,Deutschland,DE,dictionary_exact,1.0
40178542,Deutschland,DE,dictionary_exact,1.0
40178542,Deutschland,DE,dictionary_exact,1.0
40178542,Deutschland,DE,dictionary_exact,1.0
40178542,Deutschland,DE,dictionary_exact,1.0
40175733,Deutschland,DE,dictionary_exact,1.0
40175733,Deutschland,DE,dictionary_exact,1.0
40175733,Deutschland,DE,dictionary_exact,1.0
40175733,Deutschland,DE,dictionary_exact,1.0
40175733,Deutschland,DE,dictionary_exact,1.0
40175607,Deutschland,DE,dictionary_exact,1.0
40175607,Deutschland,DE,dictionary_exact,1.0
40175606,Deutschland,DE,dictionary_exact,1.0
40175606,Deutschland,DE,dictionary_exact,1.0
40175598,Deutschland,DE,dictionary_exact,1.0
40175598,Deutschland,DE,dictionary_exact,1.0
40174874,Germany,DE,pycountry_exact,0.95
40174592,Subdepartment of Diagnostic and Interventional Ultrasound,US,geonames_word,0.8
40174591,Medical University of Innsbruck - Tirol Kliniken,AT,geonames_word,0.8
40172672,Deutschland,DE,dictionary_exact,1.0
40172672,Deutschland,DE,dictionary_exact,1.0
40172651,Deutschland,DE,dictionary_exact,1.0
40172651,Deutschland,DE,dictionary_exact,1.0
40172651,Deutschland,DE,dictionary_exact,1.0
40172651,Deutschland,DE,dictionary_exact,1.0
40172651,Deutschland,DE,dictionary_exact,1.0
40172651,Deutschland,DE,dictionary_exact,1.0
40172651,Deutschland,DE,dictionary_exact,1.0
40172651,Deutschland,DE,dictionary_exact,1.0
40172651,Deutschland,DE,dictionary_exact,1.0
40172651,Deutsche Gesellschaft für Neurologie,not found,Not found,0.0
40172651,Deutschland,DE,dictionary_exact,1.0
40172651,AWMF,not found,Not found,0.0
40172651,Deutschland,DE,dictionary_exact,1.0
40172651,Deutschland,DE,dictionary_exact,1.0
40172651,Deutsche Rheuma-Liga Bundesverband e. V,LV,geonames_word,0.8
40172651,Bundesverband Niere e. V,not found,Not found,0.0
40172651,Deutschland,DE,dictionary_exact,1.0
40172651,Deutschland,DE,dictionary_exact,1.0
40172651,Deutschland,DE,dictionary_exact,1.0
40172651,Deutschland,DE,dictionary_exact,1.0
40172651,Deutschland,DE,dictionary_exact,1.0
40172651,Deutschland,DE,dictionary_exact,1.0
40172651,Deutschland,DE,dictionary_exact,1.0
40172651,Deutschland,DE,dictionary_exact,1.0
40172651,Deutschland,DE,dictionary_exact,1.0
40172651,Deutschland,DE,dictionary_exact,1.0
40172651,Deutschland,DE,dictionary_exact,1.0
40172651,Deutschland,DE,dictionary_exact,1.0
40172651,Deutschland,DE,dictionary_exact,1.0
40172651,Deutschland,DE,dictionary_exact,1.0
40172651,Deutschland,DE,dictionary_exact,1.0
40172651,Deutschland,DE,dictionary_exact,1.0
40172651,Deutschland,DE,dictionary_exact,1.0
40172651,Deutschland,DE,dictionary_exact,1.0
40172646,Deutschland,DE,dictionary_exact,1.0
40172646,Deutschland,DE,dictionary_exact,1.0
40172645,Deutschland,DE,dictionary_exact,1.0
40172645,Deutschland,DE,dictionary_exact,1.0
40172632,Deutschland,DE,dictionary_exact,1.0
40172632,Deutschland,DE,dictionary_exact,1.0
40172631,Deutschland,DE,dictionary_exact,1.0
40172631,Österreich,AT,dictionary_exact,1.0
40172631,Deutschland,DE,dictionary_exact,1.0
40172631,Österreich,AT,dictionary_exact,1.0
40172631,Deutschland,DE,dictionary_exact,1.0
40172631,Deutschland,DE,dictionary_exact,1.0
40172625,Deutschland,DE,dictionary_exact,1.0
40172625,Deutschland,DE,dictionary_exact,1.0
40172625,Deutschland,DE,dictionary_exact,1.0
40172623,Deutschland,DE,dictionary_exact,1.0
40172623,Deutschland,DE,dictionary_exact,1.0
40172623,Deutschland,DE,dictionary_exact,1.0
40172623,Deutschland,DE,dictionary_exact,1.0
40172623,Deutschland,DE,dictionary_exact,1.0
40172622,Deutschland,DE,dictionary_exact,1.0
40172622,Deutschland,DE,dictionary_exact,1.0
40172621,Deutschland,DE,dictionary_exact,1.0
40172594,Deutschland,DE,dictionary_exact,1.0
40172583,Deutschland,DE,dictionary_exact,1.0
40172583,Deutschland,DE,dictionary_exact,1.0
40169431,Deutschland,DE,dictionary_exact,1.0
40169431,Deutschland,DE,dictionary_exact,1.0
40169431,Deutschland,DE,dictionary_exact,1.0
40169431,Deutschland,DE,dictionary_exact,1.0
40169430,Deutschland,DE,dictionary_exact,1.0
40169430,Deutschland,DE,dictionary_exact,1.0
40169430,Straße des 17. Juni 106-108,RO,geonames_word,0.8
40169414,Deutschland,DE,dictionary_exact,1.0
40169414,Deutschland,DE,dictionary_exact,1.0
40169414,Schweiz,CH,dictionary_exact,1.0
40169414,Deutschland,DE,dictionary_exact,1.0
40169414,Deutschland,DE,dictionary_exact,1.0
40169414,Deutschland,DE,dictionary_exact,1.0
40169414,Deutschland,DE,dictionary_exact,1.0
40169414,Deutschland,DE,dictionary_exact,1.0
40169414,Deutschland,DE,dictionary_exact,1.0
40169409,Österreich,AT,dictionary_exact,1.0
40169409,Island,IS,dictionary_exact,1.0
40169409,Island,IS,dictionary_exact,1.0
40169139,Austria,AT,pycountry_exact,0.95
40169139,Austria,AT,pycountry_exact,0.95
40169139,Austria,AT,pycountry_exact,0.95
40169131,Germany,DE,pycountry_exact,0.95
40169131,Germany,DE,pycountry_exact,0.95
40169130,Deutschland,DE,dictionary_exact,1.0
40169130,Deutschland,DE,dictionary_exact,1.0
40169130,Deutschland,DE,dictionary_exact,1.0
40169130,Deutschland,DE,dictionary_exact,1.0
40169130,Deutschland,DE,dictionary_exact,1.0
40169130,Deutschland,DE,dictionary_exact,1.0
40169130,Deutschland,DE,dictionary_exact,1.0
40169129,Deutschland,DE,dictionary_exact,1.0
40169129,Deutschland,DE,dictionary_exact,1.0
40169129,Deutschland,DE,dictionary_exact,1.0
40169129,Deutschland,DE,dictionary_exact,1.0
40169129,Deutschland,DE,dictionary_exact,1.0
40169128,Deutschland,DE,dictionary_exact,1.0
40169128,Deutschland,DE,dictionary_exact,1.0
40169128,Österreich,AT,dictionary_exact,1.0
40169128,Österreich,AT,dictionary_exact,1.0
40169128,Deutschland,DE,dictionary_exact,1.0
40169128,Österreich,AT,dictionary_exact,1.0
40169127,Deutschland,DE,dictionary_exact,1.0
40169127,Deutschland,DE,dictionary_exact,1.0
40169127,Deutschland,DE,dictionary_exact,1.0
40169127,Deutschland,DE,dictionary_exact,1.0
40169127,Deutschland,DE,dictionary_exact,1.0
40169127,Deutschland,DE,dictionary_exact,1.0
40169126,Deutschland,DE,dictionary_exact,1.0
40169126,Deutschland,DE,dictionary_exact,1.0
40169126,Deutschland,DE,dictionary_exact,1.0
40169126,Deutschland,DE,dictionary_exact,1.0
40169125,Deutschland,DE,dictionary_exact,1.0
40169125,Deutschland,DE,dictionary_exact,1.0
40169125,Deutschland,DE,dictionary_exact,1.0
40169125,Deutschland,DE,dictionary_exact,1.0
40169125,Deutschland,DE,dictionary_exact,1.0
40169125,Deutschland,DE,dictionary_exact,1.0
40169125,Deutschland,DE,dictionary_exact,1.0
40169125,Deutschland,DE,dictionary_exact,1.0
40169125,Deutschland,DE,dictionary_exact,1.0
40169124,Germany,DE,pycountry_exact,0.95
40169124,Germany,DE,pycountry_exact,0.95
40169124,Germany,DE,pycountry_exact,0.95
40169124,Germany,DE,pycountry_exact,0.95
40169124,Germany,DE,pycountry_exact,0.95
40169124,Germany,DE,pycountry_exact,0.95
40169124,Germany,DE,pycountry_exact,0.95
40169124,Germany,DE,pycountry_exact,0.95
40169124,Germany,DE,pycountry_exact,0.95
40169124,Germany,DE,pycountry_exact,0.95
40169124,Germany,DE,pycountry_exact,0.95
40169124,Germany,DE,pycountry_exact,0.95
40169124,Germany,DE,pycountry_exact,0.95
40169124,Germany,DE,pycountry_exact,0.95
40169124,Germany,DE,pycountry_exact,0.95
40169124,Germany,DE,pycountry_exact,0.95
40169124,Germany,DE,pycountry_exact,0.95
40169124,Germany,DE,pycountry_exact,0.95
40169124,Germany,DE,pycountry_exact,0.95
40169124,Germany,DE,pycountry_exact,0.95
40169124,Austria,AT,pycountry_exact,0.95
40169124,Germany,DE,pycountry_exact,0.95
40169124,Germany,DE,pycountry_exact,0.95
40169124,Germany,DE,pycountry_exact,0.95
40169124,Germany,DE,pycountry_exact,0.95
40169123,Deutschland,DE,dictionary_exact,1.0
40169122,Universitätsklinikum Hamburg-Eppendorf,DE,geonames_word,0.8
40169122,Universitätsklinikum Hamburg-Eppendorf,DE,geonames_word,0.8
40169122,Deutsches Zentrum für Kinder- und Jugendgesundheit,AF,geonames_word,0.8
40169122,Universitätsmedizin Greifswald,DE,geonames_word,0.8
40167780,Deutschland,DE,dictionary_exact,1.0
40167780,Deutschland,DE,dictionary_exact,1.0
40167765,Deutschland,DE,dictionary_exact,1.0
40167756,Deutschland,DE,dictionary_exact,1.0
40167756,Deutschland,DE,dictionary_exact,1.0
40167754,Deutschland,DE,dictionary_exact,1.0
40167754,Deutschland,DE,dictionary_exact,1.0
40167754,Deutschland,DE,dictionary_exact,1.0
40167754,Deutschland,DE,dictionary_exact,1.0
40167753,Deutschland,DE,dictionary_exact,1.0
40167753,Deutschland,DE,dictionary_exact,1.0
40167657,Deutschland,DE,dictionary_exact,1.0
40167656,Deutschland,DE,dictionary_exact,1.0
40167656,Deutschland,DE,dictionary_exact,1.0
40167655,Deutschland,DE,dictionary_exact,1.0
40167655,Deutschland,DE,dictionary_exact,1.0
40167654,Deutschland,DE,dictionary_exact,1.0
40167654,Deutschland,DE,dictionary_exact,1.0
40167653,Deutschland,DE,dictionary_exact,1.0
40167653,Deutschland,DE,dictionary_exact,1.0
40167653,Saudi-Arabien,SA,dictionary_exact,1.0
40167653,Deutschland,DE,dictionary_exact,1.0
40167652,Deutschland,DE,dictionary_exact,1.0
40167652,Deutschland,DE,dictionary_exact,1.0
40167622,Deutschland,DE,dictionary_exact,1.0
40167622,Deutschland,DE,dictionary_exact,1.0
40167622,Deutschland,DE,dictionary_exact,1.0
40167612,Deutschland,DE,dictionary_exact,1.0
40167041,Deutschland,DE,dictionary_exact,1.0
40167041,Deutschland,DE,dictionary_exact,1.0
40167041,Deutschland,DE,dictionary_exact,1.0
40167041,Deutschland,DE,dictionary_exact,1.0
40164923,Deutschland,DE,dictionary_exact,1.0
40164923,Deutschland,DE,dictionary_exact,1.0
40164923,Deutschland,DE,dictionary_exact,1.0
40164842,Deutschland,DE,dictionary_exact,1.0
40164842,Deutschland,DE,dictionary_exact,1.0
40164833,Deutschland,DE,dictionary_exact,1.0
40164833,Deutschland,DE,dictionary_exact,1.0
40164148,Germany,DE,pycountry_exact,0.95
40164148,Germany,DE,pycountry_exact,0.95
40164148,Germany,DE,pycountry_exact,0.95
40164148,Germany,DE,pycountry_exact,0.95
40164148,Germany,DE,pycountry_exact,0.95
40164148,Germany,DE,pycountry_exact,0.95
40164148,Germany,DE,pycountry_exact,0.95
40164148,Germany,DE,pycountry_exact,0.95
40164148,Germany,DE,pycountry_exact,0.95
40164148,Germany,DE,pycountry_exact,0.95
40164148,Germany,DE,pycountry_exact,0.95
40164148,Austria,AT,pycountry_exact,0.95
40164148,Germany,DE,pycountry_exact,0.95
40164147,Deutschland,DE,dictionary_exact,1.0
40164147,Deutschland,DE,dictionary_exact,1.0
40164126,Germany,DE,pycountry_exact,0.95
40164126,Germany,DE,pycountry_exact,0.95
40164123,Germany,DE,pycountry_exact,0.95
40164123,Germany,DE,pycountry_exact,0.95
40164111,Germany,DE,pycountry_exact,0.95
40164098,Deutschland,DE,dictionary_exact,1.0
40164098,Deutschland,DE,dictionary_exact,1.0
40164093,Helios St.-Johannes-Klinik Duisburg,DE,geonames_word,0.8
40164093,Universität Witten-Herdecke,DE,geonames_word,0.8
40163192,Deutschland,DE,dictionary_exact,1.0
40163192,Deutschland,DE,dictionary_exact,1.0
40163192,Deutschland,DE,dictionary_exact,1.0
40163192,Deutschland,DE,dictionary_exact,1.0
40163167,Deutschland,DE,dictionary_exact,1.0
40163167,Deutschland,DE,dictionary_exact,1.0
40163167,Deutschland,DE,dictionary_exact,1.0
40163167,Deutschland,DE,dictionary_exact,1.0
40163095,Deutschland,DE,dictionary_exact,1.0
40163095,Deutschland,DE,dictionary_exact,1.0
40163087,Deutschland,DE,dictionary_exact,1.0
40163087,Deutschland,DE,dictionary_exact,1.0
40163086,Deutschland,DE,dictionary_exact,1.0
40163086,Deutschland,DE,dictionary_exact,1.0
40155455,Deutschland,DE,dictionary_exact,1.0
40154539,Justus-Liebig-Universität Gießen,DE,geonames_word,0.8
40154512,Germany,DE,pycountry_exact,0.95
40154512,Germany,DE,pycountry_exact,0.95
40154503,Deutschland,DE,dictionary_exact,1.0
40154503,Deutschland,DE,dictionary_exact,1.0
40154503,Deutschland,DE,dictionary_exact,1.0
40153033,Deutschland,DE,dictionary_exact,1.0
40153033,Deutschland,DE,dictionary_exact,1.0
40153033,Deutschland,DE,dictionary_exact,1.0
40153033,Deutschland,DE,dictionary_exact,1.0
40153033,Deutschland,DE,dictionary_exact,1.0
40153027,Frankreich,FR,dictionary_exact,1.0
40153027,Österreich,AT,dictionary_exact,1.0
40153026,Österreich,AT,dictionary_exact,1.0
40153021,Schweiz,CH,dictionary_exact,1.0
40153005,Deutschland,DE,dictionary_exact,1.0
40153005,Deutschland,DE,dictionary_exact,1.0
40153005,Deutschland,DE,dictionary_exact,1.0
40153005,Deutschland,DE,dictionary_exact,1.0
40153005,Deutschland,DE,dictionary_exact,1.0
40151876,Schweiz,CH,dictionary_exact,1.0
40151876,Schweiz,CH,dictionary_exact,1.0
40148686,Deutschland,DE,dictionary_exact,1.0
40148686,Deutschland,DE,dictionary_exact,1.0
40148686,Deutschland,DE,dictionary_exact,1.0
40148686,Deutschland,DE,dictionary_exact,1.0
40148686,Deutschland,DE,dictionary_exact,1.0
40148686,Deutschland,DE,dictionary_exact,1.0
40148201,Deutschland,DE,dictionary_exact,1.0
40148201,Deutschland,DE,dictionary_exact,1.0
40148201,Deutschland,DE,dictionary_exact,1.0
40148132,Germany,DE,pycountry_exact,0.95
40148132,Germany,DE,pycountry_exact,0.95
40148113,Universitätsklinikum Jena,DE,geonames_word,0.8
40148113,VAMED Rehaklinik Bad Grönenbach,TG,geonames_word,0.8
40148113,Universitätsmedizin Rostock,DE,geonames_word,0.8
40148112,Landau,DE,geonames_exact,0.9
40148111,Universitätsklinikum Düsseldorf,DE,geonames_word,0.8
40148111,LVR-Klinikum Düsseldorf - Kliniken der Heinrich-Heine-Universität Düsseldorf,DE,geonames_word,0.8
40148111,UniversitätsKlinikum Heidelberg,DE,geonames_word,0.8
40148111,Universität zu Köln,DE,geonames_word,0.8
40148111,Berlin,DE,pycountry_exact,0.95
40148111,UniversitätsKlinikum Heidelberg,DE,geonames_word,0.8
40148110,Universität Trier,DE,geonames_word,0.8
40148108,Universitätsmedizin Mainz,DE,geonames_word,0.8
40148108,Universitätsklinikum Ulm,DE,geonames_word,0.8
40148108,Ulm,DE,geonames_exact,0.9
40148108,Universität Leipzig,DE,geonames_word,0.8
40148105,Germany,DE,pycountry_exact,0.95
40148104,Germany,DE,pycountry_exact,0.95
40148104,Germany,DE,pycountry_exact,0.95
40148103,Germany,DE,pycountry_exact,0.95
40148103,Germany,DE,pycountry_exact,0.95
40148103,Germany,DE,pycountry_exact,0.95
40148103,Germany,DE,pycountry_exact,0.95
40148103,Germany,DE,pycountry_exact,0.95
40148103,Germany,DE,pycountry_exact,0.95
40148103,Germany,DE,pycountry_exact,0.95
40148103,Switzerland,CH,pycountry_exact,0.95
40148103,Germany,DE,pycountry_exact,0.95
40148103,Germany,DE,pycountry_exact,0.95
40148103,Germany,DE,pycountry_exact,0.95
40148103,Germany,DE,pycountry_exact,0.95
40148103,Germany,DE,pycountry_exact,0.95
40148103,Germany,DE,pycountry_exact,0.95
40148103,Germany,DE,pycountry_exact,0.95
40148103,Germany,DE,pycountry_exact,0.95
40148103,Germany,DE,pycountry_exact,0.95
40146348,Deutschland,DE,dictionary_exact,1.0
40146348,Deutschland,DE,dictionary_exact,1.0
40146348,Deutschland,DE,dictionary_exact,1.0
40146348,Deutschland,DE,dictionary_exact,1.0
40146348,Deutschland,DE,dictionary_exact,1.0
40146348,Deutschland,DE,dictionary_exact,1.0
40146345,Österreich,AT,dictionary_exact,1.0
40146345,Österreich,AT,dictionary_exact,1.0
40146345,Österreich,AT,dictionary_exact,1.0
40146344,Deutschland,DE,dictionary_exact,1.0
40146344,Deutschland,DE,dictionary_exact,1.0
40146320,Deutschland,DE,dictionary_exact,1.0
40146307,Deutschland,DE,dictionary_exact,1.0
40146307,Deutschland,DE,dictionary_exact,1.0
40146305,Deutschland,DE,dictionary_exact,1.0
40146288,Deutschland,DE,dictionary_exact,1.0
40146288,Deutschland,DE,dictionary_exact,1.0
40146288,Deutschland,DE,dictionary_exact,1.0
40146288,Deutschland,DE,dictionary_exact,1.0
40146288,Deutschland,DE,dictionary_exact,1.0
40146287,Deutschland,DE,dictionary_exact,1.0
40146287,Deutschland,DE,dictionary_exact,1.0
40146254,Deutschland,DE,dictionary_exact,1.0
40146254,Deutschland,DE,dictionary_exact,1.0
40146254,Schweiz,CH,dictionary_exact,1.0
40146254,Deutschland,DE,dictionary_exact,1.0
40146251,Deutschland,DE,dictionary_exact,1.0
40146250,Deutschland,DE,dictionary_exact,1.0
40146250,Deutschland,DE,dictionary_exact,1.0
40146246,Deutschland,DE,dictionary_exact,1.0
40146246,Deutschland,DE,dictionary_exact,1.0
40146245,Deutschland,DE,dictionary_exact,1.0
40146245,Deutschland,DE,dictionary_exact,1.0
40140100,Deutschland,DE,dictionary_exact,1.0
40140100,Deutschland,DE,dictionary_exact,1.0
40140095,Deutschland,DE,dictionary_exact,1.0
40140095,Deutschland,DE,dictionary_exact,1.0
40140070,Deutschland,DE,dictionary_exact,1.0
40140069,Deutschland,DE,dictionary_exact,1.0
40140069,Deutschland,DE,dictionary_exact,1.0
40140068,Deutschland,DE,dictionary_exact,1.0
40140054,Deutschland,DE,dictionary_exact,1.0
40140054,Deutschland,DE,dictionary_exact,1.0
40140001,Schweiz,CH,dictionary_exact,1.0
40140001,Deutschland,DE,dictionary_exact,1.0
40140001,Schweiz,CH,dictionary_exact,1.0
40140001,Deutschland,DE,dictionary_exact,1.0
40140000,Deutschland,DE,dictionary_exact,1.0
40139208,Germany,DE,pycountry_exact,0.95
40139208,Germany,DE,pycountry_exact,0.95
40139208,Germany,DE,pycountry_exact,0.95
40139201,Germany,DE,pycountry_exact,0.95
40139201,Germany,DE,pycountry_exact,0.95
40139201,Germany,DE,pycountry_exact,0.95
40139201,Germany,DE,pycountry_exact,0.95
40139201,Germany,DE,pycountry_exact,0.95
40139201,Germany,DE,pycountry_exact,0.95
40139201,Germany,DE,pycountry_exact,0.95
40139201,Germany,DE,pycountry_exact,0.95
40139201,Germany,DE,pycountry_exact,0.95
40139201,Germany,DE,pycountry_exact,0.95
40139201,Germany,DE,pycountry_exact,0.95
40139201,Germany,DE,pycountry_exact,0.95
40139201,Germany,DE,pycountry_exact,0.95
40139201,Germany,DE,pycountry_exact,0.95
40139201,Germany,DE,pycountry_exact,0.95
40139201,Germany,DE,pycountry_exact,0.95
40139201,Germany,DE,pycountry_exact,0.95
40139201,Germany,DE,pycountry_exact,0.95
40139201,Germany,DE,pycountry_exact,0.95
40139201,Germany,DE,pycountry_exact,0.95
40139201,Germany,DE,pycountry_exact,0.95
40139201,Germany,DE,pycountry_exact,0.95
40139201,Germany,DE,pycountry_exact,0.95
40139201,Germany,DE,pycountry_exact,0.95
40139201,Germany,DE,pycountry_exact,0.95
40139201,Germany,DE,pycountry_exact,0.95
40139200,Germany,DE,pycountry_exact,0.95
40139200,Germany,DE,pycountry_exact,0.95
40139200,Germany,DE,pycountry_exact,0.95
40139200,Germany,DE,pycountry_exact,0.95
40139200,Germany,DE,pycountry_exact,0.95
40139200,Germany,DE,pycountry_exact,0.95
40139200,Germany,DE,pycountry_exact,0.95
40139200,Germany,DE,pycountry_exact,0.95
40139200,Germany,DE,pycountry_exact,0.95
40139200,Germany,DE,pycountry_exact,0.95
40139200,Germany,DE,pycountry_exact,0.95
40139200,Germany,DE,pycountry_exact,0.95
40139200,Germany,DE,pycountry_exact,0.95
40139200,Germany,DE,pycountry_exact,0.95
40139200,Germany,DE,pycountry_exact,0.95
40139200,Germany,DE,pycountry_exact,0.95
40139200,Germany,DE,pycountry_exact,0.95
40139200,Germany,DE,pycountry_exact,0.95
40139200,Germany,DE,pycountry_exact,0.95
40139200,Germany,DE,pycountry_exact,0.95
40139200,Germany,DE,pycountry_exact,0.95
40139200,Germany,DE,pycountry_exact,0.95
40139200,Germany,DE,pycountry_exact,0.95
40139200,Germany,DE,pycountry_exact,0.95
40139200,Germany,DE,pycountry_exact,0.95
40139200,Germany,DE,pycountry_exact,0.95
40139196,GERMANY,DE,pycountry_exact,0.95
40139196,Abteilung für Management im Gesundheitswesen,not found,Not found,0.0
40139196,Universitätsklinikum Würzburg,DE,geonames_word,0.8
40139196,Charite-Universitätsmedizin Berlin,DE,geonames_word,0.8
40137989,Deutschland,DE,dictionary_exact,1.0
40137989,Deutschland,DE,dictionary_exact,1.0
40137989,Deutschland,DE,dictionary_exact,1.0
40137989,Deutschland,DE,dictionary_exact,1.0
40137989,Deutschland,DE,dictionary_exact,1.0
40137989,Deutschland,DE,dictionary_exact,1.0
40137973,Deutschland,DE,dictionary_exact,1.0
40137973,Deutschland,DE,dictionary_exact,1.0
40137940,Deutschland,DE,dictionary_exact,1.0
40137940,Deutschland,DE,dictionary_exact,1.0
40137940,Deutschland,DE,dictionary_exact,1.0
40137939,Deutschland,DE,dictionary_exact,1.0
40137939,Deutschland,DE,dictionary_exact,1.0
40137939,Deutschland,DE,dictionary_exact,1.0
40137939,Deutschland,DE,dictionary_exact,1.0
40137939,Deutschland,DE,dictionary_exact,1.0
40137939,Deutschland,DE,dictionary_exact,1.0
40133644,Deutschland,DE,dictionary_exact,1.0
40133515,Deutschland,DE,dictionary_exact,1.0
40133515,Deutschland,DE,dictionary_exact,1.0
40133515,Deutschland,DE,dictionary_exact,1.0
40133515,Deutschland,DE,dictionary_exact,1.0
40133515,Deutschland,DE,dictionary_exact,1.0
40133515,Deutschland,DE,dictionary_exact,1.0
40133515,Deutschland,DE,dictionary_exact,1.0
40133515,Deutschland,DE,dictionary_exact,1.0
40133515,Deutschland,DE,dictionary_exact,1.0
40132979,Bochum,DE,geonames_exact,0.9
40132979,Duisburg,DE,geonames_exact,0.9
40132977,Germany,DE,pycountry_exact,0.95
40132977,Germany,DE,pycountry_exact,0.95
40132977,Germany,DE,pycountry_exact,0.95
40132977,Germany,DE,pycountry_exact,0.95
40132977,Germany,DE,pycountry_exact,0.95
40132977,Germany,DE,pycountry_exact,0.95
40132977,Germany,DE,pycountry_exact,0.95
40132977,Germany,DE,pycountry_exact,0.95
40132977,Germany,DE,pycountry_exact,0.95
40132977,Germany,DE,pycountry_exact,0.95
40131677,Deutschland,DE,dictionary_exact,1.0
40131485,Deutschland,DE,dictionary_exact,1.0
40131485,Deutschland,DE,dictionary_exact,1.0
40131485,Deutschland,DE,dictionary_exact,1.0
40131485,Deutschland,DE,dictionary_exact,1.0
40131485,Deutschland,DE,dictionary_exact,1.0
40131438,Deutschland,DE,dictionary_exact,1.0
40131438,Deutschland,DE,dictionary_exact,1.0
40131417,Deutschland,DE,dictionary_exact,1.0
40131417,Österreich,AT,dictionary_exact,1.0
40131414,Deutschland,DE,dictionary_exact,1.0
40131414,Deutschland,DE,dictionary_exact,1.0
40131414,Deutschland,DE,dictionary_exact,1.0
40131414,Deutschland,DE,dictionary_exact,1.0
40131408,Deutschland,DE,dictionary_exact,1.0
40131407,Deutschland,DE,dictionary_exact,1.0
40131407,Deutschland,DE,dictionary_exact,1.0
40131407,Deutschland,DE,dictionary_exact,1.0
40131407,Deutschland,DE,dictionary_exact,1.0
40131405,Deutschland,DE,dictionary_exact,1.0
40131405,Deutschland,DE,dictionary_exact,1.0
40131404,Deutschland,DE,dictionary_exact,1.0
40131404,Deutschland,DE,dictionary_exact,1.0
40131403,Deutschland,DE,dictionary_exact,1.0
40131403,Deutschland,DE,dictionary_exact,1.0
40131400,Deutschland,DE,dictionary_exact,1.0
40131400,Deutschland,DE,dictionary_exact,1.0
40131400,Deutschland,DE,dictionary_exact,1.0
40131400,Deutschland,DE,dictionary_exact,1.0
40131400,Deutschland,DE,dictionary_exact,1.0
40131391,Am Stadtwall 3,BE,geonames_word,0.8
40131391,Deutschland,DE,dictionary_exact,1.0
40128386,Deutschland,DE,dictionary_exact,1.0
40128386,Deutschland,DE,dictionary_exact,1.0
40128386,Deutschland,DE,dictionary_exact,1.0
40128386,Deutschland,DE,dictionary_exact,1.0
40128386,Deutschland,DE,dictionary_exact,1.0
40128386,Deutschland,DE,dictionary_exact,1.0
40128386,Deutschland,DE,dictionary_exact,1.0
40128386,Deutschland,DE,dictionary_exact,1.0
40128386,Deutschland,DE,dictionary_exact,1.0
40128386,Österreich,AT,dictionary_exact,1.0
40128386,Deutschland,DE,dictionary_exact,1.0
40128386,Deutschland,DE,dictionary_exact,1.0
40128386,Deutschland,DE,dictionary_exact,1.0
40128386,Deutschland,DE,dictionary_exact,1.0
40128386,Deutschland,DE,dictionary_exact,1.0
40128386,Deutschland,DE,dictionary_exact,1.0
40128386,Deutschland,DE,dictionary_exact,1.0
40128386,Deutschland,DE,dictionary_exact,1.0
40128386,Deutschland,DE,dictionary_exact,1.0
40128386,Deutschland,DE,dictionary_exact,1.0
40128386,Deutschland,DE,dictionary_exact,1.0
40127679,Germany,DE,pycountry_exact,0.95
40127676,Germany,DE,pycountry_exact,0.95
40127676,Germany,DE,pycountry_exact,0.95
40127676,Germany,DE,pycountry_exact,0.95
40127654,Deutschland,DE,dictionary_exact,1.0
40127654,Deutschland,DE,dictionary_exact,1.0
40127170,Deutschland,DE,dictionary_exact,1.0
40127170,Deutschland,DE,dictionary_exact,1.0
40127170,Deutschland,DE,dictionary_exact,1.0
40127170,Deutschland,DE,dictionary_exact,1.0
40126669,Deutschland,DE,dictionary_exact,1.0
40126669,Deutschland,DE,dictionary_exact,1.0
40126669,Deutschland,DE,dictionary_exact,1.0
40126669,Deutschland,DE,dictionary_exact,1.0
40126669,Deutschland,DE,dictionary_exact,1.0
40126669,Deutschland,DE,dictionary_exact,1.0
40126669,Deutschland,DE,dictionary_exact,1.0
40126669,Deutschland,DE,dictionary_exact,1.0
40126669,Deutschland,DE,dictionary_exact,1.0
40126661,Deutschland,DE,dictionary_exact,1.0
40126661,Deutschland,DE,dictionary_exact,1.0
40126654,Deutschland,DE,dictionary_exact,1.0
40126654,Deutschland,DE,dictionary_exact,1.0
40126653,Deutschland,DE,dictionary_exact,1.0
40126653,Deutschland,DE,dictionary_exact,1.0
40126653,Deutschland,DE,dictionary_exact,1.0
40126653,Deutschland,DE,dictionary_exact,1.0
40126653,Deutschland,DE,dictionary_exact,1.0
40126653,Deutschland,DE,dictionary_exact,1.0
40126653,Deutschland,DE,dictionary_exact,1.0
40126653,Deutschland,DE,dictionary_exact,1.0
40126653,Deutschland,DE,dictionary_exact,1.0
40126653,Deutschland,DE,dictionary_exact,1.0
40126653,Deutschland,DE,dictionary_exact,1.0
40126653,Deutschland,DE,dictionary_exact,1.0
40126653,Schweiz,CH,dictionary_exact,1.0
40126653,Deutschland,DE,dictionary_exact,1.0
40126653,Deutschland,DE,dictionary_exact,1.0
40126653,Deutschland,DE,dictionary_exact,1.0
40126653,Deutschland,DE,dictionary_exact,1.0
40126653,Deutschland,DE,dictionary_exact,1.0
40126653,Deutschland,DE,dictionary_exact,1.0
40126653,Deutschland,DE,dictionary_exact,1.0
40126653,Deutschland,DE,dictionary_exact,1.0
40126653,Deutschland,DE,dictionary_exact,1.0
40126653,Deutschland,DE,dictionary_exact,1.0
40126653,Deutschland,DE,dictionary_exact,1.0
40126653,Deutschland,DE,dictionary_exact,1.0
40126652,Deutschland,DE,dictionary_exact,1.0
40126652,Deutschland,DE,dictionary_exact,1.0
40126642,Deutschland,DE,dictionary_exact,1.0
40126642,Deutschland,DE,dictionary_exact,1.0
40126642,Deutschland,DE,dictionary_exact,1.0
40126642,Deutschland,DE,dictionary_exact,1.0
40126642,Deutschland,DE,dictionary_exact,1.0
40126642,Deutschland,DE,dictionary_exact,1.0
40126636,Deutschland,DE,dictionary_exact,1.0
40126617,Deutschland,DE,dictionary_exact,1.0
40126617,Deutschland,DE,dictionary_exact,1.0
40126617,Deutschland,DE,dictionary_exact,1.0
40126617,Niederlande,NL,dictionary_exact,1.0
40123363,Deutschland,DE,dictionary_exact,1.0
40123362,Österreich,AT,dictionary_exact,1.0
40123362,Österreich,AT,dictionary_exact,1.0
40121383,Deutschland,DE,dictionary_exact,1.0
40121383,Deutschland,DE,dictionary_exact,1.0
40121383,Deutschland,DE,dictionary_exact,1.0
40121383,USA,US,dictionary_exact,1.0
40121374,Österreich,AT,dictionary_exact,1.0
40121373,Deutschland,DE,dictionary_exact,1.0
40121373,Deutschland,DE,dictionary_exact,1.0
40116939,Deutschland,DE,dictionary_exact,1.0
40116939,Deutschland,DE,dictionary_exact,1.0
40116939,Deutschland,DE,dictionary_exact,1.0
40116920,Deutschland,DE,dictionary_exact,1.0
40116920,Österreich,AT,dictionary_exact,1.0
40116920,Österreich,AT,dictionary_exact,1.0
40116920,Deutschland,DE,dictionary_exact,1.0
40116920,Deutschland,DE,dictionary_exact,1.0
40116920,Deutschland,DE,dictionary_exact,1.0
40116920,Deutschland,DE,dictionary_exact,1.0
40116920,Deutschland,DE,dictionary_exact,1.0
40116920,Deutschland,DE,dictionary_exact,1.0
40116920,Deutschland,DE,dictionary_exact,1.0
40116920,Deutschland,DE,dictionary_exact,1.0
40116920,Deutschland,DE,dictionary_exact,1.0
40116920,Deutschland,DE,dictionary_exact,1.0
40116920,Deutschland,DE,dictionary_exact,1.0
40116919,Deutschland,DE,dictionary_exact,1.0
40116919,Deutschland,DE,dictionary_exact,1.0
40116919,Deutschland,DE,dictionary_exact,1.0
40116916,Deutschland,DE,dictionary_exact,1.0
40116916,Deutschland,DE,dictionary_exact,1.0
40116914,Deutschland,DE,dictionary_exact,1.0
40116914,Deutschland,DE,dictionary_exact,1.0
40116914,Deutschland,DE,dictionary_exact,1.0
40116914,Deutschland,DE,dictionary_exact,1.0
40116914,Deutschland,DE,dictionary_exact,1.0
40113715,Deutschland,DE,dictionary_exact,1.0
40113714,Deutschland,DE,dictionary_exact,1.0
40113713,Deutschland,DE,dictionary_exact,1.0
40113712,Deutschland,DE,dictionary_exact,1.0
40113711,Deutschland,DE,dictionary_exact,1.0
40113710,Deutschland,DE,dictionary_exact,1.0
40113709,Deutschland,DE,dictionary_exact,1.0
40113708,Deutschland,DE,dictionary_exact,1.0
40113707,Deutschland,DE,dictionary_exact,1.0
40113706,Germany,DE,pycountry_exact,0.95
40113706,Germany,DE,pycountry_exact,0.95
40113706,Germany,DE,pycountry_exact,0.95
40113705,Deutschland,DE,dictionary_exact,1.0
40113705,Deutschland,DE,dictionary_exact,1.0
40113704,Deutschland,DE,dictionary_exact,1.0
40113704,Deutschland,DE,dictionary_exact,1.0
40113703,Deutschland,DE,dictionary_exact,1.0
40113703,Deutschland,DE,dictionary_exact,1.0
40113702,Deutschland,DE,dictionary_exact,1.0
40113702,Deutschland,DE,dictionary_exact,1.0
40113701,Deutschland,DE,dictionary_exact,1.0
40113701,Deutschland,DE,dictionary_exact,1.0
40113700,Deutschland,DE,dictionary_exact,1.0
40113699,Deutschland,DE,dictionary_exact,1.0
40113698,Deutschland,DE,dictionary_exact,1.0
40113697,Deutschland,DE,dictionary_exact,1.0
40113696,Deutschland,DE,dictionary_exact,1.0
40113695,Deutschland,DE,dictionary_exact,1.0
40113694,Deutschland,DE,dictionary_exact,1.0
40113693,Deutschland,DE,dictionary_exact,1.0
40113692,Deutschland,DE,dictionary_exact,1.0
40113691,Deutschland,DE,dictionary_exact,1.0
40113690,Deutschland,DE,dictionary_exact,1.0
40113689,Deutschland,DE,dictionary_exact,1.0
40113688,Österreich,AT,dictionary_exact,1.0
40113688,Deutschland,DE,dictionary_exact,1.0
40113687,Deutschland,DE,dictionary_exact,1.0
40113686,Germany,DE,pycountry_exact,0.95
40113685,Germany,DE,pycountry_exact,0.95
40113684,Deutschland,DE,dictionary_exact,1.0
40113683,Deutschland,DE,dictionary_exact,1.0
40113682,Deutschland,DE,dictionary_exact,1.0
40113681,Deutschland,DE,dictionary_exact,1.0
40113680,Deutschland,DE,dictionary_exact,1.0
40113679,Deutschland,DE,dictionary_exact,1.0
40113678,Deutschland,DE,dictionary_exact,1.0
40113677,Deutschland,DE,dictionary_exact,1.0
40113676,Germany,DE,pycountry_exact,0.95
40113675,Germany,DE,pycountry_exact,0.95
40113674,Germany,DE,pycountry_exact,0.95
40113673,Deutschland,DE,dictionary_exact,1.0
40113672,Schweiz,CH,dictionary_exact,1.0
40113671,Deutschland,DE,dictionary_exact,1.0
40113670,Deutschland,DE,dictionary_exact,1.0
40113636,Deutschland,DE,dictionary_exact,1.0
40113636,Deutschland,DE,dictionary_exact,1.0
40113636,Deutschland,DE,dictionary_exact,1.0
40113609,Deutschland,DE,dictionary_exact,1.0
40113609,Deutschland,DE,dictionary_exact,1.0
40113609,Deutschland,DE,dictionary_exact,1.0
40113609,Deutschland,DE,dictionary_exact,1.0
40113609,Deutschland,DE,dictionary_exact,1.0
40113599,Deutschland,DE,dictionary_exact,1.0
40113599,Schweiz,CH,dictionary_exact,1.0
40113599,Schweiz,CH,dictionary_exact,1.0
40113542,Deutschland,DE,dictionary_exact,1.0
40113542,Deutschland,DE,dictionary_exact,1.0
40113542,Deutschland,DE,dictionary_exact,1.0
40113542,Deutschland,DE,dictionary_exact,1.0
40113542,Deutschland,DE,dictionary_exact,1.0
40112832,Deutschland,DE,dictionary_exact,1.0
40112830,Germany,DE,pycountry_exact,0.95
40112830,Germany,DE,pycountry_exact,0.95
40112830,Germany,DE,pycountry_exact,0.95
40111621,Österreich,AT,dictionary_exact,1.0
40111621,Österreich,AT,dictionary_exact,1.0
40111621,Österreich,AT,dictionary_exact,1.0
40111621,Österreich,AT,dictionary_exact,1.0
40111621,Österreich,AT,dictionary_exact,1.0
40111527,Deutschland,DE,dictionary_exact,1.0
40111527,Deutschland,DE,dictionary_exact,1.0
40111527,Deutschland,DE,dictionary_exact,1.0
40111527,Österreich,AT,dictionary_exact,1.0
40111527,Deutschland,DE,dictionary_exact,1.0
40111527,Deutschland,DE,dictionary_exact,1.0
40111527,Deutschland,DE,dictionary_exact,1.0
40111527,Deutschland,DE,dictionary_exact,1.0
40111527,Deutschland,DE,dictionary_exact,1.0
40111527,Deutschland,DE,dictionary_exact,1.0
40111527,Deutschland,DE,dictionary_exact,1.0
40111526,Deutschland,DE,dictionary_exact,1.0
40111526,Deutschland,DE,dictionary_exact,1.0
40111526,Deutschland,DE,dictionary_exact,1.0
40111526,Deutschland,DE,dictionary_exact,1.0
40111477,Deutschland,DE,dictionary_exact,1.0
40111477,Deutschland,DE,dictionary_exact,1.0
40111477,Deutschland,DE,dictionary_exact,1.0
40111477,Deutschland,DE,dictionary_exact,1.0
40111477,Deutschland,DE,dictionary_exact,1.0
40111477,Deutschland,DE,dictionary_exact,1.0
40111477,Deutschland,DE,dictionary_exact,1.0
40111477,Deutschland,DE,dictionary_exact,1.0
40111476,Deutschland,DE,dictionary_exact,1.0
40111476,Deutschland,DE,dictionary_exact,1.0
40111476,Deutschland,DE,dictionary_exact,1.0
40111476,Deutschland,DE,dictionary_exact,1.0
40111475,Deutschland,DE,dictionary_exact,1.0
40111475,Deutschland,DE,dictionary_exact,1.0
40111474,Deutschland,DE,dictionary_exact,1.0
40111459,Deutschland,DE,dictionary_exact,1.0
40111459,Deutschland,DE,dictionary_exact,1.0
40111459,Deutschland,DE,dictionary_exact,1.0
40111459,Deutschland,DE,dictionary_exact,1.0
40111459,Deutschland,DE,dictionary_exact,1.0
40111459,Deutschland,DE,dictionary_exact,1.0
40111459,Deutschland,DE,dictionary_exact,1.0
40111459,Deutschland,DE,dictionary_exact,1.0
40111459,Deutschland,DE,dictionary_exact,1.0
40111459,Deutschland,DE,dictionary_exact,1.0
40111459,Deutschland,DE,dictionary_exact,1.0
40111459,Deutschland,DE,dictionary_exact,1.0
40111459,Deutschland,DE,dictionary_exact,1.0
40111446,Deutschland,DE,dictionary_exact,1.0
40111446,Deutschland,DE,dictionary_exact,1.0
40109146,USA,US,dictionary_exact,1.0
40109146,USA,US,dictionary_exact,1.0
40109146,USA,US,dictionary_exact,1.0
40109146,Madison,US,geonames_exact,0.9
40108043,Deutschland,DE,dictionary_exact,1.0
40107288,Fachgebiet Management im Gesundheitswesen,not found,Not found,0.0
40107288,Solventum Germany GmbH,not found,Not found,0.0
40107288,Initiative Qualitätsmedizin e.V,not found,Not found,0.0
40107288,RWI - Leibniz-Institut für Wirtschaftsforschung e.V,US,geonames_word,0.8
40107288,Fresenius SE & Co. KGaA; Scientific advisory Board Initiative Qualitätsmedizin e.V,BJ,geonames_word,0.8
40106193,Österreich,AT,dictionary_exact,1.0
40106193,Österreich,AT,dictionary_exact,1.0
40105967,Deutschland,DE,dictionary_exact,1.0
40105967,Deutschland,DE,dictionary_exact,1.0
40105961,Deutschland,DE,dictionary_exact,1.0
40105953,Deutschland,DE,dictionary_exact,1.0
40105953,Deutschland,DE,dictionary_exact,1.0
40105953,Deutschland,DE,dictionary_exact,1.0
40105953,Deutschland,DE,dictionary_exact,1.0
40105953,Deutschland,DE,dictionary_exact,1.0
40105944,Österreich,AT,dictionary_exact,1.0
40105944,Deutschland,DE,dictionary_exact,1.0
40105939,Deutschland,DE,dictionary_exact,1.0
40105939,Deutschland,DE,dictionary_exact,1.0
40105938,Deutschland,DE,dictionary_exact,1.0
40105938,Deutschland,DE,dictionary_exact,1.0
40105938,Deutschland,DE,dictionary_exact,1.0
40105932,Deutschland,DE,dictionary_exact,1.0
40105932,Deutschland,DE,dictionary_exact,1.0
40105929,Deutschland,DE,dictionary_exact,1.0
40105928,Deutschland,DE,dictionary_exact,1.0
40105926,Österreich,AT,dictionary_exact,1.0
40105926,Österreich,AT,dictionary_exact,1.0
40105926,Österreich,AT,dictionary_exact,1.0
40105926,Italien,IT,dictionary_exact,1.0
40105926,Deutschland,DE,dictionary_exact,1.0
40105926,Deutschland,DE,dictionary_exact,1.0
40105916,Deutschland,DE,dictionary_exact,1.0
40105915,Deutschland,DE,dictionary_exact,1.0
40105915,Deutschland,DE,dictionary_exact,1.0
40105911,Deutschland,DE,dictionary_exact,1.0
40105911,Schweden,SE,dictionary_exact,1.0
40105911,Deutschland,DE,dictionary_exact,1.0
40103412,University of Zurich,CH,geonames_word,0.8
40102242,Deutschland,DE,dictionary_exact,1.0
40102242,Deutschland,DE,dictionary_exact,1.0
40102242,Deutschland,DE,dictionary_exact,1.0
40102242,Deutschland,DE,dictionary_exact,1.0
40102242,Deutschland,DE,dictionary_exact,1.0
40101794,Germany,DE,pycountry_exact,0.95
40101794,Germany,DE,pycountry_exact,0.95
40101794,Germany,DE,pycountry_exact,0.95
40101794,Germany,DE,pycountry_exact,0.95
40101794,Germany,DE,pycountry_exact,0.95
40101794,Germany,DE,pycountry_exact,0.95
40101794,Germany,DE,pycountry_exact,0.95
40101794,Germany,DE,pycountry_exact,0.95
40101786,Germany,DE,pycountry_exact,0.95
40100394,Österreich,AT,dictionary_exact,1.0
40100394,Österreich,AT,dictionary_exact,1.0
40100394,Österreich,AT,dictionary_exact,1.0
40100394,Schweiz,CH,dictionary_exact,1.0
40100394,Schweiz,CH,dictionary_exact,1.0
40100394,Schweiz,CH,dictionary_exact,1.0
40100394,Österreich,AT,dictionary_exact,1.0
40100394,Österreich,AT,dictionary_exact,1.0
40100394,Schweiz,CH,dictionary_exact,1.0
40100394,Schweiz,CH,dictionary_exact,1.0
40100383,Deutschland,DE,dictionary_exact,1.0
40100383,Deutschland,DE,dictionary_exact,1.0
40100364,Schweiz,CH,dictionary_exact,1.0
40100358,Deutschland,DE,dictionary_exact,1.0
40100358,Deutschland,DE,dictionary_exact,1.0
40100327,Deutschland,DE,dictionary_exact,1.0
40100327,Deutschland,DE,dictionary_exact,1.0
40100320,Deutschland,DE,dictionary_exact,1.0
40100320,Deutschland,DE,dictionary_exact,1.0
40100320,Deutschland,DE,dictionary_exact,1.0
40098556,Universitätsspital Zürich Pestalozzistrasse 24,CH,geonames_word,0.8
40098555,Institut für Hausarztmedizin Universitätsspital Zürich Pestalozzistrasse 24,CH,geonames_word,0.8
40098554,Schweiz,CH,dictionary_exact,1.0
40098554,U.K,not found,Not found,0.0
40098554,Schweiz,CH,dictionary_exact,1.0
40098553,Switzerland,CH,pycountry_exact,0.95
40098553,Switzerland,CH,pycountry_exact,0.95
40098553,Switzerland,CH,pycountry_exact,0.95
40098553,USA,US,dictionary_exact,1.0
40098553,Switzerland,CH,pycountry_exact,0.95
40098552,Universität Basel,CH,geonames_word,0.8
40098552,Universität Basel,CH,geonames_word,0.8
40098552,Spital STS AG Thun,CH,geonames_word,0.8
40098552,Binningen BL,not found,Not found,0.0
40098552,Zürich,CH,pycountry_exact,0.95
40098552,Zürich,CH,pycountry_exact,0.95
40098552,Reinach BL,CH,geonames_exact,0.9
40098551,Praxis Pfeffingen,not found,Not found,0.0
40098550,Universitätsspital Basel,CH,geonames_word,0.8
40098549,Wil,MY,pycountry_exact,0.95
40098549,Bern,CH,pycountry_exact,0.95
40098548,Spitäler Schaffhausen,CH,geonames_word,0.8
40098548,Spitäler Schaffhausen,CH,geonames_word,0.8
40098547,Chur,BB,pycountry_exact,0.95
40098547,Chur,BB,pycountry_exact,0.95
40097837,Deutschland,DE,dictionary_exact,1.0
40097837,Deutschland,DE,dictionary_exact,1.0
40097837,Deutschland,DE,dictionary_exact,1.0
40097837,Deutschland,DE,dictionary_exact,1.0
40097817,Deutschland,DE,dictionary_exact,1.0
40097817,Deutschland,DE,dictionary_exact,1.0
40097817,Deutschland,DE,dictionary_exact,1.0
40097817,Deutschland,DE,dictionary_exact,1.0
40097817,Deutschland,DE,dictionary_exact,1.0
40097817,Deutschland,DE,dictionary_exact,1.0
40097817,Deutschland,DE,dictionary_exact,1.0
40097817,Deutschland,DE,dictionary_exact,1.0
40097817,Deutschland,DE,dictionary_exact,1.0
40097817,Deutschland,DE,dictionary_exact,1.0
40097817,Deutschland,DE,dictionary_exact,1.0
40097817,Deutschland,DE,dictionary_exact,1.0
40097817,Deutschland,DE,dictionary_exact,1.0
40097817,Deutschland,DE,dictionary_exact,1.0
40097817,Deutschland,DE,dictionary_exact,1.0
40097817,Deutschland,DE,dictionary_exact,1.0
40097817,Deutschland,DE,dictionary_exact,1.0
40097816,Deutschland,DE,dictionary_exact,1.0
40097816,Deutschland,DE,dictionary_exact,1.0
40097816,Deutschland,DE,dictionary_exact,1.0
40097816,Deutschland,DE,dictionary_exact,1.0
40097760,Deutschland,DE,dictionary_exact,1.0
40097760,Deutschland,DE,dictionary_exact,1.0
40097760,Deutschland,DE,dictionary_exact,1.0
40097665,Deutschland,DE,dictionary_exact,1.0
40097665,Deutschland,DE,dictionary_exact,1.0
40097665,Deutschland,DE,dictionary_exact,1.0
40097665,Deutschland,DE,dictionary_exact,1.0
40097025,Germany,DE,pycountry_exact,0.95
40097001,Germany,DE,pycountry_exact,0.95
40097001,Germany,DE,pycountry_exact,0.95
40097001,Germany,DE,pycountry_exact,0.95
40097001,Germany,DE,pycountry_exact,0.95
40097001,Germany,DE,pycountry_exact,0.95
40097001,Germany,DE,pycountry_exact,0.95
40097001,Germany,DE,pycountry_exact,0.95
40097001,Germany,DE,pycountry_exact,0.95
40097001,Germany,DE,pycountry_exact,0.95
40097001,Germany,DE,pycountry_exact,0.95
40097001,Germany,DE,pycountry_exact,0.95
40097001,Germany,DE,pycountry_exact,0.95
40097001,Germany,DE,pycountry_exact,0.95
40097001,Germany,DE,pycountry_exact,0.95
40097001,Germany,DE,pycountry_exact,0.95
40097001,Austria,AT,pycountry_exact,0.95
40097001,Germany,DE,pycountry_exact,0.95
40097001,Germany,DE,pycountry_exact,0.95
40097001,Germany,DE,pycountry_exact,0.95
40097001,Germany,DE,pycountry_exact,0.95
40096967,Germany,DE,pycountry_exact,0.95
40096966,Germany,DE,pycountry_exact,0.95
40095129,Deutschland,DE,dictionary_exact,1.0
40095129,Deutschland,DE,dictionary_exact,1.0
40095129,Deutschland,DE,dictionary_exact,1.0
40095129,Deutschland,DE,dictionary_exact,1.0
40095129,Deutschland,DE,dictionary_exact,1.0
40095129,Deutschland,DE,dictionary_exact,1.0
40095112,Österreich,AT,dictionary_exact,1.0
40095112,Österreich,AT,dictionary_exact,1.0
40095112,Österreich,AT,dictionary_exact,1.0
40095112,Österreich,AT,dictionary_exact,1.0
40095000,Deutschland,DE,dictionary_exact,1.0
40095000,Deutschland,DE,dictionary_exact,1.0
40094977,Deutschland,DE,dictionary_exact,1.0
40094977,Deutschland,DE,dictionary_exact,1.0
40094977,Deutschland,DE,dictionary_exact,1.0
40094977,Deutschland,DE,dictionary_exact,1.0
40094977,Deutschland,DE,dictionary_exact,1.0
40094977,Deutschland,DE,dictionary_exact,1.0
40094977,Deutschland,DE,dictionary_exact,1.0
40094977,Deutschland,DE,dictionary_exact,1.0
40094977,Deutschland,DE,dictionary_exact,1.0
40094494,Deutschland,DE,dictionary_exact,1.0
40094494,Deutschland,DE,dictionary_exact,1.0
40094494,Vereinigtes Königreich,not found,Not found,0.0
40094407,Deutschland,DE,dictionary_exact,1.0
40094407,Deutschland,DE,dictionary_exact,1.0
40091714,Basel,CH,pycountry_exact,0.95
40091714,Petersgraben 4,not found,Not found,0.0
40091713,Basel,CH,pycountry_exact,0.95
40091713,Universitätsspital Basel,CH,geonames_word,0.8
40091713,Basel,CH,pycountry_exact,0.95
40091712,Universität Zürich,CH,geonames_word,0.8
40091711,Deutschland,DE,dictionary_exact,1.0
40091710,Burgdorf,CH,geonames_exact,0.9
40091710,Bern,CH,pycountry_exact,0.95
40091709,Hôpital Universitaire Genève,CH,geonames_word,0.8
40091709,Bern,CH,pycountry_exact,0.95
40091709,Basel,CH,pycountry_exact,0.95
40091709,Basel,CH,pycountry_exact,0.95
40091708,Basel,CH,pycountry_exact,0.95
40091708,Basel,CH,pycountry_exact,0.95
40091708,Bern,CH,pycountry_exact,0.95
40091708,Hôpital Universitaire Genève,CH,geonames_word,0.8
40091707,Universitätsspital Bern,CH,geonames_word,0.8
40087176,Deutschland,DE,dictionary_exact,1.0
40087176,Deutschland,DE,dictionary_exact,1.0
40087173,Österreich,AT,dictionary_exact,1.0
40087173,Österreich,AT,dictionary_exact,1.0
40087173,Österreich,AT,dictionary_exact,1.0
40087173,Österreich,AT,dictionary_exact,1.0
40087173,Österreich,AT,dictionary_exact,1.0
40087173,Österreich,AT,dictionary_exact,1.0
40086892,BKH Günzburg,DE,geonames_word,0.8
40086892,Universität Ulm,DE,geonames_word,0.8
40086892,Christian-Albrechts-Universität zu Kiel,DE,geonames_word,0.8
40086892,Schön Klinik Rendsburg,DE,geonames_word,0.8
40086891,LWL-Klinikum Gütersloh,DE,geonames_word,0.8
40086891,Mainz,DE,geonames_exact,0.9
40086891,Universitätsmedizin der Johannes Gutenberg-Universität Mainz,DE,geonames_word,0.8
40086891,Darmstadt,DE,geonames_exact,0.9
40086891,Universitätsmedizin der Johannes Gutenberg-Universität Mainz,DE,geonames_word,0.8
40086891,Bielefeld,DE,geonames_exact,0.9
40086887,Deutschland,DE,dictionary_exact,1.0
40086887,Deutschland,DE,dictionary_exact,1.0
40086887,Deutschland,DE,dictionary_exact,1.0
40086887,Deutschland,DE,dictionary_exact,1.0
40086887,Deutschland,DE,dictionary_exact,1.0
40086887,Deutschland,DE,dictionary_exact,1.0
40086887,Deutschland,DE,dictionary_exact,1.0
40086887,Deutschland,DE,dictionary_exact,1.0
40086887,Deutschland,DE,dictionary_exact,1.0
40086886,Germany,DE,pycountry_exact,0.95
40086886,Germany,DE,pycountry_exact,0.95
40086886,Germany,DE,pycountry_exact,0.95
40086862,Schweiz,CH,dictionary_exact,1.0
40086862,Schweiz,CH,dictionary_exact,1.0
40086857,SLK-Kliniken Heilbronn Korrespondenzadresse,DE,geonames_word,0.8
40085225,Deutschland,DE,dictionary_exact,1.0
40085225,Deutschland,DE,dictionary_exact,1.0
40085225,Deutschland,DE,dictionary_exact,1.0
40085197,Deutschland,DE,dictionary_exact,1.0
40085197,Deutschland,DE,dictionary_exact,1.0
40085197,Deutschland,DE,dictionary_exact,1.0
40085197,Deutschland,DE,dictionary_exact,1.0
40085197,Deutschland,DE,dictionary_exact,1.0
40085197,Deutschland,DE,dictionary_exact,1.0
40085197,Deutschland,DE,dictionary_exact,1.0
40085197,Deutschland,DE,dictionary_exact,1.0
40085197,Deutschland,DE,dictionary_exact,1.0
40084487,Deutschland,DE,dictionary_exact,1.0
40084485,Deutschland,DE,dictionary_exact,1.0
40084484,Deutschland,DE,dictionary_exact,1.0
40082281,Deutschland,DE,dictionary_exact,1.0
40081420,Austria,AT,pycountry_exact,0.95
40081413,Germany,DE,pycountry_exact,0.95
40081413,Germany,DE,pycountry_exact,0.95
40081412,Germany,DE,pycountry_exact,0.95
40081412,Germany,DE,pycountry_exact,0.95
40081411,Germany,DE,pycountry_exact,0.95
40081411,Germany,DE,pycountry_exact,0.95
40081410,Germany,DE,pycountry_exact,0.95
40081410,Germany,DE,pycountry_exact,0.95
40081409,Germany,DE,pycountry_exact,0.95
40081409,Germany,DE,pycountry_exact,0.95
40081409,Germany,DE,pycountry_exact,0.95
40081409,Germany,DE,pycountry_exact,0.95
40081404,Germany,DE,pycountry_exact,0.95
40081404,Germany,DE,pycountry_exact,0.95
40081404,Germany,DE,pycountry_exact,0.95
40081404,Germany,DE,pycountry_exact,0.95
40080176,Deutschland,DE,dictionary_exact,1.0
40080176,Deutschland,DE,dictionary_exact,1.0
40080176,Deutschland,DE,dictionary_exact,1.0
40080176,Deutschland,DE,dictionary_exact,1.0
40080176,Deutschland,DE,dictionary_exact,1.0
40080176,Deutschland,DE,dictionary_exact,1.0
40080175,Deutschland,DE,dictionary_exact,1.0
40080133,Deutschland,DE,dictionary_exact,1.0
40080133,Deutschland,DE,dictionary_exact,1.0
40080133,Deutschland,DE,dictionary_exact,1.0
40080133,Deutschland,DE,dictionary_exact,1.0
40080102,Deutschland,DE,dictionary_exact,1.0
40080102,Deutschland,DE,dictionary_exact,1.0
40079633,Zürich,CH,pycountry_exact,0.95
40079632,Schweiz,CH,dictionary_exact,1.0
40079631,Bern,CH,pycountry_exact,0.95
40079631,Schweiz,CH,dictionary_exact,1.0
40079630,Universität Zürich,CH,geonames_word,0.8
40079630,Spital Uster,CH,geonames_word,0.8
40079629,Universität Basel,CH,geonames_word,0.8
40079629,Arlesheim BL,not found,Not found,0.0
40079629,Therwil BL,not found,Not found,0.0
40079629,Richterswil ZH,not found,Not found,0.0
40079629,Glattbrugg ZH,not found,Not found,0.0
40079629,Kantonsspital St. Gallen,FR,geonames_word,0.8
40079628,Chur,BB,pycountry_exact,0.95
40079628,Buchs,not found,Not found,0.0
40079628,Hottingerstrasse 9,not found,Not found,0.0
40079628,Winterthur,CH,geonames_exact,0.9
40079627,Stadtspital Zürich,CH,geonames_word,0.8
40079627,Stadtspital Zürich,CH,geonames_word,0.8
40079627,Stadtspital Zürich,CH,geonames_word,0.8
40079627,Universität Zürich,CH,geonames_word,0.8
40079626,Universitätsspital Zürich,CH,geonames_word,0.8
40079626,Universitätsspital Zürich,CH,geonames_word,0.8
40079625,Zuger Kantonsspital,not found,Not found,0.0
40074975,Deutschland,DE,dictionary_exact,1.0
40074975,Deutschland,DE,dictionary_exact,1.0
40074914,Deutschland,DE,dictionary_exact,1.0
40074914,Deutschland,DE,dictionary_exact,1.0
40074914,Deutschland,DE,dictionary_exact,1.0
40074914,Deutschland,DE,dictionary_exact,1.0
40074863,Deutschland,DE,dictionary_exact,1.0
40074605,Deutschland,DE,dictionary_exact,1.0
40074605,Deutschland,DE,dictionary_exact,1.0
40074605,Deutschland,DE,dictionary_exact,1.0
40074605,Deutschland,DE,dictionary_exact,1.0
40074212,Germany,DE,pycountry_exact,0.95
40074212,Germany,DE,pycountry_exact,0.95
40074212,Germany,DE,pycountry_exact,0.95
40074212,Germany,DE,pycountry_exact,0.95
40074008,Germany,DE,pycountry_exact,0.95
40073979,Germany,DE,pycountry_exact,0.95
40072579,Österreich,AT,dictionary_exact,1.0
40072579,Österreich,AT,dictionary_exact,1.0
40072541,Deutschland,DE,dictionary_exact,1.0
40072541,Deutschland,DE,dictionary_exact,1.0
40072540,Deutschland,DE,dictionary_exact,1.0
40072540,Deutschland,DE,dictionary_exact,1.0
40072530,Deutschland,DE,dictionary_exact,1.0
40072530,Schweiz,CH,dictionary_exact,1.0
40072530,Deutschland,DE,dictionary_exact,1.0
40072528,Deutschland,DE,dictionary_exact,1.0
40072528,Deutschland,DE,dictionary_exact,1.0
40072528,Deutschland,DE,dictionary_exact,1.0
40072528,Deutschland,DE,dictionary_exact,1.0
40072528,Deutschland,DE,dictionary_exact,1.0
40072526,Deutschland,DE,dictionary_exact,1.0
40072526,Deutschland,DE,dictionary_exact,1.0
40072526,Deutschland,DE,dictionary_exact,1.0
40071436,Deutschland,DE,dictionary_exact,1.0
40071436,Deutschland,DE,dictionary_exact,1.0
40069396,Deutschland,DE,dictionary_exact,1.0
40069396,Deutschland,DE,dictionary_exact,1.0
40069396,Schweiz,CH,dictionary_exact,1.0
40069396,Deutschland,DE,dictionary_exact,1.0
40069041,Österreich,AT,dictionary_exact,1.0
40069041,Österreich,AT,dictionary_exact,1.0
40069041,Österreich,AT,dictionary_exact,1.0
40069041,Österreich,AT,dictionary_exact,1.0
40068889,Germany,DE,pycountry_exact,0.95
40068889,Germany,DE,pycountry_exact,0.95
40068882,Universitätsklinikum Leipzig,DE,geonames_word,0.8
40068882,Düsseldorf,DE,geonames_exact,0.9
40068881,Technische Universität Dresden,DE,geonames_word,0.8
40068881,Stendal,DE,geonames_exact,0.9
40068881,Leipzig,DE,geonames_exact,0.9
40068881,Universitätsmedizin der Johannes Gutenberg-Universität Mainz,DE,geonames_word,0.8
40068881,Universitätsklinikum Leipzig,DE,geonames_word,0.8
40068881,Zittau,DE,geonames_exact,0.9
40068872,Germany,DE,pycountry_exact,0.95
40068872,Germany,DE,pycountry_exact,0.95
40067501,Deutschland,DE,dictionary_exact,1.0
40067501,Deutschland,DE,dictionary_exact,1.0
40067500,Deutschland,DE,dictionary_exact,1.0
40067500,Deutschland,DE,dictionary_exact,1.0
40067500,Deutschland,DE,dictionary_exact,1.0
40067499,Deutschland,DE,dictionary_exact,1.0
40067499,Deutschland,DE,dictionary_exact,1.0
40067499,Deutschland,DE,dictionary_exact,1.0
40067499,Deutschland,DE,dictionary_exact,1.0
40067497,Deutschland,DE,dictionary_exact,1.0
40067496,Schweiz,CH,dictionary_exact,1.0
40067496,Schweiz,CH,dictionary_exact,1.0
40067496,Schweiz,CH,dictionary_exact,1.0
40067496,Deutschland,DE,dictionary_exact,1.0
40067496,Deutschland,DE,dictionary_exact,1.0
40067495,Deutschland,DE,dictionary_exact,1.0
40067495,Deutschland,DE,dictionary_exact,1.0
40067488,Deutschland,DE,dictionary_exact,1.0
40067488,Deutschland,DE,dictionary_exact,1.0
40067488,Deutschland,DE,dictionary_exact,1.0
40067450,Deutschland,DE,dictionary_exact,1.0
40067450,Deutschland,DE,dictionary_exact,1.0
40067447,Deutschland,DE,dictionary_exact,1.0
40067447,Deutschland,DE,dictionary_exact,1.0
40067447,Deutschland,DE,dictionary_exact,1.0
40067446,Deutschland,DE,dictionary_exact,1.0
40064716,Deutschland,DE,dictionary_exact,1.0
40064716,Deutschland,DE,dictionary_exact,1.0
40064716,Deutschland,DE,dictionary_exact,1.0
40064715,Deutschland,DE,dictionary_exact,1.0
40064703,Deutschland,DE,dictionary_exact,1.0
40064703,Deutschland,DE,dictionary_exact,1.0
40064662,Deutschland,DE,dictionary_exact,1.0
40064662,Deutschland,DE,dictionary_exact,1.0
40064327,France,FR,pycountry_exact,0.95
40064196,Deutschland,DE,dictionary_exact,1.0
40064196,Deutschland,DE,dictionary_exact,1.0
40064196,Deutschland,DE,dictionary_exact,1.0
40064174,Tübingen,DE,geonames_exact,0.9
40064174,Stuttgart,DE,geonames_exact,0.9
40064174,Berlin,DE,pycountry_exact,0.95
40064174,Universitätsklinikum Mannheim,DE,geonames_word,0.8
40064174,Institut für Klinische Chemie und Pathobiochemie,AF,geonames_word,0.8
40064174,Medizinische Universität Graz,AT,geonames_word,0.8
40064174,Bad Neuenahr-Ahrweiler,DE,geonames_exact,0.9
40064174,Universität Greifswald,DE,geonames_word,0.8
40064174,Universität Regensburg,DE,geonames_word,0.8
40064174,Berlin,DE,pycountry_exact,0.95
40064174,Berlin/Kiel,not found,Not found,0.0
40064174,Universitätsklinikum Tübingen,DE,geonames_word,0.8
40064174,Universitätsklinikum Würzburg,DE,geonames_word,0.8
40064174,Universitätsklinikum Freiburg,CH,geonames_word,0.8
40064174,Böblingen,DE,geonames_exact,0.9
40064174,München Klinik Bogenhausen,DE,geonames_word,0.8
40064174,Universitätsklinikum Dresden,DE,geonames_word,0.8
40064174,Bühlerhöhe,not found,Not found,0.0
40064174,Universitätsklinikum Schleswig-Holstein,DE,geonames_word,0.8
40064174,Tübingen,DE,geonames_exact,0.9
40064174,Mainz,DE,geonames_exact,0.9
40064174,Universitätsklinikum Münster,DE,geonames_word,0.8
40064174,Universitätsklinikum Düsseldorf,DE,geonames_word,0.8
40064174,Universitätsklinikum Marburg,DE,geonames_word,0.8
40064174,Tübingen,DE,geonames_exact,0.9
40064174,MVZ Katholisches Klinikum Bochum,DE,geonames_word,0.8
40064174,Klinikverbund Bremen,DE,geonames_word,0.8
40064174,Asklepios Klinik Barmbek,not found,Not found,0.0
40064174,Technische Universität München,DE,geonames_word,0.8
40064174,SLK-Klinken Heilbronn,DE,geonames_word,0.8
40064174,Universitätsklinikum Köln,DE,geonames_word,0.8
40064174,University of Kentucky,TR,geonames_word,0.8
40064174,Asklepios Klinik Altona,DE,geonames_word,0.8
40064174,Hamburger Fern-Hochschule,not found,Not found,0.0
40064174,Städtisches Klinikum Karlsruhe,DE,geonames_word,0.8
40064174,Lebertransplantierte e.V,not found,Not found,0.0
40064174,Medizinische Hochschule Hannover,DE,geonames_word,0.8
40064174,Universitätsklinikum Gießen,DE,geonames_word,0.8
40064174,Universitätsklinikum Halle (Saale),BE,geonames_word,0.8
40064174,Erlangen,DE,geonames_exact,0.9
40064174,Universitätsklinikum Heidelberg,DE,geonames_word,0.8
40064174,Universitätsklinikum Regensburg,DE,geonames_word,0.8
40064174,LMU München,DE,geonames_word,0.8
40064174,Marienhospital Osnabrück,DE,geonames_word,0.8
40064174,Geislingen an der Steige,DE,geonames_exact,0.9
40064174,Universitätsklinikum Leipzig,DE,geonames_word,0.8
40064174,Universitätsklinikum Hamburg-Eppendorf,DE,geonames_word,0.8
40064174,Tübingen,DE,geonames_exact,0.9
40064174,Klinik Herzoghöhe Bayreuth,DE,geonames_word,0.8
40064174,Ruhr-Universität Bochum,DE,geonames_word,0.8
40064174,Universitätsklinikum Heidelberg,DE,geonames_word,0.8
40064174,Frankfurt,DE,geonames_exact,0.9
40064174,Deutsche Leberhilfe e.V,not found,Not found,0.0
40064174,Berlin,DE,pycountry_exact,0.95
40064174,University of Toronto,CA,geonames_word,0.8
40064174,Frankfurt,DE,geonames_exact,0.9
40064174,Frankfurt am Main,DE,geonames_exact,0.9
40064174,Medizinische Hochschule Hannover,DE,geonames_word,0.8
40064174,Klinikum Esslingen,DE,geonames_word,0.8
40064174,Standort Lauf,DE,geonames_word,0.8
40064174,Klinikum Dortmund,DE,geonames_word,0.8
40064174,Mainz,DE,geonames_exact,0.9
40064173,Germany,DE,pycountry_exact,0.95
40064173,Germany,DE,pycountry_exact,0.95
40064173,Germany,DE,pycountry_exact,0.95
40064173,Germany,DE,pycountry_exact,0.95
40064173,Germany,DE,pycountry_exact,0.95
40064173,Germany,DE,pycountry_exact,0.95
40064172,Tübingen,DE,geonames_exact,0.9
40064172,Stuttgart,DE,geonames_exact,0.9
40064172,Berlin,DE,pycountry_exact,0.95
40064172,Universitätsklinikum Mannheim,DE,geonames_word,0.8
40064172,Institut für Klinische Chemie und Pathobiochemie,AF,geonames_word,0.8
40064172,Medizinische Universität Graz,AT,geonames_word,0.8
40064172,Bad Neuenahr-Ahrweiler,DE,geonames_exact,0.9
40064172,Universität Greifswald,DE,geonames_word,0.8
40064172,Universität Regensburg,DE,geonames_word,0.8
40064172,Berlin,DE,pycountry_exact,0.95
40064172,Berlin/Kiel,not found,Not found,0.0
40064172,Universitätsklinikum Tübingen,DE,geonames_word,0.8
40064172,Universitätsklinikum Würzburg,DE,geonames_word,0.8
40064172,Universitätsklinikum Freiburg,CH,geonames_word,0.8
40064172,Böblingen,DE,geonames_exact,0.9
40064172,München Klinik Bogenhausen,DE,geonames_word,0.8
40064172,Universitätsklinikum Dresden,DE,geonames_word,0.8
40064172,Bühlerhöhe,not found,Not found,0.0
40064172,Universitätsklinikum Schleswig-Holstein,DE,geonames_word,0.8
40064172,Tübingen,DE,geonames_exact,0.9
40064172,Mainz,DE,geonames_exact,0.9
40064172,Universitätsklinikum Münster,DE,geonames_word,0.8
40064172,Universitätsklinikum Düsseldorf,DE,geonames_word,0.8
40064172,Universitätsklinikum Marburg,DE,geonames_word,0.8
40064172,Tübingen,DE,geonames_exact,0.9
40064172,MVZ Katholisches Klinikum Bochum,DE,geonames_word,0.8
40064172,Klinikverbund Bremen,DE,geonames_word,0.8
40064172,Asklepios Klinik Barmbek,not found,Not found,0.0
40064172,Technische Universität München,DE,geonames_word,0.8
40064172,SLK-Klinken Heilbronn,DE,geonames_word,0.8
40064172,Universitätsklinikum Köln,DE,geonames_word,0.8
40064172,University of Kentucky,TR,geonames_word,0.8
40064172,Asklepios Klinik Altona,DE,geonames_word,0.8
40064172,Hamburger Fern-Hochschule,not found,Not found,0.0
40064172,Städtisches Klinikum Karlsruhe,DE,geonames_word,0.8
40064172,Lebertransplantierte e.V,not found,Not found,0.0
40064172,Medizinische Hochschule Hannover,DE,geonames_word,0.8
40064172,Universitätsklinikum Gießen,DE,geonames_word,0.8
40064172,Universitätsklinikum Halle (Saale),BE,geonames_word,0.8
40064172,Erlangen,DE,geonames_exact,0.9
40064172,Universitätsklinikum Heidelberg,DE,geonames_word,0.8
40064172,Universitätsklinikum Regensburg,DE,geonames_word,0.8
40064172,LMU München,DE,geonames_word,0.8
40064172,Marienhospital Osnabrück,DE,geonames_word,0.8
40064172,Geislingen an der Steige,DE,geonames_exact,0.9
40064172,Universitätsklinikum Leipzig,DE,geonames_word,0.8
40064172,Universitätsklinikum Hamburg-Eppendorf,DE,geonames_word,0.8
40064172,Tübingen,DE,geonames_exact,0.9
40064172,Klinik Herzoghöhe Bayreuth,DE,geonames_word,0.8
40064172,Ruhr-Universität Bochum,DE,geonames_word,0.8
40064172,Universitätsklinikum Heidelberg,DE,geonames_word,0.8
40064172,Frankfurt,DE,geonames_exact,0.9
40064172,Deutsche Leberhilfe e.V,not found,Not found,0.0
40064172,Berlin,DE,pycountry_exact,0.95
40064172,University of Toronto,CA,geonames_word,0.8
40064172,Frankfurt,DE,geonames_exact,0.9
40064172,Frankfurt am Main,DE,geonames_exact,0.9
40064172,Medizinische Hochschule Hannover,DE,geonames_word,0.8
40064172,Klinikum Esslingen,DE,geonames_word,0.8
40064172,Standort Lauf,DE,geonames_word,0.8
40064172,Klinikum Dortmund,DE,geonames_word,0.8
40064172,Mainz,DE,geonames_exact,0.9
40063271,Deutschland,DE,dictionary_exact,1.0
40063127,Deutschland,DE,dictionary_exact,1.0
40063096,Deutschland,DE,dictionary_exact,1.0
40063096,Deutschland,DE,dictionary_exact,1.0
40063096,Deutschland,DE,dictionary_exact,1.0
40063095,Deutschland,DE,dictionary_exact,1.0
40063095,Deutschland,DE,dictionary_exact,1.0
40063092,Deutschland,DE,dictionary_exact,1.0
40063092,Deutschland,DE,dictionary_exact,1.0
40063091,Deutschland,DE,dictionary_exact,1.0
40063091,Deutschland,DE,dictionary_exact,1.0
40063091,Deutschland,DE,dictionary_exact,1.0
40063091,Deutschland,DE,dictionary_exact,1.0
40063090,Schweiz,CH,dictionary_exact,1.0
40063086,Deutschland,DE,dictionary_exact,1.0
40063086,Deutschland,DE,dictionary_exact,1.0
40063086,Deutschland,DE,dictionary_exact,1.0
40057457,Deutschland,DE,dictionary_exact,1.0
40057457,Deutschland,DE,dictionary_exact,1.0
40057457,Deutschland,DE,dictionary_exact,1.0
40057457,Deutschland,DE,dictionary_exact,1.0
40056232,Deutschland,DE,dictionary_exact,1.0
40056232,Deutschland,DE,dictionary_exact,1.0
40056232,Deutschland,DE,dictionary_exact,1.0
40056180,Österreich,AT,dictionary_exact,1.0
40056180,Österreich,AT,dictionary_exact,1.0
40056180,Österreich,AT,dictionary_exact,1.0
40055202,Deutschland,DE,dictionary_exact,1.0
40055202,Deutschland,DE,dictionary_exact,1.0
40055202,Deutschland,DE,dictionary_exact,1.0
40053173,Österreich,AT,dictionary_exact,1.0
40053142,Österreich,AT,dictionary_exact,1.0
40053142,Österreich,AT,dictionary_exact,1.0
40053131,Deutschland,DE,dictionary_exact,1.0
40053131,Deutschland,DE,dictionary_exact,1.0
40053131,Deutschland,DE,dictionary_exact,1.0
40053131,Deutschland,DE,dictionary_exact,1.0
40053131,Deutschland,DE,dictionary_exact,1.0
40053131,Deutschland,DE,dictionary_exact,1.0
40053131,Schweiz,CH,dictionary_exact,1.0
40053131,Deutschland,DE,dictionary_exact,1.0
40053131,Deutschland,DE,dictionary_exact,1.0
40053122,Deutschland,DE,dictionary_exact,1.0
40053122,Deutschland,DE,dictionary_exact,1.0
40053103,Deutschland,DE,dictionary_exact,1.0
40053103,Deutschland,DE,dictionary_exact,1.0
40053103,Deutschland,DE,dictionary_exact,1.0
40053102,Deutschland,DE,dictionary_exact,1.0
40053102,Deutschland,DE,dictionary_exact,1.0
40053101,Deutschland,DE,dictionary_exact,1.0
40053101,Deutschland,DE,dictionary_exact,1.0
40053101,Deutschland,DE,dictionary_exact,1.0
40053099,Deutschland,DE,dictionary_exact,1.0
40053099,Deutschland,DE,dictionary_exact,1.0
40053098,Deutschland,DE,dictionary_exact,1.0
40053098,Deutschland,DE,dictionary_exact,1.0
40053098,Deutschland,DE,dictionary_exact,1.0
40053097,Ungarn,HU,dictionary_exact,1.0
40053097,Ungarn,HU,dictionary_exact,1.0
40053097,Deutschland,DE,dictionary_exact,1.0
40053097,Ungarn,HU,dictionary_exact,1.0
40053095,Deutschland,DE,dictionary_exact,1.0
40053095,Deutschland,DE,dictionary_exact,1.0
40053084,Deutschland,DE,dictionary_exact,1.0
40053084,Deutschland,DE,dictionary_exact,1.0
40053074,Deutschland,DE,dictionary_exact,1.0
40053074,Deutschland,DE,dictionary_exact,1.0
40053053,Deutschland,DE,dictionary_exact,1.0
40053053,Deutschland,DE,dictionary_exact,1.0
40053053,Schweiz,CH,dictionary_exact,1.0
40053053,Deutschland,DE,dictionary_exact,1.0
40053053,Deutschland,DE,dictionary_exact,1.0
40053053,Deutschland,DE,dictionary_exact,1.0
40050607,Deutschland,DE,dictionary_exact,1.0
40050606,Deutschland,DE,dictionary_exact,1.0
40050605,Deutschland,DE,dictionary_exact,1.0
40050604,Deutschland,DE,dictionary_exact,1.0
40050603,Deutschland,DE,dictionary_exact,1.0
40050602,Deutschland,DE,dictionary_exact,1.0
40050602,Deutschland,DE,dictionary_exact,1.0
40050601,Deutschland,DE,dictionary_exact,1.0
40050600,Deutschland,DE,dictionary_exact,1.0
40050599,Deutschland,DE,dictionary_exact,1.0
40050599,Deutschland,DE,dictionary_exact,1.0
40050599,Deutschland,DE,dictionary_exact,1.0
40050598,Deutschland,DE,dictionary_exact,1.0
40050598,Deutschland,DE,dictionary_exact,1.0
40050597,Deutschland,DE,dictionary_exact,1.0
40050597,Deutschland,DE,dictionary_exact,1.0
40050596,Deutschland,DE,dictionary_exact,1.0
40050595,Deutschland,DE,dictionary_exact,1.0
40050594,Deutschland,DE,dictionary_exact,1.0
40050593,Deutschland,DE,dictionary_exact,1.0
40050592,Deutschland,DE,dictionary_exact,1.0
40050591,Deutschland,DE,dictionary_exact,1.0
40050590,Deutschland,DE,dictionary_exact,1.0
40050590,Deutschland,DE,dictionary_exact,1.0
40050589,Deutschland,DE,dictionary_exact,1.0
40050588,Deutschland,DE,dictionary_exact,1.0
40050587,Deutschland,DE,dictionary_exact,1.0
40050586,Deutschland,DE,dictionary_exact,1.0
40050585,Deutschland,DE,dictionary_exact,1.0
40050584,Deutschland,DE,dictionary_exact,1.0
40050583,Deutschland,DE,dictionary_exact,1.0
40050582,Germany,DE,pycountry_exact,0.95
40050581,Germany,DE,pycountry_exact,0.95
40050580,Deutschland,DE,dictionary_exact,1.0
40050579,Deutschland,DE,dictionary_exact,1.0
40050578,Deutschland,DE,dictionary_exact,1.0
40050577,Deutschland,DE,dictionary_exact,1.0
40050576,Deutschland,DE,dictionary_exact,1.0
40050575,Deutschland,DE,dictionary_exact,1.0
40050574,Deutschland,DE,dictionary_exact,1.0
40050573,Deutschland,DE,dictionary_exact,1.0
40050572,Deutschland,DE,dictionary_exact,1.0
40050571,Deutschland,DE,dictionary_exact,1.0
40050570,Deutschland,DE,dictionary_exact,1.0
40050569,Deutschland,DE,dictionary_exact,1.0
40050568,Germany,DE,pycountry_exact,0.95
40050516,Deutschland,DE,dictionary_exact,1.0
40050516,Deutschland,DE,dictionary_exact,1.0
40050516,Ruanda,RW,dictionary_exact,1.0
40050497,Deutschland,DE,dictionary_exact,1.0
40050497,Deutschland,DE,dictionary_exact,1.0
40050497,Deutschland,DE,dictionary_exact,1.0
40050497,Deutschland,DE,dictionary_exact,1.0
40050450,Schweiz,CH,dictionary_exact,1.0
40050450,Schweiz,CH,dictionary_exact,1.0
40050450,Schweiz,CH,dictionary_exact,1.0
40050450,Schweiz,CH,dictionary_exact,1.0
40050449,Deutschland,DE,dictionary_exact,1.0
40050449,Deutschland,DE,dictionary_exact,1.0
40050449,Deutschland,DE,dictionary_exact,1.0
40050449,Deutschland,DE,dictionary_exact,1.0
40050439,Deutschland,DE,dictionary_exact,1.0
40050439,Deutschland,DE,dictionary_exact,1.0
40050439,Deutschland,DE,dictionary_exact,1.0
40050431,Deutschland,DE,dictionary_exact,1.0
40050431,Deutschland,DE,dictionary_exact,1.0
40050154,Deutschland,DE,dictionary_exact,1.0
40050154,Deutschland,DE,dictionary_exact,1.0
40049588,Germany,DE,pycountry_exact,0.95
40049212,Germany,DE,pycountry_exact,0.95
40047909,Deutschland,DE,dictionary_exact,1.0
40047909,Deutschland,DE,dictionary_exact,1.0
40047909,Deutschland,DE,dictionary_exact,1.0
40047908,Deutschland,DE,dictionary_exact,1.0
40047908,Deutschland,DE,dictionary_exact,1.0
40047895,Deutschland,DE,dictionary_exact,1.0
40047895,Deutschland,DE,dictionary_exact,1.0
40047895,Deutschland,DE,dictionary_exact,1.0
40047895,Deutschland,DE,dictionary_exact,1.0
40047880,Deutschland,DE,dictionary_exact,1.0
40047880,Deutschland,DE,dictionary_exact,1.0
40047879,Deutschland,DE,dictionary_exact,1.0
40047879,Deutschland,DE,dictionary_exact,1.0
40047879,Deutschland,DE,dictionary_exact,1.0
40047878,Deutschland,DE,dictionary_exact,1.0
40047878,Deutschland,DE,dictionary_exact,1.0
40047876,Deutschland,DE,dictionary_exact,1.0
40047876,Deutschland,DE,dictionary_exact,1.0
40047876,Deutschland,DE,dictionary_exact,1.0
40045106,Deutschland,DE,dictionary_exact,1.0
40045106,Deutschland,DE,dictionary_exact,1.0
40045106,Deutschland,DE,dictionary_exact,1.0
40045106,Deutschland,DE,dictionary_exact,1.0
40045106,Deutschland,DE,dictionary_exact,1.0
40045068,Deutschland,DE,dictionary_exact,1.0
40045068,Deutschland,DE,dictionary_exact,1.0
40045041,Österreich,AT,dictionary_exact,1.0
40045041,Österreich,AT,dictionary_exact,1.0
40045041,Österreich,AT,dictionary_exact,1.0
40044945,Österreich,AT,dictionary_exact,1.0
40044945,Österreich,AT,dictionary_exact,1.0
40044945,Italien,IT,dictionary_exact,1.0
40044945,Österreich,AT,dictionary_exact,1.0
40044945,Deutschland,DE,dictionary_exact,1.0
40044945,Deutschland,DE,dictionary_exact,1.0
40044945,Österreich,AT,dictionary_exact,1.0
40044901,Deutschland,DE,dictionary_exact,1.0
40044901,Deutschland,DE,dictionary_exact,1.0
40043727,Germany,DE,pycountry_exact,0.95
40043727,Germany,DE,pycountry_exact,0.95
40043727,Germany,DE,pycountry_exact,0.95
40043727,Germany,DE,pycountry_exact,0.95
40043727,Germany,DE,pycountry_exact,0.95
40043727,Germany,DE,pycountry_exact,0.95
40043727,Germany,DE,pycountry_exact,0.95
40043727,Germany,DE,pycountry_exact,0.95
40043724,Deutschland,DE,dictionary_exact,1.0
40043724,Deutschland,DE,dictionary_exact,1.0
40043724,Deutschland,DE,dictionary_exact,1.0
40043724,Deutschland,DE,dictionary_exact,1.0
40043724,Deutschland,DE,dictionary_exact,1.0
40043724,Deutschland,DE,dictionary_exact,1.0
40043724,Deutschland,DE,dictionary_exact,1.0
40043724,Deutschland,DE,dictionary_exact,1.0
40043724,Schweiz,CH,dictionary_exact,1.0
40043724,Deutschland,DE,dictionary_exact,1.0
40043724,Schweiz,CH,dictionary_exact,1.0
40042660,Killianstraße 5,not found,Not found,0.0
40042660,Killianstraße 5,not found,Not found,0.0
40042616,Deutschland,DE,dictionary_exact,1.0
40042616,Deutschland,DE,dictionary_exact,1.0
40042615,Deutschland,DE,dictionary_exact,1.0
40042615,Deutschland,DE,dictionary_exact,1.0
40042615,Deutschland,DE,dictionary_exact,1.0
40042615,Deutschland,DE,dictionary_exact,1.0
40042615,Deutschland,DE,dictionary_exact,1.0
40042615,Deutschland,DE,dictionary_exact,1.0
40042615,Deutschland,DE,dictionary_exact,1.0
40042615,Deutschland,DE,dictionary_exact,1.0
40042615,Deutschland,DE,dictionary_exact,1.0
40042615,Deutschland,DE,dictionary_exact,1.0
40042615,Deutschland,DE,dictionary_exact,1.0
40042615,Deutschland,DE,dictionary_exact,1.0
40042615,Deutschland,DE,dictionary_exact,1.0
40042614,Deutschland,DE,dictionary_exact,1.0
40042614,Deutschland,DE,dictionary_exact,1.0
40042614,Deutschland,DE,dictionary_exact,1.0
40042613,Großbritannien,GB,dictionary_exact,1.0
40042613,Großbritannien,GB,dictionary_exact,1.0
40042613,Deutschland,DE,dictionary_exact,1.0
40042612,Deutschland,DE,dictionary_exact,1.0
40042612,Deutschland,DE,dictionary_exact,1.0
40042599,Deutschland,DE,dictionary_exact,1.0
40042599,Deutschland,DE,dictionary_exact,1.0
40042593,Deutschland,DE,dictionary_exact,1.0
40042593,Deutschland,DE,dictionary_exact,1.0
40042592,Deutschland,DE,dictionary_exact,1.0
40042592,Deutschland,DE,dictionary_exact,1.0
40042592,Deutschland,DE,dictionary_exact,1.0
40042592,Deutschland,DE,dictionary_exact,1.0
40042592,Deutschland,DE,dictionary_exact,1.0
40042591,Schweiz,CH,dictionary_exact,1.0
40042591,Deutschland,DE,dictionary_exact,1.0
40042590,Deutschland,DE,dictionary_exact,1.0
40042590,Deutschland,DE,dictionary_exact,1.0
40042590,Deutschland,DE,dictionary_exact,1.0
40042590,Deutschland,DE,dictionary_exact,1.0
40042590,Deutschland,DE,dictionary_exact,1.0
40042590,Deutschland,DE,dictionary_exact,1.0
40042590,Deutschland,DE,dictionary_exact,1.0
40042590,Deutschland,DE,dictionary_exact,1.0
40042585,Deutschland,DE,dictionary_exact,1.0
40042585,Deutschland,DE,dictionary_exact,1.0
40042585,Deutschland,DE,dictionary_exact,1.0
40042585,Deutschland,DE,dictionary_exact,1.0
40042584,Deutschland,DE,dictionary_exact,1.0
40042584,Deutschland,DE,dictionary_exact,1.0
40042584,Deutschland,DE,dictionary_exact,1.0
40042584,Deutschland,DE,dictionary_exact,1.0
40042584,Deutschland,DE,dictionary_exact,1.0
40042584,Deutschland,DE,dictionary_exact,1.0
40042583,Deutschland,DE,dictionary_exact,1.0
40042568,Deutschland,DE,dictionary_exact,1.0
40042568,Deutschland,DE,dictionary_exact,1.0
40042568,Deutschland,DE,dictionary_exact,1.0
40042568,Deutschland,DE,dictionary_exact,1.0
40042568,Deutschland,DE,dictionary_exact,1.0
40042568,Deutschland,DE,dictionary_exact,1.0
40042568,Deutschland,DE,dictionary_exact,1.0
40042567,Deutschland,DE,dictionary_exact,1.0
40042567,Deutschland,DE,dictionary_exact,1.0
40042567,Deutschland,DE,dictionary_exact,1.0
40042567,Campus Charité Mitte,DE,geonames_word,0.8
40042567,Deutschland,DE,dictionary_exact,1.0
40042567,Campus Charité Mitte,DE,geonames_word,0.8
40042567,Deutschland,DE,dictionary_exact,1.0
40042545,Deutschland,DE,dictionary_exact,1.0
40038006,Deutschland,DE,dictionary_exact,1.0
40038006,Deutschland,DE,dictionary_exact,1.0
40038006,Deutschland,DE,dictionary_exact,1.0
40038006,Deutschland,DE,dictionary_exact,1.0
40038005,Deutschland,DE,dictionary_exact,1.0
40038005,Deutschland,DE,dictionary_exact,1.0
40038005,Deutschland,DE,dictionary_exact,1.0
40037403,LWL-Universitätsklinikum Bochum der Ruhr-Universität Bochum,DE,geonames_word,0.8
40037402,Germany,DE,pycountry_exact,0.95
40037402,Germany,DE,pycountry_exact,0.95
40037402,Germany,DE,pycountry_exact,0.95
40036059,Deutschland,DE,dictionary_exact,1.0
40036059,Deutschland,DE,dictionary_exact,1.0
40035838,Deutschland,DE,dictionary_exact,1.0
40035838,Deutschland,DE,dictionary_exact,1.0
40035838,Deutschland,DE,dictionary_exact,1.0
40035838,Deutschland,DE,dictionary_exact,1.0
40035838,Deutschland,DE,dictionary_exact,1.0
40035813,Deutschland,DE,dictionary_exact,1.0
40035813,Deutschland,DE,dictionary_exact,1.0
40035793,Deutschland,DE,dictionary_exact,1.0
40035792,Österreich,AT,dictionary_exact,1.0
40035792,Österreich,AT,dictionary_exact,1.0
40035792,Österreich,AT,dictionary_exact,1.0
40035792,Schweden,SE,dictionary_exact,1.0
40035791,Deutschland,DE,dictionary_exact,1.0
40035791,Deutschland,DE,dictionary_exact,1.0
40033859,Gesellschaft Schweizer Tierärztinnen und Tierärzte GST,AF,geonames_word,0.8
40033859,Zürich,CH,pycountry_exact,0.95
40033858,Switzerland,CH,pycountry_exact,0.95
40033858,Murten,not found,Not found,0.0
40033858,Dübendorf,CH,geonames_exact,0.9
40033857,Zollikofen,not found,Not found,0.0
40033857,Bargen,NO,geonames_exact,0.9
40032677,Deutschland,DE,dictionary_exact,1.0
40032659,Deutschland,DE,dictionary_exact,1.0
40032257,Germany,DE,pycountry_exact,0.95
40032256,Germany,DE,pycountry_exact,0.95
40032256,Germany,DE,pycountry_exact,0.95
40032254,Deutschland,DE,dictionary_exact,1.0
40032254,Deutschland,DE,dictionary_exact,1.0
40032254,Deutschland,DE,dictionary_exact,1.0
40032254,Deutschland,DE,dictionary_exact,1.0
40032254,Deutschland,DE,dictionary_exact,1.0
40032253,Germany,DE,pycountry_exact,0.95
40032252,Germany,DE,pycountry_exact,0.95
40032252,Germany,DE,pycountry_exact,0.95
40032251,Universität Bielefeld,DE,geonames_word,0.8
40032251,Bad Lippspringe,DE,geonames_exact,0.9
40032251,Halle (Saale),DE,geonames_exact,0.9
40032250,Universität Siegen,DE,geonames_word,0.8
40032250,Universität Bielefeld,DE,geonames_word,0.8
40032249,Universitätsmedizin der Johannes Gutenberg-Universität Mainz,DE,geonames_word,0.8
40032249,Mannheim,DE,geonames_exact,0.9
40032249,Neu-Isenburg,DE,geonames_exact,0.9
40032249,Neustadt,DE,geonames_exact,0.9
40032249,Universitätsmedizin der Johannes Gutenberg-Universität Mainz,DE,geonames_word,0.8
40032248,Universitätsklinikum Jena,DE,geonames_word,0.8
40032248,Universitätsklinikum Jena,DE,geonames_word,0.8
40031921,Waldstraße 1,not found,Not found,0.0
40031921,Maximiliansplatz 2,not found,Not found,0.0
40031920,Bad Bramstedt,TG,geonames_word,0.8
40031920,Bonn,DE,geonames_exact,0.9
40031920,Jena,DE,geonames_exact,0.9
40031920,Göttingen,DE,geonames_exact,0.9
40031920,Bonn,DE,geonames_exact,0.9
40031920,Frankfurt,DE,geonames_exact,0.9
40029400,Deutschland,DE,dictionary_exact,1.0
40029400,Deutschland,DE,dictionary_exact,1.0
40029394,Deutschland,DE,dictionary_exact,1.0
40029383,Deutschland,DE,dictionary_exact,1.0
40029383,Im Neuenheimer Feld 400,not found,Not found,0.0
40029374,Deutschland,DE,dictionary_exact,1.0
40029372,Deutschland,DE,dictionary_exact,1.0
40029372,Deutschland,DE,dictionary_exact,1.0
40029372,Deutschland,DE,dictionary_exact,1.0
40029367,Deutschland,DE,dictionary_exact,1.0
40029357,Deutschland,DE,dictionary_exact,1.0
40029357,Deutschland,DE,dictionary_exact,1.0
40025276,Deutschland,DE,dictionary_exact,1.0
40025275,Deutschland,DE,dictionary_exact,1.0
40023718,Deutschland,DE,dictionary_exact,1.0
40023718,Deutschland,DE,dictionary_exact,1.0
40023718,Deutschland,DE,dictionary_exact,1.0
40023718,Deutschland,DE,dictionary_exact,1.0
40023718,Deutschland,DE,dictionary_exact,1.0
40021528,Deutschland,DE,dictionary_exact,1.0
40021528,Deutschland,DE,dictionary_exact,1.0
40021528,Deutschland,DE,dictionary_exact,1.0
40021528,Deutschland,DE,dictionary_exact,1.0
40021380,Deutschland,DE,dictionary_exact,1.0
40021380,Deutschland,DE,dictionary_exact,1.0
40021380,Deutschland,DE,dictionary_exact,1.0
40021380,Deutschland,DE,dictionary_exact,1.0
40021311,Germany,DE,pycountry_exact,0.95
40020715,France,FR,pycountry_exact,0.95
40020715,Deutschland,DE,dictionary_exact,1.0
40020715,Belgium,BE,pycountry_exact,0.95
40020715,France,FR,pycountry_exact,0.95
40020715,United Kingdom of Great Britain and Northern Ireland,GB,pycountry_exact,0.95
40020715,Lithuania,LT,pycountry_exact,0.95
40020715,Turkey,TR,dictionary_exact,1.0
40020715,France,FR,pycountry_exact,0.95
40020715,Ireland,IE,pycountry_exact,0.95
40020715,Slovenia,SI,pycountry_exact,0.95
40020715,Ireland,IE,pycountry_exact,0.95
40020715,Finland,FI,pycountry_exact,0.95
40020715,United Kingdom of Great Britain and Northern Ireland,GB,pycountry_exact,0.95
40020715,Spain,ES,pycountry_exact,0.95
40020715,Portugal,PT,dictionary_exact,1.0
40020715,Poland,PL,pycountry_exact,0.95
40020715,Switzerland,CH,pycountry_exact,0.95
40020715,Belgium,BE,pycountry_exact,0.95
40020715,Belgium,BE,pycountry_exact,0.95
40020715,Croatia,HR,pycountry_exact,0.95
40020715,France,FR,pycountry_exact,0.95
40019575,Deutschland,DE,dictionary_exact,1.0
40019575,Deutschland,DE,dictionary_exact,1.0
40019575,Deutschland,DE,dictionary_exact,1.0
40019575,Deutschland,DE,dictionary_exact,1.0
40019568,Österreich,AT,dictionary_exact,1.0
40019539,Deutschland,DE,dictionary_exact,1.0
40019539,Deutschland,DE,dictionary_exact,1.0
40019538,Schweiz,CH,dictionary_exact,1.0
40019538,Schweiz,CH,dictionary_exact,1.0
40019537,Deutschland,DE,dictionary_exact,1.0
40019537,Deutschland,DE,dictionary_exact,1.0
40019537,Deutschland,DE,dictionary_exact,1.0
40019534,Deutschland,DE,dictionary_exact,1.0
40019534,Deutschland,DE,dictionary_exact,1.0
40019534,Deutschland,DE,dictionary_exact,1.0
40019534,Deutschland,DE,dictionary_exact,1.0
40019534,Deutschland,DE,dictionary_exact,1.0
40019534,Deutschland,DE,dictionary_exact,1.0
40019534,Deutschland,DE,dictionary_exact,1.0
40019534,Deutschland,DE,dictionary_exact,1.0
40019534,Deutschland,DE,dictionary_exact,1.0
40019534,Deutschland,DE,dictionary_exact,1.0
40019534,Deutschland,DE,dictionary_exact,1.0
40019534,Spanien,ES,dictionary_exact,1.0
40019534,Deutschland,DE,dictionary_exact,1.0
40019534,Deutschland,DE,dictionary_exact,1.0
40019534,Deutschland,DE,dictionary_exact,1.0
40019534,Deutschland,DE,dictionary_exact,1.0
40019534,Deutschland,DE,dictionary_exact,1.0
40019534,Deutschland,DE,dictionary_exact,1.0
40019534,Deutschland,DE,dictionary_exact,1.0
40019534,Deutschland,DE,dictionary_exact,1.0
40019534,Deutschland,DE,dictionary_exact,1.0
40019534,Deutschland,DE,dictionary_exact,1.0
40019534,Deutschland,DE,dictionary_exact,1.0
40019532,Deutschland,DE,dictionary_exact,1.0
40019531,Deutschland,DE,dictionary_exact,1.0
40019513,Österreich,AT,dictionary_exact,1.0
40019513,Österreich,AT,dictionary_exact,1.0
40019510,Deutschland,DE,dictionary_exact,1.0
40019510,Deutschland,DE,dictionary_exact,1.0
40019505,Deutschland,DE,dictionary_exact,1.0
40019505,Großbritannien,GB,dictionary_exact,1.0
40019505,Großbritannien,GB,dictionary_exact,1.0
40019505,Deutschland,DE,dictionary_exact,1.0
40019505,Tansania,TZ,dictionary_exact,1.0
40019505,Deutschland,DE,dictionary_exact,1.0
40019505,Deutschland,DE,dictionary_exact,1.0
40019505,Großbritannien,GB,dictionary_exact,1.0
40019505,Tansania,TZ,dictionary_exact,1.0
40019495,Kanada,CA,dictionary_exact,1.0
40019495,Deutschland,DE,dictionary_exact,1.0
40019495,Deutschland,DE,dictionary_exact,1.0
40019495,Deutschland,DE,dictionary_exact,1.0
40019495,Kanada,CA,dictionary_exact,1.0
40019495,Schweiz,CH,dictionary_exact,1.0
40019495,Deutschland,DE,dictionary_exact,1.0
40019495,Deutschland,DE,dictionary_exact,1.0
40016477,Deutschland,DE,dictionary_exact,1.0
40016477,Deutschland,DE,dictionary_exact,1.0
40016477,Deutschland,DE,dictionary_exact,1.0
40016477,Deutschland,DE,dictionary_exact,1.0
40016477,Deutschland,DE,dictionary_exact,1.0
40016477,Deutschland,DE,dictionary_exact,1.0
40016477,Deutschland,DE,dictionary_exact,1.0
40016477,Deutschland,DE,dictionary_exact,1.0
40016477,Deutschland,DE,dictionary_exact,1.0
40016476,Deutschland,DE,dictionary_exact,1.0
40016476,Deutschland,DE,dictionary_exact,1.0
40016476,Deutschland,DE,dictionary_exact,1.0
40016475,Deutschland,DE,dictionary_exact,1.0
40016475,Deutschland,DE,dictionary_exact,1.0
40016410,Deutschland,DE,dictionary_exact,1.0
40016409,Deutschland,DE,dictionary_exact,1.0
40016409,Deutschland,DE,dictionary_exact,1.0
40016409,Deutschland,DE,dictionary_exact,1.0
40016409,Deutschland,DE,dictionary_exact,1.0
40016409,Deutschland,DE,dictionary_exact,1.0
40016404,Deutschland,DE,dictionary_exact,1.0
40016371,Deutschland,DE,dictionary_exact,1.0
40016371,Deutschland,DE,dictionary_exact,1.0
40016371,Deutschland,DE,dictionary_exact,1.0
40016371,Deutschland,DE,dictionary_exact,1.0
40016030,Deutschland,DE,dictionary_exact,1.0
40016030,Schweiz,CH,dictionary_exact,1.0
40016030,Deutschland,DE,dictionary_exact,1.0
40016029,Deutschland,DE,dictionary_exact,1.0
40016029,Deutschland,DE,dictionary_exact,1.0
40015327,Germany,DE,pycountry_exact,0.95
40015326,Germany,DE,pycountry_exact,0.95
40015326,Germany,DE,pycountry_exact,0.95
40015326,Germany,DE,pycountry_exact,0.95
40015313,Schweiz,CH,dictionary_exact,1.0
40015313,Deutschland,DE,dictionary_exact,1.0
40015313,Deutschland,DE,dictionary_exact,1.0
40015310,Schweiz,CH,dictionary_exact,1.0
40015310,Schweiz,CH,dictionary_exact,1.0
40015304,Deutschland,DE,dictionary_exact,1.0
40015302,Universität Greifswald,DE,geonames_word,0.8
40015302,Freie Universitat Berlin,DE,geonames_word,0.8
40015301,Universitätsklinikum Regensburg,DE,geonames_word,0.8
40015301,Teltow,DE,geonames_exact,0.9
40015301,Charité - Universitätsmedizin Berlin,DE,geonames_word,0.8
40015301,Ruhr-Universität Bochum,DE,geonames_word,0.8
40015301,Teltow,DE,geonames_exact,0.9
40014287,Österreich,AT,dictionary_exact,1.0
40014287,Österreich,AT,dictionary_exact,1.0
40014106,Deutschland,DE,dictionary_exact,1.0
40014105,Deutschland,DE,dictionary_exact,1.0
40014105,Deutschland,DE,dictionary_exact,1.0
40014101,Deutschland,DE,dictionary_exact,1.0
40014101,Deutschland,DE,dictionary_exact,1.0
40014096,Deutschland,DE,dictionary_exact,1.0
40014096,Deutschland,DE,dictionary_exact,1.0
40014095,Deutschland,DE,dictionary_exact,1.0
40014095,Deutschland,DE,dictionary_exact,1.0
40014095,Deutschland,DE,dictionary_exact,1.0
40014095,Deutschland,DE,dictionary_exact,1.0
40014095,Deutschland,DE,dictionary_exact,1.0
40014095,Deutschland,DE,dictionary_exact,1.0
40014088,Deutschland,DE,dictionary_exact,1.0
40014088,Deutschland,DE,dictionary_exact,1.0
40014088,Deutschland,DE,dictionary_exact,1.0
40014088,Deutschland,DE,dictionary_exact,1.0
40014088,Deutschland,DE,dictionary_exact,1.0
40014088,Deutschland,DE,dictionary_exact,1.0
40014077,Deutschland,DE,dictionary_exact,1.0
40014077,Deutschland,DE,dictionary_exact,1.0
40014066,Hohenzollernring 74,not found,Not found,0.0
40014066,Deutschland,DE,dictionary_exact,1.0
40014066,Martinistraße 52,not found,Not found,0.0
40011270,Deutschland,DE,dictionary_exact,1.0
40011270,Deutschland,DE,dictionary_exact,1.0
40011270,Deutschland,DE,dictionary_exact,1.0
40011270,Deutschland,DE,dictionary_exact,1.0
40011253,Schweiz,CH,dictionary_exact,1.0
40011253,Schweiz,CH,dictionary_exact,1.0
40011253,Deutschland,DE,dictionary_exact,1.0
40011253,Deutschland,DE,dictionary_exact,1.0
40011253,Deutschland,DE,dictionary_exact,1.0
40011253,Deutschland,DE,dictionary_exact,1.0
40011253,Schweiz,CH,dictionary_exact,1.0
40011253,Deutschland,DE,dictionary_exact,1.0
40011187,Deutschland,DE,dictionary_exact,1.0
40011187,Deutschland,DE,dictionary_exact,1.0
40011187,Deutschland,DE,dictionary_exact,1.0
40011187,Deutschland,DE,dictionary_exact,1.0
40010404,Germany,DE,pycountry_exact,0.95
40010404,Germany,DE,pycountry_exact,0.95
40010404,Germany,DE,pycountry_exact,0.95
40010404,Germany,DE,pycountry_exact,0.95
40009227,Deutschland,DE,dictionary_exact,1.0
40009227,Deutschland,DE,dictionary_exact,1.0
40009227,Deutschland,DE,dictionary_exact,1.0
40009227,Deutschland,DE,dictionary_exact,1.0
40009227,Deutschland,DE,dictionary_exact,1.0
40009227,Deutschland,DE,dictionary_exact,1.0
40009180,Deutschland,DE,dictionary_exact,1.0
40009180,Deutschland,DE,dictionary_exact,1.0
40009177,Deutschland,DE,dictionary_exact,1.0
40009176,Deutschland,DE,dictionary_exact,1.0
40009176,Deutschland,DE,dictionary_exact,1.0
40009122,Deutschland,DE,dictionary_exact,1.0
40000497,Deutschland,DE,dictionary_exact,1.0
40000497,Deutschland,DE,dictionary_exact,1.0
40000452,Deutschland,DE,dictionary_exact,1.0
40000451,Deutschland,DE,dictionary_exact,1.0
40000451,Deutschland,DE,dictionary_exact,1.0
40000450,Deutschland,DE,dictionary_exact,1.0
40000450,Deutschland,DE,dictionary_exact,1.0
39999973,Deutschland,DE,dictionary_exact,1.0
39999973,Deutschland,DE,dictionary_exact,1.0
39999973,Deutschland,DE,dictionary_exact,1.0
39999972,Deutschland,DE,dictionary_exact,1.0
39998639,Deutschland,DE,dictionary_exact,1.0
39998639,Deutschland,DE,dictionary_exact,1.0
39998639,Deutschland,DE,dictionary_exact,1.0
39998639,Deutschland,DE,dictionary_exact,1.0
39998639,Deutschland,DE,dictionary_exact,1.0
39998624,Deutschland,DE,dictionary_exact,1.0
39998624,Deutschland,DE,dictionary_exact,1.0
39998624,Deutschland,DE,dictionary_exact,1.0
39998624,Deutschland,DE,dictionary_exact,1.0
39998560,Deutschland,DE,dictionary_exact,1.0
39994053,Deutschland,DE,dictionary_exact,1.0
39994053,Deutschland,DE,dictionary_exact,1.0
39994053,Deutschland,DE,dictionary_exact,1.0
39994042,Deutschland,DE,dictionary_exact,1.0
39994042,Deutschland,DE,dictionary_exact,1.0
39994038,Deutschland,DE,dictionary_exact,1.0
39994038,Deutschland,DE,dictionary_exact,1.0
39994036,Deutschland,DE,dictionary_exact,1.0
39994036,Deutschland,DE,dictionary_exact,1.0
39993421,Germany,DE,pycountry_exact,0.95
39993411,Germany,DE,pycountry_exact,0.95
39993411,Austria,AT,pycountry_exact,0.95
39993411,Germany,DE,pycountry_exact,0.95
39993411,Germany,DE,pycountry_exact,0.95
39993411,Germany,DE,pycountry_exact,0.95
39992400,Deutschland,DE,dictionary_exact,1.0
39992400,Deutschland,DE,dictionary_exact,1.0
39992400,Deutschland,DE,dictionary_exact,1.0
39992400,Deutschland,DE,dictionary_exact,1.0
39992400,Deutschland,DE,dictionary_exact,1.0
39992400,Deutschland,DE,dictionary_exact,1.0
39992400,Deutschland,DE,dictionary_exact,1.0
39992400,Deutschland,DE,dictionary_exact,1.0
39992400,Deutschland,DE,dictionary_exact,1.0
39992400,Österreich,AT,dictionary_exact,1.0
39992392,Deutschland,DE,dictionary_exact,1.0
39992392,Deutschland,DE,dictionary_exact,1.0
39992392,Deutschland,DE,dictionary_exact,1.0
39992391,Deutschland,DE,dictionary_exact,1.0
39992391,Deutschland,DE,dictionary_exact,1.0
39992390,Deutschland,DE,dictionary_exact,1.0
39992390,Deutschland,DE,dictionary_exact,1.0
39992390,Deutschland,DE,dictionary_exact,1.0
39992390,Deutschland,DE,dictionary_exact,1.0
39992390,Deutschland,DE,dictionary_exact,1.0
39992390,Deutschland,DE,dictionary_exact,1.0
39992390,Deutschland,DE,dictionary_exact,1.0
39992381,Deutschland,DE,dictionary_exact,1.0
39992381,Deutschland,DE,dictionary_exact,1.0
39992381,Deutschland,DE,dictionary_exact,1.0
39992381,Deutschland,DE,dictionary_exact,1.0
39992378,Deutschland,DE,dictionary_exact,1.0
39992378,Deutschland,DE,dictionary_exact,1.0
39992378,Deutschland,DE,dictionary_exact,1.0
39992377,Deutschland,DE,dictionary_exact,1.0
39992374,Deutschland,DE,dictionary_exact,1.0
39992374,Deutschland,DE,dictionary_exact,1.0
39992373,Deutschland,DE,dictionary_exact,1.0
39992373,Deutschland,DE,dictionary_exact,1.0
39992373,Deutschland,DE,dictionary_exact,1.0
39992373,Deutschland,DE,dictionary_exact,1.0
39992373,Deutschland,DE,dictionary_exact,1.0
39992368,Luxemburg,LU,dictionary_exact,1.0
39992368,Luxemburg,LU,dictionary_exact,1.0
39992368,Deutschland,DE,dictionary_exact,1.0
39992368,Luxemburg,LU,dictionary_exact,1.0
39992368,Luxemburg,LU,dictionary_exact,1.0
39992368,Deutschland,DE,dictionary_exact,1.0
39992363,Deutschland,DE,dictionary_exact,1.0
39992363,Deutschland,DE,dictionary_exact,1.0
39983767,Deutschland,DE,dictionary_exact,1.0
39983767,Universitätsklinikum RWTH Aachen,DE,geonames_word,0.8
39983758,Deutschland,DE,dictionary_exact,1.0
39982506,Deutschland,DE,dictionary_exact,1.0
39982506,Deutschland,DE,dictionary_exact,1.0
39982503,Schweiz,CH,dictionary_exact,1.0
39982503,Schweiz,CH,dictionary_exact,1.0
39982503,Deutschland,DE,dictionary_exact,1.0
39982502,Deutschland,DE,dictionary_exact,1.0
39982502,Deutschland,DE,dictionary_exact,1.0
39982480,Deutschland,DE,dictionary_exact,1.0
39982480,Deutschland,DE,dictionary_exact,1.0
39982480,Deutschland,DE,dictionary_exact,1.0
39982480,Deutschland,DE,dictionary_exact,1.0
39982479,Deutschland,DE,dictionary_exact,1.0
39982479,Deutschland,DE,dictionary_exact,1.0
39982479,Deutschland,DE,dictionary_exact,1.0
39982479,Deutschland,DE,dictionary_exact,1.0
39982467,Deutschland,DE,dictionary_exact,1.0
39982467,Deutschland,DE,dictionary_exact,1.0
39982466,Deutschland,DE,dictionary_exact,1.0
39982466,Deutschland,DE,dictionary_exact,1.0
39982466,Deutschland,DE,dictionary_exact,1.0
39982460,Deutschland,DE,dictionary_exact,1.0
39982460,Deutschland,DE,dictionary_exact,1.0
39982460,Deutschland,DE,dictionary_exact,1.0
39982460,Deutschland,DE,dictionary_exact,1.0
39981750,Deutschland,DE,dictionary_exact,1.0
39981750,Deutschland,DE,dictionary_exact,1.0
39980333,Österreich,AT,dictionary_exact,1.0
39980333,Österreich,AT,dictionary_exact,1.0
39979751,Deutschland,DE,dictionary_exact,1.0
39979750,Deutschland,DE,dictionary_exact,1.0
39979749,Deutschland,DE,dictionary_exact,1.0
39979748,Deutschland,DE,dictionary_exact,1.0
39979747,Deutschland,DE,dictionary_exact,1.0
39979746,Germany,DE,pycountry_exact,0.95
39979746,Germany,DE,pycountry_exact,0.95
39979746,Germany,DE,pycountry_exact,0.95
39979745,Deutschland,DE,dictionary_exact,1.0
39979745,Deutschland,DE,dictionary_exact,1.0
39979744,Germany,DE,pycountry_exact,0.95
39979743,Deutschland,DE,dictionary_exact,1.0
39979743,Deutschland,DE,dictionary_exact,1.0
39979742,Deutschland,DE,dictionary_exact,1.0
39979742,Deutschland,DE,dictionary_exact,1.0
39979742,Deutschland,DE,dictionary_exact,1.0
39979741,Germany,DE,pycountry_exact,0.95
39979741,Deutschland,DE,dictionary_exact,1.0
39979740,Deutschland,DE,dictionary_exact,1.0
39979740,Deutschland,DE,dictionary_exact,1.0
39979739,Deutschland,DE,dictionary_exact,1.0
39979738,Deutschland,DE,dictionary_exact,1.0
39979737,Deutschland,DE,dictionary_exact,1.0
39979736,Deutschland,DE,dictionary_exact,1.0
39979735,Deutschland,DE,dictionary_exact,1.0
39979734,Deutschland,DE,dictionary_exact,1.0
39979733,Deutschland,DE,dictionary_exact,1.0
39979732,Deutschland,DE,dictionary_exact,1.0
39979731,Deutschland,DE,dictionary_exact,1.0
39979730,Deutschland,DE,dictionary_exact,1.0
39979729,Deutschland,DE,dictionary_exact,1.0
39979728,Deutschland,DE,dictionary_exact,1.0
39979727,Deutschland,DE,dictionary_exact,1.0
39979726,Germany,DE,pycountry_exact,0.95
39979725,Germany,DE,pycountry_exact,0.95
39979724,Deutschland,DE,dictionary_exact,1.0
39979723,Deutschland,DE,dictionary_exact,1.0
39979722,Deutschland,DE,dictionary_exact,1.0
39979721,Deutschland,DE,dictionary_exact,1.0
39979720,Deutschland,DE,dictionary_exact,1.0
39979719,Deutschland,DE,dictionary_exact,1.0
39979718,Germany,DE,pycountry_exact,0.95
39979717,Germany,DE,pycountry_exact,0.95
39979716,Deutschland,DE,dictionary_exact,1.0
39979715,Deutschland,DE,dictionary_exact,1.0
39979714,Deutschland,DE,dictionary_exact,1.0
39979713,Deutschland,DE,dictionary_exact,1.0
39979712,Deutschland,DE,dictionary_exact,1.0
39979711,Deutschland,DE,dictionary_exact,1.0
39979710,Deutschland,DE,dictionary_exact,1.0
39979709,Deutschland,DE,dictionary_exact,1.0
39978362,Deutschland,DE,dictionary_exact,1.0
39978360,Germany,DE,pycountry_exact,0.95
39978360,Germany,DE,pycountry_exact,0.95
39978360,Germany,DE,pycountry_exact,0.95
39978356,Germany,DE,pycountry_exact,0.95
39978355,Germany,DE,pycountry_exact,0.95
39978355,Germany,DE,pycountry_exact,0.95
39978355,Germany,DE,pycountry_exact,0.95
39978355,Germany,DE,pycountry_exact,0.95
39976747,Deutschland,DE,dictionary_exact,1.0
39976747,Deutschland,DE,dictionary_exact,1.0
39976728,Deutschland,DE,dictionary_exact,1.0
39976728,Deutschland,DE,dictionary_exact,1.0
39976728,Deutschland,DE,dictionary_exact,1.0
39976727,Deutschland,DE,dictionary_exact,1.0
39976727,Deutschland,DE,dictionary_exact,1.0
39976727,Deutschland,DE,dictionary_exact,1.0
39976724,Deutschland,DE,dictionary_exact,1.0
39976724,Deutschland,DE,dictionary_exact,1.0
39976724,Deutschland,DE,dictionary_exact,1.0
39976724,Deutschland,DE,dictionary_exact,1.0
39976715,Deutschland,DE,dictionary_exact,1.0
39976715,Deutschland,DE,dictionary_exact,1.0
39976715,Deutschland,DE,dictionary_exact,1.0
39976715,Deutschland,DE,dictionary_exact,1.0
39976714,Deutschland,DE,dictionary_exact,1.0
39976714,Deutschland,DE,dictionary_exact,1.0
39976714,Deutschland,DE,dictionary_exact,1.0
39976713,Deutschland,DE,dictionary_exact,1.0
39976713,Deutschland,DE,dictionary_exact,1.0
39976713,Deutschland,DE,dictionary_exact,1.0
39976662,Deutschland,DE,dictionary_exact,1.0
39976662,Deutschland,DE,dictionary_exact,1.0
39976662,Deutschland,DE,dictionary_exact,1.0
39971798,Deutschland,DE,dictionary_exact,1.0
39971798,Deutschland,DE,dictionary_exact,1.0
39971798,Deutschland,DE,dictionary_exact,1.0
39971798,Deutschland,DE,dictionary_exact,1.0
39971798,Deutschland,DE,dictionary_exact,1.0
39971798,Deutschland,DE,dictionary_exact,1.0
39971791,Deutschland,DE,dictionary_exact,1.0
39971781,Deutschland,DE,dictionary_exact,1.0
39971781,Deutschland,DE,dictionary_exact,1.0
39971769,Deutschland,DE,dictionary_exact,1.0
39971769,Deutschland,DE,dictionary_exact,1.0
39971769,Deutschland,DE,dictionary_exact,1.0
39971769,Deutschland,DE,dictionary_exact,1.0
39971769,Deutschland,DE,dictionary_exact,1.0
39971769,Deutschland,DE,dictionary_exact,1.0
39971769,Deutschland,DE,dictionary_exact,1.0
39971766,Deutschland,DE,dictionary_exact,1.0
39971766,Deutschland,DE,dictionary_exact,1.0
39971766,Deutschland,DE,dictionary_exact,1.0
39971766,Deutschland,DE,dictionary_exact,1.0
39971766,Deutschland,DE,dictionary_exact,1.0
39971755,Deutschland,DE,dictionary_exact,1.0
39971755,Deutschland,DE,dictionary_exact,1.0
39970942,Germany,DE,pycountry_exact,0.95
39970942,Germany,DE,pycountry_exact,0.95
39970942,Germany,DE,pycountry_exact,0.95
39970942,Germany,DE,pycountry_exact,0.95
39970942,Germany,DE,pycountry_exact,0.95
39970922,Germany,DE,pycountry_exact,0.95
39970922,Germany,DE,pycountry_exact,0.95
39970907,Deutschland,DE,dictionary_exact,1.0
39970907,Deutschland,DE,dictionary_exact,1.0
39970907,Deutschland,DE,dictionary_exact,1.0
39970907,Deutschland,DE,dictionary_exact,1.0
39969738,Deutschland,DE,dictionary_exact,1.0
39969737,Deutschland,DE,dictionary_exact,1.0
39969736,Deutschland,DE,dictionary_exact,1.0
39969735,Germany,DE,pycountry_exact,0.95
39969734,Germany,DE,pycountry_exact,0.95
39969734,Germany,DE,pycountry_exact,0.95
39969733,Germany,DE,pycountry_exact,0.95
39969733,Germany,DE,pycountry_exact,0.95
39969732,Deutschland,DE,dictionary_exact,1.0
39969731,Deutschland,DE,dictionary_exact,1.0
39969731,Deutschland,DE,dictionary_exact,1.0
39969730,Deutschland,DE,dictionary_exact,1.0
39969729,Deutschland,DE,dictionary_exact,1.0
39969729,Deutschland,DE,dictionary_exact,1.0
39969729,Deutschland,DE,dictionary_exact,1.0
39969729,Deutschland,DE,dictionary_exact,1.0
39969728,Germany,DE,pycountry_exact,0.95
39969727,Germany,DE,pycountry_exact,0.95
39969726,Deutschland,DE,dictionary_exact,1.0
39969726,Deutschland,DE,dictionary_exact,1.0
39969725,Deutschland,DE,dictionary_exact,1.0
39969724,Deutschland,DE,dictionary_exact,1.0
39969723,Deutschland,DE,dictionary_exact,1.0
39969722,Deutschland,DE,dictionary_exact,1.0
39969721,Deutschland,DE,dictionary_exact,1.0
39969720,Deutschland,DE,dictionary_exact,1.0
39969719,Deutschland,DE,dictionary_exact,1.0
39969718,Deutschland,DE,dictionary_exact,1.0
39969717,Germany,DE,pycountry_exact,0.95
39969716,Deutschland,DE,dictionary_exact,1.0
39969715,Germany,DE,pycountry_exact,0.95
39969561,Deutschland,DE,dictionary_exact,1.0
39969561,Deutschland,DE,dictionary_exact,1.0
39969561,Deutschland,DE,dictionary_exact,1.0
39969551,Schweiz,CH,dictionary_exact,1.0
39969551,Schweiz,CH,dictionary_exact,1.0
39969551,Großbritannien,GB,dictionary_exact,1.0
39969547,Seestr. 10,not found,Not found,0.0
39969547,Seestr. 10,not found,Not found,0.0
39969547,Seestr. 10,not found,Not found,0.0
39969543,Deutschland,DE,dictionary_exact,1.0
39969543,Deutschland,DE,dictionary_exact,1.0
39966173,Deutschland,DE,dictionary_exact,1.0
39966173,Deutschland,DE,dictionary_exact,1.0
39966173,Deutschland,DE,dictionary_exact,1.0
39966160,Deutschland,DE,dictionary_exact,1.0
39966160,Deutschland,DE,dictionary_exact,1.0
39966160,Deutschland,DE,dictionary_exact,1.0
39966160,Deutschland,DE,dictionary_exact,1.0
39966160,Deutschland,DE,dictionary_exact,1.0
39966160,Deutschland,DE,dictionary_exact,1.0
39966160,Deutschland,DE,dictionary_exact,1.0
39966160,Deutschland,DE,dictionary_exact,1.0
39966147,Deutschland,DE,dictionary_exact,1.0
39966147,Deutschland,DE,dictionary_exact,1.0
39966147,Deutschland,DE,dictionary_exact,1.0
39966147,Standort RheinMain,not found,Not found,0.0
39966146,Deutschland,DE,dictionary_exact,1.0
39966145,Deutschland,DE,dictionary_exact,1.0
39966145,Deutschland,DE,dictionary_exact,1.0
39966145,Deutschland,DE,dictionary_exact,1.0
39966145,Deutschland,DE,dictionary_exact,1.0
39966145,Deutschland,DE,dictionary_exact,1.0
39966145,Deutschland,DE,dictionary_exact,1.0
39966145,Deutschland,DE,dictionary_exact,1.0
39966145,Deutschland,DE,dictionary_exact,1.0
39966144,Deutschland,DE,dictionary_exact,1.0
39966143,Deutschland,DE,dictionary_exact,1.0
39966142,Deutschland,DE,dictionary_exact,1.0
39966141,Deutschland,DE,dictionary_exact,1.0
39966141,Deutschland,DE,dictionary_exact,1.0
39966137,Deutschland,DE,dictionary_exact,1.0
39966137,Deutschland,DE,dictionary_exact,1.0
39965661,Germany,DE,pycountry_exact,0.95
39965623,Dresden,DE,geonames_exact,0.9
39965622,Boxberg-Windischbuch,not found,Not found,0.0
39965621,Ludwig-Maximilians-Universität München,DE,geonames_word,0.8
39965619,Bramsche,DE,geonames_exact,0.9
39965582,Klinisches Department für Nutztiere und Sicherheit von Lebensmittelsystemen,CA,geonames_word,0.8
39965582,Departement für Biologische Wissenschaften und Pathobiologie,AF,geonames_word,0.8
39965582,Klinisches Departement für Kleintiere und Pferde,AF,geonames_word,0.8
39965578,Oberschleißheim,not found,Not found,0.0
39965578,Melle,SC,pycountry_exact,0.95
39965578,München,DE,geonames_exact,0.9
39965578,München,DE,geonames_exact,0.9
39965578,Kirchheim unter Teck,DE,geonames_exact,0.9
39964515,Deutschland,DE,dictionary_exact,1.0
39964515,Deutschland,DE,dictionary_exact,1.0
39964442,Deutschland,DE,dictionary_exact,1.0
39964442,Deutschland,DE,dictionary_exact,1.0
39964442,Deutschland,DE,dictionary_exact,1.0
39964442,Deutschland,DE,dictionary_exact,1.0
39964441,Deutschland,DE,dictionary_exact,1.0
39964441,Deutschland,DE,dictionary_exact,1.0
39964441,Deutschland,DE,dictionary_exact,1.0
39964441,Deutschland,DE,dictionary_exact,1.0
39964438,Deutschland,DE,dictionary_exact,1.0
39964438,Schweiz,CH,dictionary_exact,1.0
39964417,Deutschland,DE,dictionary_exact,1.0
39964403,Deutschland,DE,dictionary_exact,1.0
39964403,Deutschland,DE,dictionary_exact,1.0
39964403,Deutschland,DE,dictionary_exact,1.0
39964403,Deutschland,DE,dictionary_exact,1.0
39964403,Deutschland,DE,dictionary_exact,1.0
39964384,Rauchstoppsprechstunde,not found,Not found,0.0
39964384,Lunge Zurich,CH,geonames_word,0.8
39964384,Rauchstoppsprechstunde,not found,Not found,0.0
39964383,Zürich,CH,pycountry_exact,0.95
39964382,Kantonsspital St. Gallen,FR,geonames_word,0.8
39964381,Switzerland,CH,pycountry_exact,0.95
39964381,Switzerland,CH,pycountry_exact,0.95
39964381,Switzerland,CH,pycountry_exact,0.95
39964381,Switzerland,CH,pycountry_exact,0.95
39964380,Universität Basel,CH,geonames_word,0.8
39964380,Kantonsspital St. Gallen,FR,geonames_word,0.8
39964380,Universität Basel,CH,geonames_word,0.8
39964380,Petit-Lancy GE,CH,geonames_word,0.8
39964380,Richterswil ZH,not found,Not found,0.0
39964380,Zürich,CH,pycountry_exact,0.95
39964380,Zürich,CH,pycountry_exact,0.95
39964380,Liestal,not found,Not found,0.0
39964379,Schmerzklinik Zürich AG,MY,geonames_word,0.8
39964379,Praxis für Psychotherapie in der Schmerzklinik Zürich AG,MY,geonames_word,0.8
39964378,Universitätsspital Zürich,CH,geonames_word,0.8
39964378,Klinik für Pneumologie,not found,Not found,0.0
39964377,Chur,BB,pycountry_exact,0.95
39964376,Massachusetts,US,pycountry_exact,0.95
39964376,Kantonsspital Graubünden,not found,Not found,0.0
39964376,Kantonsspital Graubünden,not found,Not found,0.0
39964376,Universität Zürich,CH,geonames_word,0.8
39961906,Deutschland,DE,dictionary_exact,1.0
39961906,Deutschland,DE,dictionary_exact,1.0
39961862,Deutschland,DE,dictionary_exact,1.0
39961862,Deutschland,DE,dictionary_exact,1.0
39961862,Österreich,AT,dictionary_exact,1.0
39961862,Deutschland,DE,dictionary_exact,1.0
39961862,Schweiz,CH,dictionary_exact,1.0
39961862,Deutschland,DE,dictionary_exact,1.0
39961833,Deutschland,DE,dictionary_exact,1.0
39961833,Deutschland,DE,dictionary_exact,1.0
39961833,Deutschland,DE,dictionary_exact,1.0
39961833,Deutschland,DE,dictionary_exact,1.0
39961829,Deutschland,DE,dictionary_exact,1.0
39961829,Deutschland,DE,dictionary_exact,1.0
39961828,Deutschland,DE,dictionary_exact,1.0
39961828,Deutschland,DE,dictionary_exact,1.0
39961813,Deutschland,DE,dictionary_exact,1.0
39961813,Deutschland,DE,dictionary_exact,1.0
39961349,Deutschland,DE,dictionary_exact,1.0
39961349,Deutschland,DE,dictionary_exact,1.0
39961349,Deutschland,DE,dictionary_exact,1.0
39961348,Deutschland,DE,dictionary_exact,1.0
39961347,Germany,DE,pycountry_exact,0.95
39961333,Deutschland,DE,dictionary_exact,1.0
39961333,Deutschland,DE,dictionary_exact,1.0
39961333,Deutschland,DE,dictionary_exact,1.0
39961333,Deutschland,DE,dictionary_exact,1.0
39961333,Deutschland,DE,dictionary_exact,1.0
39961333,Deutschland,DE,dictionary_exact,1.0
39961333,Deutschland,DE,dictionary_exact,1.0
39961333,Deutschland,DE,dictionary_exact,1.0
39961333,Schweiz,CH,dictionary_exact,1.0
39961333,Deutschland,DE,dictionary_exact,1.0
39961333,Schweiz,CH,dictionary_exact,1.0
39960497,Deutschland,DE,dictionary_exact,1.0
39960497,Deutschland,DE,dictionary_exact,1.0
39960497,Deutschland,DE,dictionary_exact,1.0
39954671,Germany,DE,pycountry_exact,0.95
39954671,Germany,DE,pycountry_exact,0.95
39954671,Germany,DE,pycountry_exact,0.95
39953288,Deutschland,DE,dictionary_exact,1.0
39953165,Deutschland,DE,dictionary_exact,1.0
39953165,Deutschland,DE,dictionary_exact,1.0
39953165,Deutschland,DE,dictionary_exact,1.0
39952868,Deutschland,DE,dictionary_exact,1.0
39952868,Deutschland,DE,dictionary_exact,1.0
39952868,Deutschland,DE,dictionary_exact,1.0
39952868,Deutschland,DE,dictionary_exact,1.0
39952868,Deutschland,DE,dictionary_exact,1.0
39952279,Deutschland,DE,dictionary_exact,1.0
39952279,Deutschland,DE,dictionary_exact,1.0
39952279,Deutschland,DE,dictionary_exact,1.0
39952279,Deutschland,DE,dictionary_exact,1.0
39952279,Deutschland,DE,dictionary_exact,1.0
39952279,Deutschland,DE,dictionary_exact,1.0
39952279,Deutschland,DE,dictionary_exact,1.0
39952279,Deutschland,DE,dictionary_exact,1.0
39952279,Deutschland,DE,dictionary_exact,1.0
39952279,Deutschland,DE,dictionary_exact,1.0
39952279,Schweiz,CH,dictionary_exact,1.0
39952277,Germany,DE,pycountry_exact,0.95
39952277,Germany,DE,pycountry_exact,0.95
39952276,Germany,DE,pycountry_exact,0.95
39952276,Germany,DE,pycountry_exact,0.95
39952275,Germany,DE,pycountry_exact,0.95
39952275,Germany,DE,pycountry_exact,0.95
39952275,Germany,DE,pycountry_exact,0.95
39952275,Germany,DE,pycountry_exact,0.95
39952275,Germany,DE,pycountry_exact,0.95
39952275,Germany,DE,pycountry_exact,0.95
39952274,Köln,DE,geonames_exact,0.9
39952257,Germany,DE,pycountry_exact,0.95
39951102,Deutschland,DE,dictionary_exact,1.0
39951102,Schweiz,CH,dictionary_exact,1.0
39951056,Deutschland,DE,dictionary_exact,1.0
39951056,Deutschland,DE,dictionary_exact,1.0
39951055,Deutschland,DE,dictionary_exact,1.0
39951055,Deutschland,DE,dictionary_exact,1.0
39949157,Deutschland,DE,dictionary_exact,1.0
39948298,Deutschland,DE,dictionary_exact,1.0
39948298,Deutschland,DE,dictionary_exact,1.0
39948245,Deutschland,DE,dictionary_exact,1.0
39948245,Deutschland,DE,dictionary_exact,1.0
39948245,Deutschland,DE,dictionary_exact,1.0
39948245,Deutschland,DE,dictionary_exact,1.0
39948245,Deutschland,DE,dictionary_exact,1.0
39948245,Deutschland,DE,dictionary_exact,1.0
39948245,Deutschland,DE,dictionary_exact,1.0
39948245,Deutschland,DE,dictionary_exact,1.0
39948245,Deutschland,DE,dictionary_exact,1.0
39948245,Deutschland,DE,dictionary_exact,1.0
39948245,Deutschland,DE,dictionary_exact,1.0
39948245,Deutschland,DE,dictionary_exact,1.0
39948245,Deutschland,DE,dictionary_exact,1.0
39948146,Deutschland,DE,dictionary_exact,1.0
39948146,Deutschland,DE,dictionary_exact,1.0
39948146,Deutschland,DE,dictionary_exact,1.0
39948146,Niederlande,NL,dictionary_exact,1.0
39947937,Deutschland,DE,dictionary_exact,1.0
39947937,Deutschland,DE,dictionary_exact,1.0
39947937,Deutschland,DE,dictionary_exact,1.0
39947637,Germany,DE,pycountry_exact,0.95
39947637,Germany,DE,pycountry_exact,0.95
39947637,Germany,DE,pycountry_exact,0.95
39945852,Deutschland,DE,dictionary_exact,1.0
39945851,Deutschland,DE,dictionary_exact,1.0
39945851,Deutschland,DE,dictionary_exact,1.0
39945851,Deutschland,DE,dictionary_exact,1.0
39945851,Deutschland,DE,dictionary_exact,1.0
39945851,Deutschland,DE,dictionary_exact,1.0
39945846,Deutschland,DE,dictionary_exact,1.0
39945846,Deutschland,DE,dictionary_exact,1.0
39945846,Deutschland,DE,dictionary_exact,1.0
39945846,Deutschland,DE,dictionary_exact,1.0
39945846,Deutschland,DE,dictionary_exact,1.0
39945846,Deutschland,DE,dictionary_exact,1.0
39945846,Deutschland,DE,dictionary_exact,1.0
39945838,Deutschland,DE,dictionary_exact,1.0
39945838,Deutschland,DE,dictionary_exact,1.0
39945838,Deutschland,DE,dictionary_exact,1.0
39945837,Österreich,AT,dictionary_exact,1.0
39945837,Österreich,AT,dictionary_exact,1.0
39945837,Italien,IT,dictionary_exact,1.0
39945837,Österreich,AT,dictionary_exact,1.0
39945835,Deutschland,DE,dictionary_exact,1.0
39945835,Deutschland,DE,dictionary_exact,1.0
39945835,Deutschland,DE,dictionary_exact,1.0
39945835,Deutschland,DE,dictionary_exact,1.0
39945835,Deutschland,DE,dictionary_exact,1.0
39945820,Deutschland,DE,dictionary_exact,1.0
39945820,Deutschland,DE,dictionary_exact,1.0
39945806,Deutschland,DE,dictionary_exact,1.0
39945806,Deutschland,DE,dictionary_exact,1.0
39945806,Deutschland,DE,dictionary_exact,1.0
39945799,Schweiz,CH,dictionary_exact,1.0
39945799,Schweiz,CH,dictionary_exact,1.0
39945798,Deutschland,DE,dictionary_exact,1.0
39945798,Deutschland,DE,dictionary_exact,1.0
39945797,Deutschland,DE,dictionary_exact,1.0
39945797,Deutschland,DE,dictionary_exact,1.0
39945797,Deutschland,DE,dictionary_exact,1.0
39945795,Deutschland,DE,dictionary_exact,1.0
39945795,Deutschland,DE,dictionary_exact,1.0
39945795,Deutschland,DE,dictionary_exact,1.0
39945795,Deutschland,DE,dictionary_exact,1.0
39945795,Deutschland,DE,dictionary_exact,1.0
39945795,Deutschland,DE,dictionary_exact,1.0
39945795,Deutschland,DE,dictionary_exact,1.0
39945795,Deutschland,DE,dictionary_exact,1.0
39945795,Deutschland,DE,dictionary_exact,1.0
39945795,Deutschland,DE,dictionary_exact,1.0
39945795,Deutschland,DE,dictionary_exact,1.0
39945795,Deutschland,DE,dictionary_exact,1.0
39945795,Deutschland,DE,dictionary_exact,1.0
39945795,Deutschland,DE,dictionary_exact,1.0
39945795,Schweiz,CH,dictionary_exact,1.0
39945795,Schweiz,CH,dictionary_exact,1.0
39945795,Deutschland,DE,dictionary_exact,1.0
39945795,Deutschland,DE,dictionary_exact,1.0
39945795,Deutschland,DE,dictionary_exact,1.0
39945795,Deutschland,DE,dictionary_exact,1.0
39945794,Deutschland,DE,dictionary_exact,1.0
39945794,Deutschland,DE,dictionary_exact,1.0
39945794,Deutschland,DE,dictionary_exact,1.0
39945794,Deutschland,DE,dictionary_exact,1.0
39945794,Deutschland,DE,dictionary_exact,1.0
39945782,Österreich,AT,dictionary_exact,1.0
39945782,Dänemark,DK,dictionary_exact,1.0
39945782,Österreich,AT,dictionary_exact,1.0
39945782,Deutschland,DE,dictionary_exact,1.0
39945782,Deutschland,DE,dictionary_exact,1.0
39945781,Deutschland,DE,dictionary_exact,1.0
39945781,Deutschland,DE,dictionary_exact,1.0
39945781,Deutschland,DE,dictionary_exact,1.0
39945780,Österreich,AT,dictionary_exact,1.0
39945780,Österreich,AT,dictionary_exact,1.0
39945780,Österreich,AT,dictionary_exact,1.0
39943852,Freie Universität Berlin,DE,geonames_word,0.8
39943851,Universität Bern,CH,geonames_word,0.8
39943851,Zug,CH,pycountry_exact,0.95
39943851,Italien,IT,dictionary_exact,1.0
39943851,Universität Bern,CH,geonames_word,0.8
39938571,Austria,AT,pycountry_exact,0.95
39938571,Austria,AT,pycountry_exact,0.95
39938571,Austria,AT,pycountry_exact,0.95
39938565,Germany,DE,pycountry_exact,0.95
39938559,Germany,DE,pycountry_exact,0.95
39938558,Germany,DE,pycountry_exact,0.95
39938558,Germany,DE,pycountry_exact,0.95
39938558,Germany,DE,pycountry_exact,0.95
39938558,Germany,DE,pycountry_exact,0.95
39938540,Universitätsklinikum Freiburg,CH,geonames_word,0.8
39938540,Köln,DE,geonames_exact,0.9
39938540,Akademisches Lehrkrankenhaus der Charité-Universitätsmedizin Berlin,DE,geonames_word,0.8
39938537,GERMANY,DE,pycountry_exact,0.95
39938534,Georgsmarienhütte,DE,geonames_exact,0.9
39938534,Osnabrück,DE,geonames_exact,0.9
39938534,Deutschland,DE,dictionary_exact,1.0
39938527,Germany,DE,pycountry_exact,0.95
39938527,Germany,DE,pycountry_exact,0.95
39938527,Germany,DE,pycountry_exact,0.95
39937303,Deutschland,DE,dictionary_exact,1.0
39937303,Deutschland,DE,dictionary_exact,1.0
39937303,Deutschland,DE,dictionary_exact,1.0
39937303,Deutschland,DE,dictionary_exact,1.0
39937303,Deutschland,DE,dictionary_exact,1.0
39937303,Deutschland,DE,dictionary_exact,1.0
39937303,Deutschland,DE,dictionary_exact,1.0
39937303,Deutschland,DE,dictionary_exact,1.0
39937303,Deutschland,DE,dictionary_exact,1.0
39937303,Deutschland,DE,dictionary_exact,1.0
39937303,Deutschland,DE,dictionary_exact,1.0
39937303,Deutschland,DE,dictionary_exact,1.0
39937287,Deutschland,DE,dictionary_exact,1.0
39937287,Deutschland,DE,dictionary_exact,1.0
39937287,Deutschland,DE,dictionary_exact,1.0
39937287,Deutschland,DE,dictionary_exact,1.0
39937287,Deutschland,DE,dictionary_exact,1.0
39937287,Deutschland,DE,dictionary_exact,1.0
39937287,Deutschland,DE,dictionary_exact,1.0
39937287,Deutschland,DE,dictionary_exact,1.0
39937231,Deutschland,DE,dictionary_exact,1.0
39937223,Deutschland,DE,dictionary_exact,1.0
39937223,Deutschland,DE,dictionary_exact,1.0
39937223,Deutschland,DE,dictionary_exact,1.0
39937223,Deutschland,DE,dictionary_exact,1.0
39937223,Deutschland,DE,dictionary_exact,1.0
39937216,Brasilien,BR,dictionary_exact,1.0
39937216,Brasilien,BR,dictionary_exact,1.0
39937216,Brasilien,BR,dictionary_exact,1.0
39937215,Deutschland,DE,dictionary_exact,1.0
39937215,Deutschland,DE,dictionary_exact,1.0
39937215,Deutschland,DE,dictionary_exact,1.0
39936641,Schweiz,CH,dictionary_exact,1.0
39936641,Sweden,SE,pycountry_exact,0.95
39936641,Schweiz,CH,dictionary_exact,1.0
39936641,The Netherlands,NL,dictionary_exact,1.0
39936641,Schweiz,CH,dictionary_exact,1.0
39936641,Deutschland,DE,dictionary_exact,1.0
39936641,Schweiz,CH,dictionary_exact,1.0
39936624,Deutschland,DE,dictionary_exact,1.0
39936624,Deutschland,DE,dictionary_exact,1.0
39936624,Deutschland,DE,dictionary_exact,1.0
39936624,Deutschland,DE,dictionary_exact,1.0
39936624,Deutschland,DE,dictionary_exact,1.0
39936624,Deutschland,DE,dictionary_exact,1.0
39936624,Deutschland,DE,dictionary_exact,1.0
39936573,Deutschland,DE,dictionary_exact,1.0
39934530,Deutschland,DE,dictionary_exact,1.0
39934530,Deutschland,DE,dictionary_exact,1.0
39934530,Deutschland,DE,dictionary_exact,1.0
39934530,Deutschland,DE,dictionary_exact,1.0
39934530,Deutschland,DE,dictionary_exact,1.0
39934530,Deutschland,DE,dictionary_exact,1.0
39934504,Deutschland,DE,dictionary_exact,1.0
39934504,Deutschland,DE,dictionary_exact,1.0
39934504,Deutschland,DE,dictionary_exact,1.0
39934486,Deutschland,DE,dictionary_exact,1.0
39934447,Deutschland,DE,dictionary_exact,1.0
39934447,Deutschland,DE,dictionary_exact,1.0
39934447,Deutschland,DE,dictionary_exact,1.0
39934447,Deutschland,DE,dictionary_exact,1.0
39934447,Deutschland,DE,dictionary_exact,1.0
39934433,Deutschland,DE,dictionary_exact,1.0
39934433,Deutschland,DE,dictionary_exact,1.0
39934381,Deutschland,DE,dictionary_exact,1.0
39934381,Deutschland,DE,dictionary_exact,1.0
39934381,Deutschland,DE,dictionary_exact,1.0
39934378,Deutschland,DE,dictionary_exact,1.0
39934378,Deutschland,DE,dictionary_exact,1.0
39934263,Deutschland,DE,dictionary_exact,1.0
39934263,Deutschland,DE,dictionary_exact,1.0
39934245,Deutschland,DE,dictionary_exact,1.0
39933716,Switzerland,CH,pycountry_exact,0.95
39933716,United States,US,dictionary_exact,1.0
39933716,Germany,DE,pycountry_exact,0.95
39933716,Germany,DE,pycountry_exact,0.95
39932581,Deutschland,DE,dictionary_exact,1.0
39932580,Deutschland,DE,dictionary_exact,1.0
39932580,Deutschland,DE,dictionary_exact,1.0
39932580,Deutschland,DE,dictionary_exact,1.0
39932580,Deutschland,DE,dictionary_exact,1.0
39932516,Deutschland,DE,dictionary_exact,1.0
39932516,Deutschland,DE,dictionary_exact,1.0
39930260,Deutschland,DE,dictionary_exact,1.0
39930012,Deutschland,DE,dictionary_exact,1.0
39930012,Deutschland,DE,dictionary_exact,1.0
39930012,Deutschland,DE,dictionary_exact,1.0
39928157,Deutschland,DE,dictionary_exact,1.0
39928157,Deutschland,DE,dictionary_exact,1.0
39928157,Deutschland,DE,dictionary_exact,1.0
39928157,Deutschland,DE,dictionary_exact,1.0
39928157,Deutschland,DE,dictionary_exact,1.0
39928156,Deutschland,DE,dictionary_exact,1.0
39928156,Deutschland,DE,dictionary_exact,1.0
39928156,Deutschland,DE,dictionary_exact,1.0
39928156,Deutschland,DE,dictionary_exact,1.0
39928127,Deutschland,DE,dictionary_exact,1.0
39928127,Deutschland,DE,dictionary_exact,1.0
39928109,Deutschland,DE,dictionary_exact,1.0
39928109,Deutschland,DE,dictionary_exact,1.0
39928109,Deutschland,DE,dictionary_exact,1.0
39928102,Deutschland,DE,dictionary_exact,1.0
39928102,Schweiz,CH,dictionary_exact,1.0
39928102,Deutschland,DE,dictionary_exact,1.0
39928102,Österreich,AT,dictionary_exact,1.0
39928102,Deutschland,DE,dictionary_exact,1.0
39928089,Deutschland,DE,dictionary_exact,1.0
39928089,Deutschland,DE,dictionary_exact,1.0
39928089,Deutschland,DE,dictionary_exact,1.0
39928089,Deutschland,DE,dictionary_exact,1.0
39920314,Deutschland,DE,dictionary_exact,1.0
39920314,Deutschland,DE,dictionary_exact,1.0
39920314,Deutschland,DE,dictionary_exact,1.0
39920314,Deutschland,DE,dictionary_exact,1.0
39920298,Deutschland,DE,dictionary_exact,1.0
39920298,Deutschland,DE,dictionary_exact,1.0
39920298,Deutschland,DE,dictionary_exact,1.0
39920298,Deutschland,DE,dictionary_exact,1.0
39920292,Deutschland,DE,dictionary_exact,1.0
39920292,Deutschland,DE,dictionary_exact,1.0
39920292,Deutschland,DE,dictionary_exact,1.0
39920292,Deutschland,DE,dictionary_exact,1.0
39920292,Deutschland,DE,dictionary_exact,1.0
39919824,Germany,DE,pycountry_exact,0.95
39919824,Germany,DE,pycountry_exact,0.95
39919824,Germany,DE,pycountry_exact,0.95
39919799,Germany,DE,pycountry_exact,0.95
39919799,Germany,DE,pycountry_exact,0.95
39919799,Germany,DE,pycountry_exact,0.95
39919799,Germany,DE,pycountry_exact,0.95
39919785,Germany,DE,pycountry_exact,0.95
39919785,Germany,DE,pycountry_exact,0.95
39919785,Germany,DE,pycountry_exact,0.95
39919785,Germany,DE,pycountry_exact,0.95
39919782,Tübingen,DE,geonames_exact,0.9
39919782,Stuttgart,DE,geonames_exact,0.9
39919782,Berlin,DE,pycountry_exact,0.95
39919782,Universitätsklinikum Mannheim,DE,geonames_word,0.8
39919782,Institut für Klinische Chemie und Pathobiochemie,AF,geonames_word,0.8
39919782,Medizinische Universität Graz,AT,geonames_word,0.8
39919782,Bad Neuenahr-Ahrweiler,DE,geonames_exact,0.9
39919782,Universität Greifswald,DE,geonames_word,0.8
39919782,Universität Regensburg,DE,geonames_word,0.8
39919782,Berlin,DE,pycountry_exact,0.95
39919782,Berlin/Kiel,not found,Not found,0.0
39919782,Universitätsklinikum Tübingen,DE,geonames_word,0.8
39919782,Universitätsklinikum Würzburg,DE,geonames_word,0.8
39919782,Universitätsklinikum Freiburg,CH,geonames_word,0.8
39919782,Böblingen,DE,geonames_exact,0.9
39919782,München Klinik Bogenhausen,DE,geonames_word,0.8
39919782,Universitätsklinikum Dresden,DE,geonames_word,0.8
39919782,Bühlerhöhe,not found,Not found,0.0
39919782,Universitätsklinikum Schleswig-Holstein,DE,geonames_word,0.8
39919782,Tübingen,DE,geonames_exact,0.9
39919782,Mainz,DE,geonames_exact,0.9
39919782,Universitätsklinikum Münster,DE,geonames_word,0.8
39919782,Universitätsklinikum Düsseldorf,DE,geonames_word,0.8
39919782,Universitätsklinikum Marburg,DE,geonames_word,0.8
39919782,Tübingen,DE,geonames_exact,0.9
39919782,MVZ Katholisches Klinikum Bochum,DE,geonames_word,0.8
39919782,Klinikverbund Bremen,DE,geonames_word,0.8
39919782,Asklepios Klinik Barmbek,not found,Not found,0.0
39919782,Technische Universität München,DE,geonames_word,0.8
39919782,SLK-Klinken Heilbronn,DE,geonames_word,0.8
39919782,Universitätsklinikum Köln,DE,geonames_word,0.8
39919782,University of Kentucky,TR,geonames_word,0.8
39919782,Asklepios Klinik Altona,DE,geonames_word,0.8
39919782,Hamburger Fern-Hochschule,not found,Not found,0.0
39919782,Städtisches Klinikum Karlsruhe,DE,geonames_word,0.8
39919782,Lebertransplantierte e. V,not found,Not found,0.0
39919782,Medizinische Hochschule Hannover,DE,geonames_word,0.8
39919782,Universitätsklinikum Gießen,DE,geonames_word,0.8
39919782,Universitätsklinikum Halle (Saale),BE,geonames_word,0.8
39919782,Erlangen,DE,geonames_exact,0.9
39919782,Universitätsklinikum Heidelberg,DE,geonames_word,0.8
39919782,Universitätsklinikum Regensburg,DE,geonames_word,0.8
39919782,LMU München,DE,geonames_word,0.8
39919782,Marienhospital Osnabrück,DE,geonames_word,0.8
39919782,Geislingen an der Steige,DE,geonames_exact,0.9
39919782,Universitätsklinikum Leipzig,DE,geonames_word,0.8
39919782,Universitätsklinikum Hamburg-Eppendorf,DE,geonames_word,0.8
39919782,Tübingen,DE,geonames_exact,0.9
39919782,Klinik Herzoghöhe Bayreuth,DE,geonames_word,0.8
39919782,Ruhr-Universität Bochum,DE,geonames_word,0.8
39919782,Universitätsklinikum Heidelberg,DE,geonames_word,0.8
39919782,Frankfurt,DE,geonames_exact,0.9
39919782,Deutsche Leberhilfe e. V,not found,Not found,0.0
39919782,Berlin,DE,pycountry_exact,0.95
39919782,University of Toronto,CA,geonames_word,0.8
39919782,Frankfurt,DE,geonames_exact,0.9
39919782,Frankfurt am Main,DE,geonames_exact,0.9
39919782,Medizinische Hochschule Hannover,DE,geonames_word,0.8
39919782,Klinikum Esslingen,DE,geonames_word,0.8
39919782,Standort Lauf,DE,geonames_word,0.8
39919782,Klinikum Dortmund,DE,geonames_word,0.8
39919782,Mainz,DE,geonames_exact,0.9
39919781,Tübingen,DE,geonames_exact,0.9
39919781,Stuttgart,DE,geonames_exact,0.9
39919781,Berlin,DE,pycountry_exact,0.95
39919781,Universitätsklinikum Mannheim,DE,geonames_word,0.8
39919781,Institut für Klinische Chemie und Pathobiochemie,AF,geonames_word,0.8
39919781,Medizinische Universität Graz,AT,geonames_word,0.8
39919781,Bad Neuenahr-Ahrweiler,DE,geonames_exact,0.9
39919781,Universität Greifswald,DE,geonames_word,0.8
39919781,Universität Regensburg,DE,geonames_word,0.8
39919781,Berlin,DE,pycountry_exact,0.95
39919781,Berlin/Kiel,not found,Not found,0.0
39919781,Universitätsklinikum Tübingen,DE,geonames_word,0.8
39919781,Universitätsklinikum Würzburg,DE,geonames_word,0.8
39919781,Universitätsklinikum Freiburg,CH,geonames_word,0.8
39919781,Böblingen,DE,geonames_exact,0.9
39919781,München Klinik Bogenhausen,DE,geonames_word,0.8
39919781,Universitätsklinikum Dresden,DE,geonames_word,0.8
39919781,Bühlerhöhe,not found,Not found,0.0
39919781,Universitätsklinikum Schleswig-Holstein,DE,geonames_word,0.8
39919781,Tübingen,DE,geonames_exact,0.9
39919781,Mainz,DE,geonames_exact,0.9
39919781,Universitätsklinikum Münster,DE,geonames_word,0.8
39919781,Universitätsklinikum Düsseldorf,DE,geonames_word,0.8
39919781,Universitätsklinikum Marburg,DE,geonames_word,0.8
39919781,Tübingen,DE,geonames_exact,0.9
39919781,MVZ Katholisches Klinikum Bochum,DE,geonames_word,0.8
39919781,Klinikverbund Bremen,DE,geonames_word,0.8
39919781,Asklepios Klinik Barmbek,not found,Not found,0.0
39919781,Technische Universität München,DE,geonames_word,0.8
39919781,SLK-Klinken Heilbronn,DE,geonames_word,0.8
39919781,Universitätsklinikum Köln,DE,geonames_word,0.8
39919781,University of Kentucky,TR,geonames_word,0.8
39919781,Asklepios Klinik Altona,DE,geonames_word,0.8
39919781,Hamburger Fern-Hochschule,not found,Not found,0.0
39919781,Städtisches Klinikum Karlsruhe,DE,geonames_word,0.8
39919781,Lebertransplantierte e.V,not found,Not found,0.0
39919781,Medizinische Hochschule Hannover,DE,geonames_word,0.8
39919781,Universitätsklinikum Gießen,DE,geonames_word,0.8
39919781,Universitätsklinikum Halle (Saale),BE,geonames_word,0.8
39919781,Erlangen,DE,geonames_exact,0.9
39919781,Universitätsklinikum Heidelberg,DE,geonames_word,0.8
39919781,Universitätsklinikum Regensburg,DE,geonames_word,0.8
39919781,LMU München,DE,geonames_word,0.8
39919781,Marienhospital Osnabrück,DE,geonames_word,0.8
39919781,Geislingen an der Steige,DE,geonames_exact,0.9
39919781,Universitätsklinikum Leipzig,DE,geonames_word,0.8
39919781,Universitätsklinikum Hamburg-Eppendorf,DE,geonames_word,0.8
39919781,Tübingen,DE,geonames_exact,0.9
39919781,Klinik Herzoghöhe Bayreuth,DE,geonames_word,0.8
39919781,Ruhr-Universität Bochum,DE,geonames_word,0.8
39919781,Universitätsklinikum Heidelberg,DE,geonames_word,0.8
39919781,Frankfurt,DE,geonames_exact,0.9
39919781,Deutsche Leberhilfe e.V,not found,Not found,0.0
39919781,Berlin,DE,pycountry_exact,0.95
39919781,University of Toronto,CA,geonames_word,0.8
39919781,Frankfurt,DE,geonames_exact,0.9
39919781,Frankfurt am Main,DE,geonames_exact,0.9
39919781,Medizinische Hochschule Hannover,DE,geonames_word,0.8
39919781,Klinikum Esslingen,DE,geonames_word,0.8
39919781,Standort Lauf,DE,geonames_word,0.8
39919781,Klinikum Dortmund,DE,geonames_word,0.8
39919781,Mainz,DE,geonames_exact,0.9
39918633,Deutschland,DE,dictionary_exact,1.0
39918558,Deutschland,DE,dictionary_exact,1.0
39918558,Kanada,CA,dictionary_exact,1.0
39918558,Kanada,CA,dictionary_exact,1.0
39918558,Deutschland,DE,dictionary_exact,1.0
39918557,Deutschland,DE,dictionary_exact,1.0
39918557,Deutschland,DE,dictionary_exact,1.0
39918557,Deutschland,DE,dictionary_exact,1.0
39918557,Deutschland,DE,dictionary_exact,1.0
39918557,Deutschland,DE,dictionary_exact,1.0
39918557,Deutschland,DE,dictionary_exact,1.0
39918557,Deutschland,DE,dictionary_exact,1.0
39915423,Deutschland,DE,dictionary_exact,1.0
39915422,Deutschland,DE,dictionary_exact,1.0
39915421,Deutschland,DE,dictionary_exact,1.0
39915420,Deutschland,DE,dictionary_exact,1.0
39915419,Deutschland,DE,dictionary_exact,1.0
39915418,Deutschland,DE,dictionary_exact,1.0
39915417,Deutschland,DE,dictionary_exact,1.0
39915416,Deutschland,DE,dictionary_exact,1.0
39915415,Germany,DE,pycountry_exact,0.95
39915415,Germany,DE,pycountry_exact,0.95
39915415,Germany,DE,pycountry_exact,0.95
39915414,Deutschland,DE,dictionary_exact,1.0
39915413,Deutschland,DE,dictionary_exact,1.0
39915413,Deutschland,DE,dictionary_exact,1.0
39915412,Deutschland,DE,dictionary_exact,1.0
39915412,Deutschland,DE,dictionary_exact,1.0
39915411,Deutschland,DE,dictionary_exact,1.0
39915411,Deutschland,DE,dictionary_exact,1.0
39915411,Schweiz,CH,dictionary_exact,1.0
39915411,Deutschland,DE,dictionary_exact,1.0
39915411,Deutschland,DE,dictionary_exact,1.0
39915410,Deutschland,DE,dictionary_exact,1.0
39915410,Deutschland,DE,dictionary_exact,1.0
39915409,Deutschland,DE,dictionary_exact,1.0
39915409,Deutschland,DE,dictionary_exact,1.0
39915408,Deutschland,DE,dictionary_exact,1.0
39915407,Deutschland,DE,dictionary_exact,1.0
39915406,Deutschland,DE,dictionary_exact,1.0
39915405,Deutschland,DE,dictionary_exact,1.0
39915404,Deutschland,DE,dictionary_exact,1.0
39915403,Deutschland,DE,dictionary_exact,1.0
39915402,Deutschland,DE,dictionary_exact,1.0
39915401,Deutschland,DE,dictionary_exact,1.0
39915400,Deutschland,DE,dictionary_exact,1.0
39915399,Deutschland,DE,dictionary_exact,1.0
39915398,Deutschland,DE,dictionary_exact,1.0
39915397,Deutschland,DE,dictionary_exact,1.0
39915396,Deutschland,DE,dictionary_exact,1.0
39915395,Deutschland,DE,dictionary_exact,1.0
39915394,Deutschland,DE,dictionary_exact,1.0
39915393,Deutschland,DE,dictionary_exact,1.0
39915392,Deutschland,DE,dictionary_exact,1.0
39915391,Deutschland,DE,dictionary_exact,1.0
39915390,Deutschland,DE,dictionary_exact,1.0
39915389,Deutschland,DE,dictionary_exact,1.0
39915388,Deutschland,DE,dictionary_exact,1.0
39915387,Deutschland,DE,dictionary_exact,1.0
39915387,Deutschland,DE,dictionary_exact,1.0
39915386,Deutschland,DE,dictionary_exact,1.0
39915385,Deutschland,DE,dictionary_exact,1.0
39915384,Deutschland,DE,dictionary_exact,1.0
39915383,Deutschland,DE,dictionary_exact,1.0
39915382,Deutschland,DE,dictionary_exact,1.0
39915381,Deutschland,DE,dictionary_exact,1.0
39915380,Deutschland,DE,dictionary_exact,1.0
39915379,Deutschland,DE,dictionary_exact,1.0
39915378,Germany,DE,pycountry_exact,0.95
39915340,Deutschland,DE,dictionary_exact,1.0
39915340,Deutschland,DE,dictionary_exact,1.0
39915340,Deutschland,DE,dictionary_exact,1.0
39915339,Deutschland,DE,dictionary_exact,1.0
39915339,Deutschland,DE,dictionary_exact,1.0
39915327,Deutschland,DE,dictionary_exact,1.0
39915327,Deutschland,DE,dictionary_exact,1.0
39915327,Deutschland,DE,dictionary_exact,1.0
39915327,Deutschland,DE,dictionary_exact,1.0
39915327,Deutschland,DE,dictionary_exact,1.0
39915327,Deutschland,DE,dictionary_exact,1.0
39915327,Österreich,AT,dictionary_exact,1.0
39915327,Deutschland,DE,dictionary_exact,1.0
39915327,Deutschland,DE,dictionary_exact,1.0
39915327,Deutschland,DE,dictionary_exact,1.0
39915327,Deutschland,DE,dictionary_exact,1.0
39915327,Deutschland,DE,dictionary_exact,1.0
39915327,Deutschland,DE,dictionary_exact,1.0
39915327,Deutschland,DE,dictionary_exact,1.0
39915299,Deutschland,DE,dictionary_exact,1.0
39915299,Österreich,AT,dictionary_exact,1.0
39915299,Österreich,AT,dictionary_exact,1.0
39914468,Germany,DE,pycountry_exact,0.95
39914467,Germany,DE,pycountry_exact,0.95
39914467,Germany,DE,pycountry_exact,0.95
39914467,Germany,DE,pycountry_exact,0.95
39914467,Germany,DE,pycountry_exact,0.95
39914467,Germany,DE,pycountry_exact,0.95
39914467,Austria,AT,pycountry_exact,0.95
39914467,Germany,DE,pycountry_exact,0.95
39914467,Switzerland,CH,pycountry_exact,0.95
39914467,Switzerland,CH,pycountry_exact,0.95
39914466,Germany,DE,pycountry_exact,0.95
39914466,United States,US,dictionary_exact,1.0
39914466,Germany,DE,pycountry_exact,0.95
39914466,Switzerland,CH,pycountry_exact,0.95
39914409,Germany,DE,pycountry_exact,0.95
39914409,Germany,DE,pycountry_exact,0.95
39914409,Gießen,DE,geonames_exact,0.9
39914409,Plön,not found,Not found,0.0
39914409,Germany,DE,pycountry_exact,0.95
39914396,Deutschland,DE,dictionary_exact,1.0
39912920,Deutschland,DE,dictionary_exact,1.0
39912909,Deutschland,DE,dictionary_exact,1.0
39912909,Deutschland,DE,dictionary_exact,1.0
39912853,Österreich,AT,dictionary_exact,1.0
39912853,Österreich,AT,dictionary_exact,1.0
39912853,Österreich,AT,dictionary_exact,1.0
39909078,Germany,DE,pycountry_exact,0.95
39909078,Germany,DE,pycountry_exact,0.95
39909057,Deutschland,DE,dictionary_exact,1.0
39909054,Deutschland,DE,dictionary_exact,1.0
39907794,Deutschland,DE,dictionary_exact,1.0
39907794,Deutschland,DE,dictionary_exact,1.0
39907794,Deutschland,DE,dictionary_exact,1.0
39907794,Deutschland,DE,dictionary_exact,1.0
39907794,Deutschland,DE,dictionary_exact,1.0
39907788,Deutschland,DE,dictionary_exact,1.0
39907766,Deutschland,DE,dictionary_exact,1.0
39907766,Deutschland,DE,dictionary_exact,1.0
39907766,Deutschland,DE,dictionary_exact,1.0
39907742,Deutschland,DE,dictionary_exact,1.0
39907742,Deutschland,DE,dictionary_exact,1.0
39907742,Deutschland,DE,dictionary_exact,1.0
39907742,Deutschland,DE,dictionary_exact,1.0
39907742,Deutschland,DE,dictionary_exact,1.0
39907733,Deutschland,DE,dictionary_exact,1.0
39907733,Deutschland,DE,dictionary_exact,1.0
39904915,Deutschland,DE,dictionary_exact,1.0
39904915,Deutschland,DE,dictionary_exact,1.0
39904912,Deutschland,DE,dictionary_exact,1.0
39904912,Deutschland,DE,dictionary_exact,1.0
39904811,Deutschland,DE,dictionary_exact,1.0
39904811,Deutschland,DE,dictionary_exact,1.0
39904780,Deutschland,DE,dictionary_exact,1.0
39904780,Deutschland,DE,dictionary_exact,1.0
39904780,Deutschland,DE,dictionary_exact,1.0
39904780,Deutschland,DE,dictionary_exact,1.0
39904778,Deutschland,DE,dictionary_exact,1.0
39904778,Deutschland,DE,dictionary_exact,1.0
39904355,Germany,DE,pycountry_exact,0.95
39904354,Deutschland,DE,dictionary_exact,1.0
39904354,Deutschland,DE,dictionary_exact,1.0
39903223,Deutschland,DE,dictionary_exact,1.0
39903223,Deutschland,DE,dictionary_exact,1.0
39903221,Deutschland,DE,dictionary_exact,1.0
39900884,Deutschland,DE,dictionary_exact,1.0
39900884,Deutschland,DE,dictionary_exact,1.0
39900858,Deutschland,DE,dictionary_exact,1.0
39900858,Deutschland,DE,dictionary_exact,1.0
39900858,Deutschland,DE,dictionary_exact,1.0
39900858,Deutschland,DE,dictionary_exact,1.0
39900858,Deutschland,DE,dictionary_exact,1.0
39900858,Deutschland,DE,dictionary_exact,1.0
39900858,Deutschland,DE,dictionary_exact,1.0
39900843,Deutschland,DE,dictionary_exact,1.0
39900843,Deutschland,DE,dictionary_exact,1.0
39900815,Schweiz,CH,dictionary_exact,1.0
39900815,Schweiz,CH,dictionary_exact,1.0
39900814,Deutschland,DE,dictionary_exact,1.0
39900814,Deutschland,DE,dictionary_exact,1.0
39900810,Deutschland,DE,dictionary_exact,1.0
39900809,Deutschland,DE,dictionary_exact,1.0
39900780,Deutschland,DE,dictionary_exact,1.0
39900780,Deutschland,DE,dictionary_exact,1.0
39900780,Deutschland,DE,dictionary_exact,1.0
39900779,Deutschland,DE,dictionary_exact,1.0
39900779,Deutschland,DE,dictionary_exact,1.0
39900750,Deutschland,DE,dictionary_exact,1.0
39900750,Deutschland,DE,dictionary_exact,1.0
39900750,Deutschland,DE,dictionary_exact,1.0
39900750,Deutschland,DE,dictionary_exact,1.0
39900687,Deutschland,DE,dictionary_exact,1.0
39900687,Deutschland,DE,dictionary_exact,1.0
39900687,Deutschland,DE,dictionary_exact,1.0
39900687,Deutschland,DE,dictionary_exact,1.0
39900687,Deutschland,DE,dictionary_exact,1.0
39900683,KEM,CF,pycountry_exact,0.95
39900683,Deutschland,DE,dictionary_exact,1.0
39900666,Österreich,AT,dictionary_exact,1.0
39900666,USA,US,dictionary_exact,1.0
39900666,USA,US,dictionary_exact,1.0
39900666,USA,US,dictionary_exact,1.0
39900658,Deutschland,DE,dictionary_exact,1.0
39900658,Deutschland,DE,dictionary_exact,1.0
39900658,Deutschland,DE,dictionary_exact,1.0
39900100,Germany,DE,pycountry_exact,0.95
39900100,Germany,DE,pycountry_exact,0.95
39900100,Germany,DE,pycountry_exact,0.95
39900100,Germany,DE,pycountry_exact,0.95
39900100,Germany,DE,pycountry_exact,0.95
39900100,Germany,DE,pycountry_exact,0.95
39900087,Deutschland,DE,dictionary_exact,1.0
39900085,Germany,DE,pycountry_exact,0.95
39900084,Germany,DE,pycountry_exact,0.95
39900084,Germany,DE,pycountry_exact,0.95
39900084,Germany,DE,pycountry_exact,0.95
39900030,Universitätsklinik Ulm,DE,geonames_word,0.8
39900029,Lukaskrankenhaus,not found,Not found,0.0
39899127,Deutschland,DE,dictionary_exact,1.0
39899127,Deutschland,DE,dictionary_exact,1.0
39899127,Deutschland,DE,dictionary_exact,1.0
39899089,Schweiz,CH,dictionary_exact,1.0
39899089,Schweiz,CH,dictionary_exact,1.0
39899040,Deutschland,DE,dictionary_exact,1.0
39899021,Deutschland,DE,dictionary_exact,1.0
39890632,Deutschland,DE,dictionary_exact,1.0
39890632,Deutschland,DE,dictionary_exact,1.0
39890632,Deutschland,DE,dictionary_exact,1.0
39890632,Deutschland,DE,dictionary_exact,1.0
39890626,Deutschland,DE,dictionary_exact,1.0
39890626,Deutschland,DE,dictionary_exact,1.0
39890626,Deutschland,DE,dictionary_exact,1.0
39890626,Deutschland,DE,dictionary_exact,1.0
39890626,Deutschland,DE,dictionary_exact,1.0
39890626,Deutschland,DE,dictionary_exact,1.0
39890626,Deutschland,DE,dictionary_exact,1.0
39890584,Deutschland,DE,dictionary_exact,1.0
39890584,Deutschland,DE,dictionary_exact,1.0
39890584,Deutschland,DE,dictionary_exact,1.0
39890584,Deutschland,DE,dictionary_exact,1.0
39890584,Deutschland,DE,dictionary_exact,1.0
39889729,Deutschland,DE,dictionary_exact,1.0
39889729,Deutschland,DE,dictionary_exact,1.0
39889728,Germany,DE,pycountry_exact,0.95
39889728,Germany,DE,pycountry_exact,0.95
39889728,Germany,DE,pycountry_exact,0.95
39889728,Germany,DE,pycountry_exact,0.95
39889728,Germany,DE,pycountry_exact,0.95
39889728,Germany,DE,pycountry_exact,0.95
39889728,Germany,DE,pycountry_exact,0.95
39889728,Germany,DE,pycountry_exact,0.95
39889728,Germany,DE,pycountry_exact,0.95
39889728,Germany,DE,pycountry_exact,0.95
39889728,Germany,DE,pycountry_exact,0.95
39889728,Germany,DE,pycountry_exact,0.95
39889728,Germany,DE,pycountry_exact,0.95
39889728,Germany,DE,pycountry_exact,0.95
39888437,Deutschland,DE,dictionary_exact,1.0
39888437,Deutschland,DE,dictionary_exact,1.0
39888436,Österreich,AT,dictionary_exact,1.0
39888436,Österreich,AT,dictionary_exact,1.0
39888436,Deutschland,DE,dictionary_exact,1.0
39888405,Deutschland,DE,dictionary_exact,1.0
39888405,Deutschland,DE,dictionary_exact,1.0
39888404,Deutschland,DE,dictionary_exact,1.0
39888404,Deutschland,DE,dictionary_exact,1.0
39888379,Deutschland,DE,dictionary_exact,1.0
39888379,Deutschland,DE,dictionary_exact,1.0
39888378,Deutschland,DE,dictionary_exact,1.0
39888378,Deutschland,DE,dictionary_exact,1.0
39888369,Deutschland,DE,dictionary_exact,1.0
39888368,Deutschland,DE,dictionary_exact,1.0
39888367,Deutschland,DE,dictionary_exact,1.0
39888367,Deutschland,DE,dictionary_exact,1.0
39888367,Deutschland,DE,dictionary_exact,1.0
39888367,Deutschland,DE,dictionary_exact,1.0
39884980,Deutschland,DE,dictionary_exact,1.0
39884980,Deutschland,DE,dictionary_exact,1.0
39884979,Deutschland,DE,dictionary_exact,1.0
39884979,Deutschland,DE,dictionary_exact,1.0
39884979,Deutschland,DE,dictionary_exact,1.0
39884979,Deutschland,DE,dictionary_exact,1.0
39884979,Deutschland,DE,dictionary_exact,1.0
39884305,Mainz,DE,geonames_exact,0.9
39883175,Deutschland,DE,dictionary_exact,1.0
39883130,Deutschland,DE,dictionary_exact,1.0
39883128,Deutschland,DE,dictionary_exact,1.0
39883128,Deutschland,DE,dictionary_exact,1.0
39883128,Deutschland,DE,dictionary_exact,1.0
39883128,Deutschland,DE,dictionary_exact,1.0
39883122,Deutschland,DE,dictionary_exact,1.0
39883122,Deutschland,DE,dictionary_exact,1.0
39883122,Deutschland,DE,dictionary_exact,1.0
39883120,Deutschland,DE,dictionary_exact,1.0
39883120,Deutschland,DE,dictionary_exact,1.0
39880988,Deutschland,DE,dictionary_exact,1.0
39880988,Deutschland,DE,dictionary_exact,1.0
39880988,Deutschland,DE,dictionary_exact,1.0
39880988,Deutschland,DE,dictionary_exact,1.0
39880988,Deutschland,DE,dictionary_exact,1.0
39880960,Deutschland,DE,dictionary_exact,1.0
39880960,Deutschland,DE,dictionary_exact,1.0
39880891,Deutschland,DE,dictionary_exact,1.0
39880891,Deutschland,DE,dictionary_exact,1.0
39880891,Deutschland,DE,dictionary_exact,1.0
39880891,Deutschland,DE,dictionary_exact,1.0
39880891,Deutschland,DE,dictionary_exact,1.0
39880891,Deutschland,DE,dictionary_exact,1.0
39880008,Germany,DE,pycountry_exact,0.95
39880008,Germany,DE,pycountry_exact,0.95
39880008,Germany,DE,pycountry_exact,0.95
39880008,Germany,DE,pycountry_exact,0.95
39880008,Germany,DE,pycountry_exact,0.95
39880008,Germany,DE,pycountry_exact,0.95
39880008,Germany,DE,pycountry_exact,0.95
39880008,Germany,DE,pycountry_exact,0.95
39880008,Germany,DE,pycountry_exact,0.95
39880008,Germany,DE,pycountry_exact,0.95
39880008,Germany,DE,pycountry_exact,0.95
39880006,Deutschland,DE,dictionary_exact,1.0
39880006,Deutschland,DE,dictionary_exact,1.0
39880006,Deutschland,DE,dictionary_exact,1.0
39880006,Deutschland,DE,dictionary_exact,1.0
39880006,Deutschland,DE,dictionary_exact,1.0
39879997,Germany,DE,pycountry_exact,0.95
39879997,Germany,DE,pycountry_exact,0.95
39879997,Germany,DE,pycountry_exact,0.95
39879997,Germany,DE,pycountry_exact,0.95
39879996,Germany,DE,pycountry_exact,0.95
39879971,Deutschland,DE,dictionary_exact,1.0
39879966,Neuroradiologie und Nuklearmedizin der Mühlenkreiskliniken,AF,geonames_word,0.8
39878894,Deutschland,DE,dictionary_exact,1.0
39878894,Deutschland,DE,dictionary_exact,1.0
39878894,Deutschland,DE,dictionary_exact,1.0
39878894,Deutschland,DE,dictionary_exact,1.0
39878894,Deutschland,DE,dictionary_exact,1.0
39878869,Deutschland,DE,dictionary_exact,1.0
39878869,Deutschland,DE,dictionary_exact,1.0
39878847,Deutschland,DE,dictionary_exact,1.0
39878847,Deutschland,DE,dictionary_exact,1.0
39878847,Deutschland,DE,dictionary_exact,1.0
39878796,Schweiz,CH,dictionary_exact,1.0
39878796,Schweiz,CH,dictionary_exact,1.0
39878796,Schweiz,CH,dictionary_exact,1.0
39878795,Schweiz,CH,dictionary_exact,1.0
39878795,Schweiz,CH,dictionary_exact,1.0
39878795,Deutschland,DE,dictionary_exact,1.0
39878795,Schweiz,CH,dictionary_exact,1.0
39878795,Schweiz,CH,dictionary_exact,1.0
39878795,Schweiz,CH,dictionary_exact,1.0
39878795,Niederlande,NL,dictionary_exact,1.0
39878795,Deutschland,DE,dictionary_exact,1.0
39875739,Deutschland,DE,dictionary_exact,1.0
39875739,Deutschland,DE,dictionary_exact,1.0
39875738,Österreich,AT,dictionary_exact,1.0
39875738,Schweiz,CH,dictionary_exact,1.0
39875738,Österreich,AT,dictionary_exact,1.0
39875738,Österreich,AT,dictionary_exact,1.0
39875738,Niederlande,NL,dictionary_exact,1.0
39875738,Österreich,AT,dictionary_exact,1.0
39875722,Deutschland,DE,dictionary_exact,1.0
39875722,Deutschland,DE,dictionary_exact,1.0
39875722,Deutschland,DE,dictionary_exact,1.0
39875722,Deutschland,DE,dictionary_exact,1.0
39875722,Deutschland,DE,dictionary_exact,1.0
39875722,Deutschland,DE,dictionary_exact,1.0
39875638,Deutschland,DE,dictionary_exact,1.0
39875638,Deutschland,DE,dictionary_exact,1.0
39875638,Deutschland,DE,dictionary_exact,1.0
39875618,Deutschland,DE,dictionary_exact,1.0
39875618,Deutschland,DE,dictionary_exact,1.0
39875618,Deutschland,DE,dictionary_exact,1.0
39875618,Deutschland,DE,dictionary_exact,1.0
39875617,Deutschland,DE,dictionary_exact,1.0
39875617,Deutschland,DE,dictionary_exact,1.0
39875574,Schweiz,CH,dictionary_exact,1.0
39875574,Deutschland,DE,dictionary_exact,1.0
39875574,Deutschland,DE,dictionary_exact,1.0
39875546,Deutschland,DE,dictionary_exact,1.0
39875123,Germany,DE,pycountry_exact,0.95
39875123,Germany,DE,pycountry_exact,0.95
39875123,Germany,DE,pycountry_exact,0.95
39875123,Germany,DE,pycountry_exact,0.95
39875122,Germany,DE,pycountry_exact,0.95
39875121,Germany,DE,pycountry_exact,0.95
39875121,Germany,DE,pycountry_exact,0.95
39874559,CT,AQ,pycountry_exact,0.95
39874559,Germany,DE,pycountry_exact,0.95
39874559,Germany,DE,pycountry_exact,0.95
39874559,United Arab Emirates,AE,pycountry_exact,0.95
39874559,Switzerland,CH,pycountry_exact,0.95
39873801,Deutschland,DE,dictionary_exact,1.0
39873801,Deutschland,DE,dictionary_exact,1.0
39873738,Deutschland,DE,dictionary_exact,1.0
39873738,Deutschland,DE,dictionary_exact,1.0
39873738,Deutschland,DE,dictionary_exact,1.0
39873738,Deutschland,DE,dictionary_exact,1.0
39873738,Deutschland,DE,dictionary_exact,1.0
39873738,Deutschland,DE,dictionary_exact,1.0
39873738,Deutschland,DE,dictionary_exact,1.0
39873738,Deutschland,DE,dictionary_exact,1.0
39873727,Deutschland,DE,dictionary_exact,1.0
39873707,Deutschland,DE,dictionary_exact,1.0
39873705,Deutschland,DE,dictionary_exact,1.0
39873701,Deutschland,DE,dictionary_exact,1.0
39871028,Deutschland,DE,dictionary_exact,1.0
39871028,Deutschland,DE,dictionary_exact,1.0
39870948,Deutschland,DE,dictionary_exact,1.0
39870948,Deutschland,DE,dictionary_exact,1.0
39870947,Deutschland,DE,dictionary_exact,1.0
39870947,Österreich,AT,dictionary_exact,1.0
39870907,Deutschland,DE,dictionary_exact,1.0
39870907,Deutschland,DE,dictionary_exact,1.0
39870887,Deutschland,DE,dictionary_exact,1.0
39870887,Deutschland,DE,dictionary_exact,1.0
39870887,Deutschland,DE,dictionary_exact,1.0
39870878,Deutschland,DE,dictionary_exact,1.0
39870878,Deutschland,DE,dictionary_exact,1.0
39870878,Deutschland,DE,dictionary_exact,1.0
39870878,Deutschland,DE,dictionary_exact,1.0
39870878,Deutschland,DE,dictionary_exact,1.0
39870878,Deutschland,DE,dictionary_exact,1.0
39870842,Deutschland,DE,dictionary_exact,1.0
39870842,Deutschland,DE,dictionary_exact,1.0
39870836,Deutschland,DE,dictionary_exact,1.0
39870836,Deutschland,DE,dictionary_exact,1.0
39870836,Deutschland,DE,dictionary_exact,1.0
39870835,Deutschland,DE,dictionary_exact,1.0
39870835,Deutschland,DE,dictionary_exact,1.0
39870171,Deutschland,DE,dictionary_exact,1.0
39870171,United Kingdom,GB,pycountry_exact,0.95
39870171,Schweiz,CH,dictionary_exact,1.0
39870171,Deutschland,DE,dictionary_exact,1.0
39870083,Deutschland,DE,dictionary_exact,1.0
39869228,Deutschland,DE,dictionary_exact,1.0
39869228,Deutschland,DE,dictionary_exact,1.0
39869228,Deutschland,DE,dictionary_exact,1.0
39869228,Deutschland,DE,dictionary_exact,1.0
39869224,Deutschland,DE,dictionary_exact,1.0
39869224,Deutschland,DE,dictionary_exact,1.0
39869212,Deutschland,DE,dictionary_exact,1.0
39869212,Deutschland,DE,dictionary_exact,1.0
39869212,Deutschland,DE,dictionary_exact,1.0
39869212,Deutschland,DE,dictionary_exact,1.0
39869198,Deutschland,DE,dictionary_exact,1.0
39869198,Deutschland,DE,dictionary_exact,1.0
39869198,Deutschland,DE,dictionary_exact,1.0
39869198,Deutschland,DE,dictionary_exact,1.0
39869193,Deutschland,DE,dictionary_exact,1.0
39869193,Deutschland,DE,dictionary_exact,1.0
39869193,Deutschland,DE,dictionary_exact,1.0
39869179,Deutschland,DE,dictionary_exact,1.0
39869179,Schweiz,CH,dictionary_exact,1.0
39869179,Deutschland,DE,dictionary_exact,1.0
39869179,Deutschland,DE,dictionary_exact,1.0
39869178,Deutschland,DE,dictionary_exact,1.0
39869178,Deutschland,DE,dictionary_exact,1.0
39869177,Deutschland,DE,dictionary_exact,1.0
39869177,Deutschland,DE,dictionary_exact,1.0
39869177,Deutschland,DE,dictionary_exact,1.0
39869177,Deutschland,DE,dictionary_exact,1.0
39869177,Deutschland,DE,dictionary_exact,1.0
39869177,Deutschland,DE,dictionary_exact,1.0
39869177,Deutschland,DE,dictionary_exact,1.0
39864434,Schweiz,CH,dictionary_exact,1.0
39864434,Deutschland,DE,dictionary_exact,1.0
39864434,Deutschland,DE,dictionary_exact,1.0
39864434,Deutschland,DE,dictionary_exact,1.0
39864434,Österreich,AT,dictionary_exact,1.0
39864434,Deutschland,DE,dictionary_exact,1.0
39864434,Schweiz,CH,dictionary_exact,1.0
39855263,Germany,DE,pycountry_exact,0.95
39855263,Germany,DE,pycountry_exact,0.95
39855257,Germany,DE,pycountry_exact,0.95
39855254,Österreich,AT,dictionary_exact,1.0
39855254,Österreich,AT,dictionary_exact,1.0
39855254,Österreich,AT,dictionary_exact,1.0
39853406,Deutschland,DE,dictionary_exact,1.0
39853406,Deutschland,DE,dictionary_exact,1.0
39853406,Deutschland,DE,dictionary_exact,1.0
39853406,Deutschland,DE,dictionary_exact,1.0
39853406,Deutschland,DE,dictionary_exact,1.0
39853406,Deutschland,DE,dictionary_exact,1.0
39853395,Deutschland,DE,dictionary_exact,1.0
39853395,Deutschland,DE,dictionary_exact,1.0
39853395,Deutschland,DE,dictionary_exact,1.0
39853395,Deutschland,DE,dictionary_exact,1.0
39853395,Österreich,AT,dictionary_exact,1.0
39853395,Deutschland,DE,dictionary_exact,1.0
39853385,Deutschland,DE,dictionary_exact,1.0
39853385,Deutschland,DE,dictionary_exact,1.0
39853385,Deutschland,DE,dictionary_exact,1.0
39853382,Deutschland,DE,dictionary_exact,1.0
39853382,Deutschland,DE,dictionary_exact,1.0
39853382,Deutschland,DE,dictionary_exact,1.0
39853382,Deutschland,DE,dictionary_exact,1.0
39853382,Deutschland,DE,dictionary_exact,1.0
39853382,Deutschland,DE,dictionary_exact,1.0
39853382,Deutschland,DE,dictionary_exact,1.0
39853382,Deutschland,DE,dictionary_exact,1.0
39853349,Deutschland,DE,dictionary_exact,1.0
39853349,Deutschland,DE,dictionary_exact,1.0
39853349,Deutschland,DE,dictionary_exact,1.0
39850957,Schweiz,CH,dictionary_exact,1.0
39849184,Deutschland,DE,dictionary_exact,1.0
39849184,Deutschland,DE,dictionary_exact,1.0
39849182,Deutschland,DE,dictionary_exact,1.0
39849182,Deutschland,DE,dictionary_exact,1.0
39849182,Deutschland,DE,dictionary_exact,1.0
39849182,Deutschland,DE,dictionary_exact,1.0
39849171,Deutschland,DE,dictionary_exact,1.0
39849171,Deutschland,DE,dictionary_exact,1.0
39849170,Deutschland,DE,dictionary_exact,1.0
39849170,Deutschland,DE,dictionary_exact,1.0
39849142,Deutschland,DE,dictionary_exact,1.0
39848258,Österreich,AT,dictionary_exact,1.0
39848258,Deutschland,DE,dictionary_exact,1.0
39848258,Deutschland,DE,dictionary_exact,1.0
39848255,Germany,DE,pycountry_exact,0.95
39848254,Germany,DE,pycountry_exact,0.95
39848254,Germany,DE,pycountry_exact,0.95
39848254,Germany,DE,pycountry_exact,0.95
39848254,Germany,DE,pycountry_exact,0.95
39848254,Germany,DE,pycountry_exact,0.95
39848254,Germany,DE,pycountry_exact,0.95
39848254,Germany,DE,pycountry_exact,0.95
39848254,Germany,DE,pycountry_exact,0.95
39848254,Germany,DE,pycountry_exact,0.95
39848254,Germany,DE,pycountry_exact,0.95
39847136,Deutschland,DE,dictionary_exact,1.0
39847136,Deutschland,DE,dictionary_exact,1.0
39847135,Deutschland,DE,dictionary_exact,1.0
39847135,Deutschland,DE,dictionary_exact,1.0
39847121,Deutschland,DE,dictionary_exact,1.0
39847121,Deutschland,DE,dictionary_exact,1.0
39847121,Deutschland,DE,dictionary_exact,1.0
39847121,Deutschland,DE,dictionary_exact,1.0
39847101,Deutschland,DE,dictionary_exact,1.0
39847101,Deutschland,DE,dictionary_exact,1.0
39847101,Deutschland,DE,dictionary_exact,1.0
39847101,Deutschland,DE,dictionary_exact,1.0
39847101,Deutschland,DE,dictionary_exact,1.0
39847095,Deutschland,DE,dictionary_exact,1.0
39847095,Deutschland,DE,dictionary_exact,1.0
39847083,Deutschland,DE,dictionary_exact,1.0
39847082,Österreich,AT,dictionary_exact,1.0
39847061,Deutschland,DE,dictionary_exact,1.0
39847061,Deutschland,DE,dictionary_exact,1.0
39847061,Deutschland,DE,dictionary_exact,1.0
39847061,KIDZ SKIN,not found,Not found,0.0
39847061,Deutschland,DE,dictionary_exact,1.0
39847061,Deutschland,DE,dictionary_exact,1.0
39847060,Deutschland,DE,dictionary_exact,1.0
39843809,Deutschland,DE,dictionary_exact,1.0
39843809,Deutschland,DE,dictionary_exact,1.0
39843781,Deutschland,DE,dictionary_exact,1.0
39843711,Deutschland,DE,dictionary_exact,1.0
39843711,Deutschland,DE,dictionary_exact,1.0
39843262,Deutschland,DE,dictionary_exact,1.0
39843262,Deutschland,DE,dictionary_exact,1.0
39843262,Deutschland,DE,dictionary_exact,1.0
39843262,Deutschland,DE,dictionary_exact,1.0
39842464,Germany,DE,pycountry_exact,0.95
39842464,Germany,DE,pycountry_exact,0.95
39842464,Germany,DE,pycountry_exact,0.95
39842464,Germany,DE,pycountry_exact,0.95
39842448,Germany,DE,pycountry_exact,0.95
39842448,Germany,DE,pycountry_exact,0.95
39842447,Germany,DE,pycountry_exact,0.95
39842447,Germany,DE,pycountry_exact,0.95
39842447,Germany,DE,pycountry_exact,0.95
39842447,Germany,DE,pycountry_exact,0.95
39842447,Germany,DE,pycountry_exact,0.95
39842447,Germany,DE,pycountry_exact,0.95
39842447,Germany,DE,pycountry_exact,0.95
39842445,Germany,DE,pycountry_exact,0.95
39842444,Germany,DE,pycountry_exact,0.95
39842444,Germany,DE,pycountry_exact,0.95
39841259,Deutschland,DE,dictionary_exact,1.0
39841259,Deutschland,DE,dictionary_exact,1.0
39841258,Deutschland,DE,dictionary_exact,1.0
39841258,Deutschland,DE,dictionary_exact,1.0
39841258,Deutschland,DE,dictionary_exact,1.0
39841205,Deutschland,DE,dictionary_exact,1.0
39841205,USA,US,dictionary_exact,1.0
39841205,Deutschland,DE,dictionary_exact,1.0
39841205,Deutschland,DE,dictionary_exact,1.0
39841205,Deutschland,DE,dictionary_exact,1.0
39841205,Deutschland,DE,dictionary_exact,1.0
39841188,Deutschland,DE,dictionary_exact,1.0
39841188,Deutschland,DE,dictionary_exact,1.0
39841184,Deutschland,DE,dictionary_exact,1.0
39841179,Deutschland,DE,dictionary_exact,1.0
39841179,Deutschland,DE,dictionary_exact,1.0
39841179,Deutschland,DE,dictionary_exact,1.0
39841179,Deutschland,DE,dictionary_exact,1.0
39841179,Deutschland,DE,dictionary_exact,1.0
39841179,Deutschland,DE,dictionary_exact,1.0
39841179,Deutschland,DE,dictionary_exact,1.0
39841179,Deutschland,DE,dictionary_exact,1.0
39841171,Deutschland,DE,dictionary_exact,1.0
39841171,Deutschland,DE,dictionary_exact,1.0
39841171,Deutschland,DE,dictionary_exact,1.0
39841171,Deutschland,DE,dictionary_exact,1.0
39837756,Deutschland,DE,dictionary_exact,1.0
39837756,Deutschland,DE,dictionary_exact,1.0
39837756,Deutschland,DE,dictionary_exact,1.0
39837756,Deutschland,DE,dictionary_exact,1.0
39837543,Deutschland,DE,dictionary_exact,1.0
39837542,Germany,DE,pycountry_exact,0.95
39837542,Germany,DE,pycountry_exact,0.95
39837542,Germany,DE,pycountry_exact,0.95
39837542,Germany,DE,pycountry_exact,0.95
39836230,Deutschland,DE,dictionary_exact,1.0
39836230,Deutschland,DE,dictionary_exact,1.0
39836227,Deutschland,DE,dictionary_exact,1.0
39836226,Deutschland,DE,dictionary_exact,1.0
39836226,Deutschland,DE,dictionary_exact,1.0
39836226,Deutschland,DE,dictionary_exact,1.0
39836226,Deutschland,DE,dictionary_exact,1.0
39836209,Deutschland,DE,dictionary_exact,1.0
39836209,Deutschland,DE,dictionary_exact,1.0
39836208,Deutschland,DE,dictionary_exact,1.0
39836208,Deutschland,DE,dictionary_exact,1.0
39836208,Deutschland,DE,dictionary_exact,1.0
39836208,Österreich,AT,dictionary_exact,1.0
39836207,Deutschland,DE,dictionary_exact,1.0
39836207,Deutschland,DE,dictionary_exact,1.0
39836207,Deutschland,DE,dictionary_exact,1.0
39836207,Deutschland,DE,dictionary_exact,1.0
39836206,Deutschland,DE,dictionary_exact,1.0
39836206,Deutschland,DE,dictionary_exact,1.0
39836197,Deutschland,DE,dictionary_exact,1.0
39836197,Deutschland,DE,dictionary_exact,1.0
39836197,Deutschland,DE,dictionary_exact,1.0
39836197,Deutschland,DE,dictionary_exact,1.0
39836197,Deutschland,DE,dictionary_exact,1.0
39836197,Deutschland,DE,dictionary_exact,1.0
39836195,Deutschland,DE,dictionary_exact,1.0
39836195,Deutschland,DE,dictionary_exact,1.0
39836195,Österreich,AT,dictionary_exact,1.0
39835378,Deutschland,DE,dictionary_exact,1.0
39835378,Schweiz,CH,dictionary_exact,1.0
39833564,Deutschland,DE,dictionary_exact,1.0
39833564,Deutschland,DE,dictionary_exact,1.0
39833564,Deutschland,DE,dictionary_exact,1.0
39833564,Deutschland,DE,dictionary_exact,1.0
39833564,Deutschland,DE,dictionary_exact,1.0
39833564,Österreich,AT,dictionary_exact,1.0
39833564,Deutschland,DE,dictionary_exact,1.0
39833564,Deutschland,DE,dictionary_exact,1.0
39833564,Deutschland,DE,dictionary_exact,1.0
39833564,Deutschland,DE,dictionary_exact,1.0
39833564,Deutschland,DE,dictionary_exact,1.0
39833564,Deutschland,DE,dictionary_exact,1.0
39833564,Deutschland,DE,dictionary_exact,1.0
39833564,Deutschland,DE,dictionary_exact,1.0
39833564,Deutschland,DE,dictionary_exact,1.0
39833564,Deutschland,DE,dictionary_exact,1.0
39833564,Deutschland,DE,dictionary_exact,1.0
39833453,Deutschland,DE,dictionary_exact,1.0
39833453,Deutschland,DE,dictionary_exact,1.0
39833377,Deutschland,DE,dictionary_exact,1.0
39833377,Deutschland,DE,dictionary_exact,1.0
39833377,Deutschland,DE,dictionary_exact,1.0
39833377,Deutschland,DE,dictionary_exact,1.0
39833352,Deutschland,DE,dictionary_exact,1.0
39833352,Deutschland,DE,dictionary_exact,1.0
39833352,Deutschland,DE,dictionary_exact,1.0
39833352,Deutschland,DE,dictionary_exact,1.0
39833351,Österreich,AT,dictionary_exact,1.0
39833316,Deutschland,DE,dictionary_exact,1.0
39833316,Deutschland,DE,dictionary_exact,1.0
39833316,Deutschland,DE,dictionary_exact,1.0
39833315,Deutschland,DE,dictionary_exact,1.0
39833315,Germany,DE,pycountry_exact,0.95
39833315,Deutschland,DE,dictionary_exact,1.0
39833315,Deutschland,DE,dictionary_exact,1.0
39833315,Österreich,AT,dictionary_exact,1.0
39832786,Germany,DE,pycountry_exact,0.95
39832786,Germany,DE,pycountry_exact,0.95
39832786,Germany,DE,pycountry_exact,0.95
39832775,Deutschland,DE,dictionary_exact,1.0
39832772,Deutschland,DE,dictionary_exact,1.0
39832772,Deutschland,DE,dictionary_exact,1.0
39832772,Deutschland,DE,dictionary_exact,1.0
39832771,Deutschland,DE,dictionary_exact,1.0
39832771,Deutschland,DE,dictionary_exact,1.0
39832771,Deutschland,DE,dictionary_exact,1.0
39832771,Deutschland,DE,dictionary_exact,1.0
39832771,Deutschland,DE,dictionary_exact,1.0
39832771,Deutschland,DE,dictionary_exact,1.0
39832770,Neuruppin,DE,geonames_exact,0.9
39832770,Neuruppin,DE,geonames_exact,0.9
39832769,Bezirkskrankenhaus Augsburg,DE,geonames_word,0.8
39832769,Standort München/Augsburg,not found,Not found,0.0
39832768,Germany,DE,pycountry_exact,0.95
39832768,Germany,DE,pycountry_exact,0.95
39832768,Germany,DE,pycountry_exact,0.95
39832009,Deutschland,DE,dictionary_exact,1.0
39832009,Deutschland,DE,dictionary_exact,1.0
39832008,Deutschland,DE,dictionary_exact,1.0
39832008,Deutschland,DE,dictionary_exact,1.0
39831976,Deutschland,DE,dictionary_exact,1.0
39831976,Schweiz,CH,dictionary_exact,1.0
39831976,Deutschland,DE,dictionary_exact,1.0
39831976,Deutschland,DE,dictionary_exact,1.0
39831972,Deutschland,DE,dictionary_exact,1.0
39831972,Deutschland,DE,dictionary_exact,1.0
39831905,Deutschland,DE,dictionary_exact,1.0
39831905,Deutschland,DE,dictionary_exact,1.0
39831905,Deutschland,DE,dictionary_exact,1.0
39831905,Deutschland,DE,dictionary_exact,1.0
39831905,Deutschland,DE,dictionary_exact,1.0
39831903,Deutschland,DE,dictionary_exact,1.0
39831903,Deutschland,DE,dictionary_exact,1.0
39831903,Deutschland,DE,dictionary_exact,1.0
39831902,Deutschland,DE,dictionary_exact,1.0
39831902,Deutschland,DE,dictionary_exact,1.0
39824933,Deutschland,DE,dictionary_exact,1.0
39824933,Deutschland,DE,dictionary_exact,1.0
39824222,Germany,DE,pycountry_exact,0.95
39824222,Germany,DE,pycountry_exact,0.95
39824222,Germany,DE,pycountry_exact,0.95
39824222,Germany,DE,pycountry_exact,0.95
39824222,Germany,DE,pycountry_exact,0.95
39824222,Germany,DE,pycountry_exact,0.95
39824215,Austria,AT,pycountry_exact,0.95
39824215,Germany,DE,pycountry_exact,0.95
39824215,Germany,DE,pycountry_exact,0.95
39824215,Germany,DE,pycountry_exact,0.95
39824215,Greece,GR,pycountry_exact,0.95
39824215,Germany,DE,pycountry_exact,0.95
39824209,Germany,DE,pycountry_exact,0.95
39824209,Germany,DE,pycountry_exact,0.95
39824209,Switzerland,CH,pycountry_exact,0.95
39822014,Deutschland,DE,dictionary_exact,1.0
39822013,Deutschland,DE,dictionary_exact,1.0
39822012,Deutschland,DE,dictionary_exact,1.0
39822011,Deutschland,DE,dictionary_exact,1.0
39822010,Deutschland,DE,dictionary_exact,1.0
39822009,Deutschland,DE,dictionary_exact,1.0
39822008,Deutschland,DE,dictionary_exact,1.0
39822007,Deutschland,DE,dictionary_exact,1.0
39822006,Deutschland,DE,dictionary_exact,1.0
39822005,Deutschland,DE,dictionary_exact,1.0
39822004,Deutschland,DE,dictionary_exact,1.0
39822003,Deutschland,DE,dictionary_exact,1.0
39822002,Deutschland,DE,dictionary_exact,1.0
39822002,Deutschland,DE,dictionary_exact,1.0
39822001,Germany,DE,pycountry_exact,0.95
39822001,Deutschland,DE,dictionary_exact,1.0
39822001,Deutschland,DE,dictionary_exact,1.0
39822001,Deutschland,DE,dictionary_exact,1.0
39822001,Deutschland,DE,dictionary_exact,1.0
39822001,Deutschland,DE,dictionary_exact,1.0
39822000,Deutschland,DE,dictionary_exact,1.0
39822000,Deutschland,DE,dictionary_exact,1.0
39822000,Deutschland,DE,dictionary_exact,1.0
39821999,Deutschland,DE,dictionary_exact,1.0
39821999,Deutschland,DE,dictionary_exact,1.0
39821999,Deutschland,DE,dictionary_exact,1.0
39821999,Deutschland,DE,dictionary_exact,1.0
39821999,Deutschland,DE,dictionary_exact,1.0
39821999,Deutschland,DE,dictionary_exact,1.0
39821998,Deutschland,DE,dictionary_exact,1.0
39821997,Deutschland,DE,dictionary_exact,1.0
39821996,Deutschland,DE,dictionary_exact,1.0
39821995,Deutschland,DE,dictionary_exact,1.0
39821994,Deutschland,DE,dictionary_exact,1.0
39821993,Deutschland,DE,dictionary_exact,1.0
39821992,Deutschland,DE,dictionary_exact,1.0
39821991,Deutschland,DE,dictionary_exact,1.0
39821990,Deutschland,DE,dictionary_exact,1.0
39821989,Deutschland,DE,dictionary_exact,1.0
39821988,Deutschland,DE,dictionary_exact,1.0
39821987,Germany,DE,pycountry_exact,0.95
39821986,Deutschland,DE,dictionary_exact,1.0
39821985,Germany,DE,pycountry_exact,0.95
39821984,Deutschland,DE,dictionary_exact,1.0
39821983,Germany,DE,pycountry_exact,0.95
39821982,Deutschland,DE,dictionary_exact,1.0
39821982,Deutschland,DE,dictionary_exact,1.0
39821981,Germany,DE,pycountry_exact,0.95
39821980,Deutschland,DE,dictionary_exact,1.0
39821979,Germany,DE,pycountry_exact,0.95
39821978,Deutschland,DE,dictionary_exact,1.0
39821977,Deutschland,DE,dictionary_exact,1.0
39821977,Deutschland,DE,dictionary_exact,1.0
39821976,Deutschland,DE,dictionary_exact,1.0
39821975,Deutschland,DE,dictionary_exact,1.0
39821974,Deutschland,DE,dictionary_exact,1.0
39821973,Deutschland,DE,dictionary_exact,1.0
39821973,Deutschland,DE,dictionary_exact,1.0
39821973,Indien,IN,dictionary_exact,1.0
39821973,Deutschland,DE,dictionary_exact,1.0
39821972,Deutschland,DE,dictionary_exact,1.0
39821971,Deutschland,DE,dictionary_exact,1.0
39821752,Germany,DE,pycountry_exact,0.95
39821752,Germany,DE,pycountry_exact,0.95
39821732,Germany,DE,pycountry_exact,0.95
39821732,Germany,DE,pycountry_exact,0.95
39821675,Deutschland,DE,dictionary_exact,1.0
39821675,Deutschland,DE,dictionary_exact,1.0
39821675,Deutschland,DE,dictionary_exact,1.0
39821675,Deutschland,DE,dictionary_exact,1.0
39821675,Deutschland,DE,dictionary_exact,1.0
39821675,Deutschland,DE,dictionary_exact,1.0
39821675,Deutschland,DE,dictionary_exact,1.0
39821675,Deutschland,DE,dictionary_exact,1.0
39821674,Deutschland,DE,dictionary_exact,1.0
39821674,Deutschland,DE,dictionary_exact,1.0
39821674,Deutschland,DE,dictionary_exact,1.0
39821674,Deutschland,DE,dictionary_exact,1.0
39821674,Deutschland,DE,dictionary_exact,1.0
39821674,Deutschland,DE,dictionary_exact,1.0
39821674,Deutschland,DE,dictionary_exact,1.0
39821674,Deutschland,DE,dictionary_exact,1.0
39821674,Deutschland,DE,dictionary_exact,1.0
39821464,Deutschland,DE,dictionary_exact,1.0
39821464,Deutschland,DE,dictionary_exact,1.0
39821464,Deutschland,DE,dictionary_exact,1.0
39821464,Deutschland,DE,dictionary_exact,1.0
39821464,Deutschland,DE,dictionary_exact,1.0
39821464,Deutschland,DE,dictionary_exact,1.0
39821367,Deutschland,DE,dictionary_exact,1.0
39821311,Deutschland,DE,dictionary_exact,1.0
39821311,Deutschland,DE,dictionary_exact,1.0
39821311,Deutschland,DE,dictionary_exact,1.0
39821311,Deutschland,DE,dictionary_exact,1.0
39821077,Österreich,AT,dictionary_exact,1.0
39821077,Österreich,AT,dictionary_exact,1.0
39821077,Österreich,AT,dictionary_exact,1.0
39821077,Österreich,AT,dictionary_exact,1.0
39820977,Deutschland,DE,dictionary_exact,1.0
39820977,Deutschland,DE,dictionary_exact,1.0
39820977,Deutschland,DE,dictionary_exact,1.0
39820977,Deutschland,DE,dictionary_exact,1.0
39820977,Deutschland,DE,dictionary_exact,1.0
39820977,Deutschland,DE,dictionary_exact,1.0
39820977,Deutschland,DE,dictionary_exact,1.0
39820977,Deutschland,DE,dictionary_exact,1.0
39820891,Deutschland,DE,dictionary_exact,1.0
39820891,United Kingdom,GB,pycountry_exact,0.95
39820891,Schweiz,CH,dictionary_exact,1.0
39820891,Deutschland,DE,dictionary_exact,1.0
39820736,Deutschland,DE,dictionary_exact,1.0
39820736,Deutschland,DE,dictionary_exact,1.0
39820736,Deutschland,DE,dictionary_exact,1.0
39820723,Deutschland,DE,dictionary_exact,1.0
39820723,Deutschland,DE,dictionary_exact,1.0
39820723,Deutschland,DE,dictionary_exact,1.0
39820722,Deutschland,DE,dictionary_exact,1.0
39820721,Deutschland,DE,dictionary_exact,1.0
39820721,Deutschland,DE,dictionary_exact,1.0
39820721,Deutschland,DE,dictionary_exact,1.0
39820665,Deutschland,DE,dictionary_exact,1.0
39820665,Deutschland,DE,dictionary_exact,1.0
39820664,Deutschland,DE,dictionary_exact,1.0
39820596,Deutschland,DE,dictionary_exact,1.0
39820596,Frankreich,FR,dictionary_exact,1.0
39820584,Deutschland,DE,dictionary_exact,1.0
39820584,Deutschland,DE,dictionary_exact,1.0
39820584,Deutschland,DE,dictionary_exact,1.0
39820584,Deutschland,DE,dictionary_exact,1.0
39820584,Deutschland,DE,dictionary_exact,1.0
39820584,Deutschland,DE,dictionary_exact,1.0
39820584,Deutschland,DE,dictionary_exact,1.0
39820525,Deutschland,DE,dictionary_exact,1.0
39820495,Deutschland,DE,dictionary_exact,1.0
39820495,Deutschland,DE,dictionary_exact,1.0
39820495,Deutschland,DE,dictionary_exact,1.0
39820495,Deutschland,DE,dictionary_exact,1.0
39820495,Deutschland,DE,dictionary_exact,1.0
39818867,Deutschland,DE,dictionary_exact,1.0
39818867,Deutschland,DE,dictionary_exact,1.0
39818867,Deutschland,DE,dictionary_exact,1.0
39818535,Deutschland,DE,dictionary_exact,1.0
39818535,Deutschland,DE,dictionary_exact,1.0
39815076,Deutschland,DE,dictionary_exact,1.0
39815076,Deutschland,DE,dictionary_exact,1.0
39815076,Deutschland,DE,dictionary_exact,1.0
39815076,Deutschland,DE,dictionary_exact,1.0
39815076,Deutschland,DE,dictionary_exact,1.0
39815076,Deutschland,DE,dictionary_exact,1.0
39815076,Deutschland,DE,dictionary_exact,1.0
39815076,Deutschland,DE,dictionary_exact,1.0
39814944,Deutschland,DE,dictionary_exact,1.0
39814944,Deutschland,DE,dictionary_exact,1.0
39812798,Deutschland,DE,dictionary_exact,1.0
39812798,Deutschland,DE,dictionary_exact,1.0
39812776,Schweiz,CH,dictionary_exact,1.0
39812776,Schweiz,CH,dictionary_exact,1.0
39812776,Schweiz,CH,dictionary_exact,1.0
39812776,Schweiz,CH,dictionary_exact,1.0
39812711,Deutschland,DE,dictionary_exact,1.0
39812711,Deutschland,DE,dictionary_exact,1.0
39812681,Deutschland,DE,dictionary_exact,1.0
39812679,Deutschland,DE,dictionary_exact,1.0
39812679,Deutschland,DE,dictionary_exact,1.0
39812668,Deutschland,DE,dictionary_exact,1.0
39812668,Deutschland,DE,dictionary_exact,1.0
39812667,Deutschland,DE,dictionary_exact,1.0
39812666,Deutschland,DE,dictionary_exact,1.0
39812666,Deutschland,DE,dictionary_exact,1.0
39812666,Deutschland,DE,dictionary_exact,1.0
39812666,Deutschland,DE,dictionary_exact,1.0
39812666,Deutschland,DE,dictionary_exact,1.0
39812666,Deutschland,DE,dictionary_exact,1.0
39810653,Switzerland,CH,pycountry_exact,0.95
39810653,Klinik für Zahnerhaltung und Präventivzahnmedizin,AF,geonames_word,0.8
39810653,Plattenstrasse 11,FI,geonames_word,0.8
39810055,Deutschland,DE,dictionary_exact,1.0
39810055,Deutschland,DE,dictionary_exact,1.0
39810055,Deutschland,DE,dictionary_exact,1.0
39810055,Deutschland,DE,dictionary_exact,1.0
39809995,Schweiz,CH,dictionary_exact,1.0
39809995,Schweiz,CH,dictionary_exact,1.0
39809995,Schweiz,CH,dictionary_exact,1.0
39809995,Schweiz,CH,dictionary_exact,1.0
39809995,Schweiz,CH,dictionary_exact,1.0
39809995,Deutschland,DE,dictionary_exact,1.0
39809994,Deutschland,DE,dictionary_exact,1.0
39809994,Deutschland,DE,dictionary_exact,1.0
39809994,Deutschland,DE,dictionary_exact,1.0
39809994,Deutschland,DE,dictionary_exact,1.0
39809993,Deutschland,DE,dictionary_exact,1.0
39809993,Deutschland,DE,dictionary_exact,1.0
39809991,Deutschland,DE,dictionary_exact,1.0
39809991,Deutschland,DE,dictionary_exact,1.0
39809991,Deutschland,DE,dictionary_exact,1.0
39809439,Germany,DE,pycountry_exact,0.95
39809439,Germany,DE,pycountry_exact,0.95
39809439,Germany,DE,pycountry_exact,0.95
39809439,Germany,DE,pycountry_exact,0.95
39809439,Germany,DE,pycountry_exact,0.95
39809439,Germany,DE,pycountry_exact,0.95
39809439,Germany,DE,pycountry_exact,0.95
39809439,Germany,DE,pycountry_exact,0.95
39809439,Germany,DE,pycountry_exact,0.95
39809439,Germany,DE,pycountry_exact,0.95
39809439,Germany,DE,pycountry_exact,0.95
39809439,Germany,DE,pycountry_exact,0.95
39809439,Germany,DE,pycountry_exact,0.95
39809439,Germany,DE,pycountry_exact,0.95
39809439,Germany,DE,pycountry_exact,0.95
39809439,Germany,DE,pycountry_exact,0.95
39809439,Germany,DE,pycountry_exact,0.95
39809439,Germany,DE,pycountry_exact,0.95
39809439,Germany,DE,pycountry_exact,0.95
39809439,Germany,DE,pycountry_exact,0.95
39809439,Germany,DE,pycountry_exact,0.95
39809439,Germany,DE,pycountry_exact,0.95
39809439,Germany,DE,pycountry_exact,0.95
39809439,Germany,DE,pycountry_exact,0.95
39809439,Germany,DE,pycountry_exact,0.95
39809439,Germany,DE,pycountry_exact,0.95
39809438,Germany,DE,pycountry_exact,0.95
39809438,Germany,DE,pycountry_exact,0.95
39809438,Germany,DE,pycountry_exact,0.95
39809438,Germany,DE,pycountry_exact,0.95
39809438,Germany,DE,pycountry_exact,0.95
39809438,Germany,DE,pycountry_exact,0.95
39809438,Germany,DE,pycountry_exact,0.95
39809438,Germany,DE,pycountry_exact,0.95
39809438,Germany,DE,pycountry_exact,0.95
39809438,Germany,DE,pycountry_exact,0.95
39809438,Germany,DE,pycountry_exact,0.95
39809438,Germany,DE,pycountry_exact,0.95
39809438,Germany,DE,pycountry_exact,0.95
39809438,Germany,DE,pycountry_exact,0.95
39809438,Germany,DE,pycountry_exact,0.95
39809438,Germany,DE,pycountry_exact,0.95
39809438,Germany,DE,pycountry_exact,0.95
39809438,Germany,DE,pycountry_exact,0.95
39809438,Germany,DE,pycountry_exact,0.95
39809438,Germany,DE,pycountry_exact,0.95
39809438,Germany,DE,pycountry_exact,0.95
39809438,Germany,DE,pycountry_exact,0.95
39809438,Germany,DE,pycountry_exact,0.95
39809438,Germany,DE,pycountry_exact,0.95
39809438,Germany,DE,pycountry_exact,0.95
39809438,Germany,DE,pycountry_exact,0.95
39809433,Deutschland,DE,dictionary_exact,1.0
39809433,Deutschland,DE,dictionary_exact,1.0
39809433,Homburg,DE,geonames_exact,0.9
39809433,GERMANY,DE,pycountry_exact,0.95
39809429,Leipzig,DE,geonames_exact,0.9
39809429,Leipzig,DE,geonames_exact,0.9
39809429,Leipzig,DE,geonames_exact,0.9
39808306,Deutschland,DE,dictionary_exact,1.0
39808306,Deutschland,DE,dictionary_exact,1.0
39808293,Deutschland,DE,dictionary_exact,1.0
39808293,Deutschland,DE,dictionary_exact,1.0
39808293,Deutschland,DE,dictionary_exact,1.0
39808279,Deutschland,DE,dictionary_exact,1.0
39808279,Deutschland,DE,dictionary_exact,1.0
39808279,Deutschland,DE,dictionary_exact,1.0
39808278,Deutschland,DE,dictionary_exact,1.0
39808278,Deutschland,DE,dictionary_exact,1.0
39808278,Deutschland,DE,dictionary_exact,1.0
39808278,Deutschland,DE,dictionary_exact,1.0
39808277,Deutschland,DE,dictionary_exact,1.0
39808277,Deutschland,DE,dictionary_exact,1.0
39808277,Deutschland,DE,dictionary_exact,1.0
39808270,Deutschland,DE,dictionary_exact,1.0
39808270,Deutschland,DE,dictionary_exact,1.0
39808270,Deutschland,DE,dictionary_exact,1.0
39808270,Deutschland,DE,dictionary_exact,1.0
39808270,Deutschland,DE,dictionary_exact,1.0
39808270,Deutschland,DE,dictionary_exact,1.0
39808270,Deutschland,DE,dictionary_exact,1.0
39808269,Deutschland,DE,dictionary_exact,1.0
39808269,Deutschland,DE,dictionary_exact,1.0
39808269,Deutschland,DE,dictionary_exact,1.0
39808269,Deutschland,DE,dictionary_exact,1.0
39808268,Deutschland,DE,dictionary_exact,1.0
39808187,Deutschland,DE,dictionary_exact,1.0
39808187,Deutschland,DE,dictionary_exact,1.0
39808187,Deutschland,DE,dictionary_exact,1.0
39808186,Deutschland,DE,dictionary_exact,1.0
39808186,Deutschland,DE,dictionary_exact,1.0
39808186,Deutschland,DE,dictionary_exact,1.0
39808186,Deutschland,DE,dictionary_exact,1.0
39808186,Deutschland,DE,dictionary_exact,1.0
39806997,Deutschland,DE,dictionary_exact,1.0
39806996,Deutschland,DE,dictionary_exact,1.0
39806996,Deutschland,DE,dictionary_exact,1.0
39806995,Deutschland,DE,dictionary_exact,1.0
39806995,Lehrstuhl für Medieninformatik,not found,Not found,0.0
39806995,Deutschland,DE,dictionary_exact,1.0
39806212,Deutschland,DE,dictionary_exact,1.0
39806212,Deutschland,DE,dictionary_exact,1.0
39806212,Deutschland,DE,dictionary_exact,1.0
39806173,Schweiz,CH,dictionary_exact,1.0
39806173,Schweiz,CH,dictionary_exact,1.0
39806172,Deutschland,DE,dictionary_exact,1.0
39806172,Deutschland,DE,dictionary_exact,1.0
39806172,Deutschland,DE,dictionary_exact,1.0
39806172,Deutschland,DE,dictionary_exact,1.0
39806172,Deutschland,DE,dictionary_exact,1.0
39806172,Deutschland,DE,dictionary_exact,1.0
39806172,Deutschland,DE,dictionary_exact,1.0
39806132,Deutschland,DE,dictionary_exact,1.0
39806104,Deutschland,DE,dictionary_exact,1.0
39806104,Deutschland,DE,dictionary_exact,1.0
39806104,Deutschland,DE,dictionary_exact,1.0
39806104,Deutschland,DE,dictionary_exact,1.0
39806104,Deutschland,DE,dictionary_exact,1.0
39806104,Deutschland,DE,dictionary_exact,1.0
39806104,Deutschland,DE,dictionary_exact,1.0
39806104,Deutschland,DE,dictionary_exact,1.0
39806104,Deutschland,DE,dictionary_exact,1.0
39806102,Deutschland,DE,dictionary_exact,1.0
39806102,Deutschland,DE,dictionary_exact,1.0
39806102,Deutschland,DE,dictionary_exact,1.0
39806102,Deutschland,DE,dictionary_exact,1.0
39805276,Austria,AT,pycountry_exact,0.95
39805274,Germany,DE,pycountry_exact,0.95
39805274,Germany,DE,pycountry_exact,0.95
39805274,Germany,DE,pycountry_exact,0.95
39805273,Germany,DE,pycountry_exact,0.95
39805273,Germany,DE,pycountry_exact,0.95
39805268,Universitätsklinikum Hamburg-Eppendorf,DE,geonames_word,0.8
39804475,Deutschland,DE,dictionary_exact,1.0
39804389,Deutschland,DE,dictionary_exact,1.0
39804389,Deutschland,DE,dictionary_exact,1.0
39800826,Ludwigsburg,DE,geonames_exact,0.9
39800826,Österreich,AT,dictionary_exact,1.0
39800826,Deutschland,DE,dictionary_exact,1.0
39800826,Österreich,AT,dictionary_exact,1.0
39800822,Schweiz,CH,dictionary_exact,1.0
39800789,Deutschland,DE,dictionary_exact,1.0
39800789,Deutschland,DE,dictionary_exact,1.0
39799208,Deutschland,DE,dictionary_exact,1.0
39799208,Deutschland,DE,dictionary_exact,1.0
39799208,Deutschland,DE,dictionary_exact,1.0
39794634,Deutschland,DE,dictionary_exact,1.0
39794634,Deutschland,DE,dictionary_exact,1.0
39794634,Deutschland,DE,dictionary_exact,1.0
39794633,Deutschland,DE,dictionary_exact,1.0
39794633,Deutschland,DE,dictionary_exact,1.0
39794633,Deutschland,DE,dictionary_exact,1.0
39794633,Deutschland,DE,dictionary_exact,1.0
39794496,Deutschland,DE,dictionary_exact,1.0
39794496,Deutschland,DE,dictionary_exact,1.0
39794496,Deutschland,DE,dictionary_exact,1.0
39794496,Deutschland,DE,dictionary_exact,1.0
39794496,Deutschland,DE,dictionary_exact,1.0
39794495,Deutschland,DE,dictionary_exact,1.0
39794219,Deutschland,DE,dictionary_exact,1.0
39793608,Germany,DE,pycountry_exact,0.95
39793601,Deutschland,DE,dictionary_exact,1.0
39793601,Deutschland,DE,dictionary_exact,1.0
39793601,Deutschland,DE,dictionary_exact,1.0
39793601,Deutschland,DE,dictionary_exact,1.0
39793601,Deutschland,DE,dictionary_exact,1.0
39793601,Deutschland,DE,dictionary_exact,1.0
39793601,Deutschland,DE,dictionary_exact,1.0
39793601,Deutschland,DE,dictionary_exact,1.0
39793601,Deutschland,DE,dictionary_exact,1.0
39793600,Germany,DE,pycountry_exact,0.95
39793600,Germany,DE,pycountry_exact,0.95
39793600,Germany,DE,pycountry_exact,0.95
39793586,Universitätsmedizin Leipzig,DE,geonames_word,0.8
39792316,Deutschland,DE,dictionary_exact,1.0
39792316,Deutschland,DE,dictionary_exact,1.0
39792265,Deutschland,DE,dictionary_exact,1.0
39792265,Deutschland,DE,dictionary_exact,1.0
39792265,Deutschland,DE,dictionary_exact,1.0
39792265,Deutschland,DE,dictionary_exact,1.0
39792265,Deutschland,DE,dictionary_exact,1.0
39792265,Deutschland,DE,dictionary_exact,1.0
39792265,Deutschland,DE,dictionary_exact,1.0
39792264,Schweiz,CH,dictionary_exact,1.0
39792264,Schweiz,CH,dictionary_exact,1.0
39792264,Schweiz,CH,dictionary_exact,1.0
39792247,Deutschland,DE,dictionary_exact,1.0
39792247,Deutschland,DE,dictionary_exact,1.0
39792242,Deutschland,DE,dictionary_exact,1.0
39792021,MI 48109-2104,not found,Not found,0.0
39789337,Deutschland,DE,dictionary_exact,1.0
39789337,Deutschland,DE,dictionary_exact,1.0
39789268,Deutschland,DE,dictionary_exact,1.0
39788527,Leipzig,DE,geonames_exact,0.9
39788527,Carl von Ossietzky Universität Oldenburg,DE,geonames_word,0.8
39788527,LVR-Klinikum Düsseldorf - Kliniken der Heinrich-Heine-Universität Düsseldorf,DE,geonames_word,0.8
39788527,Universitätsklinikum Hamburg-Eppendorf,DE,geonames_word,0.8
39788527,Hamburg,DE,pycountry_exact,0.95
39788527,Berlin,DE,pycountry_exact,0.95
39788527,Ruhr-Universitat Bochum,DE,geonames_word,0.8
39788505,Germany,DE,pycountry_exact,0.95
39788505,Germany,DE,pycountry_exact,0.95
39788505,Germany,DE,pycountry_exact,0.95
39788505,Germany,DE,pycountry_exact,0.95
39786461,Deutschland,DE,dictionary_exact,1.0
39786461,Deutschland,DE,dictionary_exact,1.0
39786461,Deutschland,DE,dictionary_exact,1.0
39786440,Deutschland,DE,dictionary_exact,1.0
39778589,Universitätsklinikum Hamburg Eppendorf,DE,geonames_word,0.8
39777677,Klingenmünster,not found,Not found,0.0
39777677,Frankfurt am Main,DE,geonames_exact,0.9
39777677,Klingenmünster,not found,Not found,0.0
39777676,Marburg,DE,geonames_exact,0.9
39777676,Tübingen,DE,geonames_exact,0.9
39777533,Deutschland,DE,dictionary_exact,1.0
39777533,Deutschland,DE,dictionary_exact,1.0
39777533,Deutschland,DE,dictionary_exact,1.0
39777532,Schweiz,CH,dictionary_exact,1.0
39777532,Schweiz,CH,dictionary_exact,1.0
39777503,Schweiz,CH,dictionary_exact,1.0
39777503,Österreich,AT,dictionary_exact,1.0
39777503,Schweiz,CH,dictionary_exact,1.0
39777503,Österreich,AT,dictionary_exact,1.0
39777498,Rumänien,RO,dictionary_exact,1.0
39777498,Deutschland,DE,dictionary_exact,1.0
39777498,Rumänien,RO,dictionary_exact,1.0
39777498,Deutschland,DE,dictionary_exact,1.0
39777498,Deutschland,DE,dictionary_exact,1.0
39777498,Deutschland,DE,dictionary_exact,1.0
39777483,Österreich,AT,dictionary_exact,1.0
39777482,Deutschland,DE,dictionary_exact,1.0
39777482,Deutschland,DE,dictionary_exact,1.0
39777481,Deutschland,DE,dictionary_exact,1.0
39777481,Deutschland,DE,dictionary_exact,1.0
39777481,Deutschland,DE,dictionary_exact,1.0
39777481,Deutschland,DE,dictionary_exact,1.0
39777481,Deutschland,DE,dictionary_exact,1.0
39777481,Deutschland,DE,dictionary_exact,1.0
39777481,Deutschland,DE,dictionary_exact,1.0
39777481,Deutschland,DE,dictionary_exact,1.0
39776404,Deutschland,DE,dictionary_exact,1.0
39776404,Deutschland,DE,dictionary_exact,1.0
39776404,Australia,AU,pycountry_exact,0.95
39776404,Australia,AU,pycountry_exact,0.95
39776404,Australia,AU,pycountry_exact,0.95
39776181,Deutschland,DE,dictionary_exact,1.0
39776181,Deutschland,DE,dictionary_exact,1.0
39776181,Deutschland,DE,dictionary_exact,1.0
39776181,Deutschland,DE,dictionary_exact,1.0
39776181,Deutschland,DE,dictionary_exact,1.0
39776181,Deutschland,DE,dictionary_exact,1.0
39776181,Deutschland,DE,dictionary_exact,1.0
39775901,Deutschland,DE,dictionary_exact,1.0
39775901,Deutschland,DE,dictionary_exact,1.0
39775901,Deutschland,DE,dictionary_exact,1.0
39775901,Deutschland,DE,dictionary_exact,1.0
39775901,Deutschland,DE,dictionary_exact,1.0
39775900,Deutschland,DE,dictionary_exact,1.0
39775877,Deutschland,DE,dictionary_exact,1.0
39775877,Deutschland,DE,dictionary_exact,1.0
39775877,Deutschland,DE,dictionary_exact,1.0
39775876,Deutschland,DE,dictionary_exact,1.0
39775876,Deutschland,DE,dictionary_exact,1.0
39775876,Deutschland,DE,dictionary_exact,1.0
39775873,Deutschland,DE,dictionary_exact,1.0
39775873,Deutschland,DE,dictionary_exact,1.0
39775575,Germany,DE,pycountry_exact,0.95
39775575,Germany,DE,pycountry_exact,0.95
39775575,Germany,DE,pycountry_exact,0.95
39775575,Germany,DE,pycountry_exact,0.95
39775575,Germany,DE,pycountry_exact,0.95
39775575,Germany,DE,pycountry_exact,0.95
39775574,Germany,DE,pycountry_exact,0.95
39774999,Deutschland,DE,dictionary_exact,1.0
39774999,Deutschland,DE,dictionary_exact,1.0
39774998,Deutschland,DE,dictionary_exact,1.0
39774998,Deutschland,DE,dictionary_exact,1.0
39774997,Deutschland,DE,dictionary_exact,1.0
39774997,Deutschland,DE,dictionary_exact,1.0
39774952,Alexianer Zentrum für seelische Gesundheit Aachen,DE,geonames_word,0.8
39774952,Deutschland,DE,dictionary_exact,1.0
39774876,Deutschland,DE,dictionary_exact,1.0
39774876,Deutschland,DE,dictionary_exact,1.0
39774876,Deutschland,DE,dictionary_exact,1.0
39774876,Deutschland,DE,dictionary_exact,1.0
39774719,Deutschland,DE,dictionary_exact,1.0
39774719,Deutschland,DE,dictionary_exact,1.0
39774719,Deutschland,DE,dictionary_exact,1.0
39774718,Deutschland,DE,dictionary_exact,1.0
39774718,Deutschland,DE,dictionary_exact,1.0
39774700,Deutschland,DE,dictionary_exact,1.0
39774700,Deutschland,DE,dictionary_exact,1.0
39774690,Elfriede-Aulhorn-Straße 5,not found,Not found,0.0
39774690,Deutschland,DE,dictionary_exact,1.0
39774688,Deutschland,DE,dictionary_exact,1.0
39774681,Deutschland,DE,dictionary_exact,1.0
39774681,Deutschland,DE,dictionary_exact,1.0
39774681,Deutschland,DE,dictionary_exact,1.0
39774681,Deutschland,DE,dictionary_exact,1.0
39762474,Deutschland,DE,dictionary_exact,1.0
39762474,Deutschland,DE,dictionary_exact,1.0
39760959,Deutschland,DE,dictionary_exact,1.0
39760959,Deutschland,DE,dictionary_exact,1.0
39760959,Deutschland,DE,dictionary_exact,1.0
39760907,Deutschland,DE,dictionary_exact,1.0
39760907,Deutschland,DE,dictionary_exact,1.0
39760888,Deutschland,DE,dictionary_exact,1.0
39760888,Deutschland,DE,dictionary_exact,1.0
39760870,Deutschland,DE,dictionary_exact,1.0
39760870,Deutschland,DE,dictionary_exact,1.0
39760771,Deutschland,DE,dictionary_exact,1.0
39760771,Deutschland,DE,dictionary_exact,1.0
39760771,Deutschland,DE,dictionary_exact,1.0
39760771,Großbritannien,GB,dictionary_exact,1.0
39753996,Deutschland,DE,dictionary_exact,1.0
39753996,Deutschland,DE,dictionary_exact,1.0
39753996,Deutschland,DE,dictionary_exact,1.0
39753996,Deutschland,DE,dictionary_exact,1.0
39753914,Deutschland,DE,dictionary_exact,1.0
39753914,Deutschland,DE,dictionary_exact,1.0
39751825,Deutschland,DE,dictionary_exact,1.0
39751660,Deutschland,DE,dictionary_exact,1.0
39751660,Deutschland,DE,dictionary_exact,1.0
39747705,Österreich,AT,dictionary_exact,1.0
39747705,Österreich,AT,dictionary_exact,1.0
39747705,Deutschland,DE,dictionary_exact,1.0
39747705,Deutschland,DE,dictionary_exact,1.0
39747705,Deutschland,DE,dictionary_exact,1.0
39747705,Deutschland,DE,dictionary_exact,1.0
39747696,Deutschland,DE,dictionary_exact,1.0
39747696,Deutschland,DE,dictionary_exact,1.0
39747696,Deutschland,DE,dictionary_exact,1.0
39747696,Deutschland,DE,dictionary_exact,1.0
39747672,Österreich,AT,dictionary_exact,1.0
39747672,Österreich,AT,dictionary_exact,1.0
39747672,Schweiz,CH,dictionary_exact,1.0
39747592,Deutschland,DE,dictionary_exact,1.0
39747592,Deutschland,DE,dictionary_exact,1.0
39747592,Deutschland,DE,dictionary_exact,1.0
39747592,Deutschland,DE,dictionary_exact,1.0
39747592,Deutschland,DE,dictionary_exact,1.0
39743467,Deutschland,DE,dictionary_exact,1.0
39743467,Deutschland,DE,dictionary_exact,1.0
39743467,Deutschland,DE,dictionary_exact,1.0
39743466,Deutschland,DE,dictionary_exact,1.0
39743466,Deutschland,DE,dictionary_exact,1.0
39743465,Deutschland,DE,dictionary_exact,1.0
39743465,Deutschland,DE,dictionary_exact,1.0
39743465,Deutschland,DE,dictionary_exact,1.0
39743465,Deutschland,DE,dictionary_exact,1.0
39743465,Deutschland,DE,dictionary_exact,1.0
39743464,Deutschland,DE,dictionary_exact,1.0
39743464,Deutschland,DE,dictionary_exact,1.0
39743464,Deutschland,DE,dictionary_exact,1.0
39741040,Deutschland,DE,dictionary_exact,1.0
39741040,Deutschland,DE,dictionary_exact,1.0
39741040,Deutschland,DE,dictionary_exact,1.0
39741040,Deutschland,DE,dictionary_exact,1.0
39741040,Deutschland,DE,dictionary_exact,1.0
39741040,Deutschland,DE,dictionary_exact,1.0
39741040,Deutschland,DE,dictionary_exact,1.0
39738818,Deutschland,DE,dictionary_exact,1.0
39738818,Deutschland,DE,dictionary_exact,1.0
39738818,Deutschland,DE,dictionary_exact,1.0
39738818,Deutschland,DE,dictionary_exact,1.0
39738818,Deutschland,DE,dictionary_exact,1.0
39738818,Deutschland,DE,dictionary_exact,1.0
39738598,Deutschland,DE,dictionary_exact,1.0
39738598,Deutschland,DE,dictionary_exact,1.0
39738598,Deutschland,DE,dictionary_exact,1.0
39738598,Deutschland,DE,dictionary_exact,1.0
39738598,Deutschland,DE,dictionary_exact,1.0
39738552,Deutschland,DE,dictionary_exact,1.0
39738552,Deutschland,DE,dictionary_exact,1.0
39738525,Deutschland,DE,dictionary_exact,1.0
39738525,Deutschland,DE,dictionary_exact,1.0
39738525,Deutschland,DE,dictionary_exact,1.0
39738524,Deutschland,DE,dictionary_exact,1.0
39738524,Deutschland,DE,dictionary_exact,1.0
39738524,Deutschland,DE,dictionary_exact,1.0
39738515,Deutschland,DE,dictionary_exact,1.0
39738515,Deutschland,DE,dictionary_exact,1.0
39731601,Deutschland,DE,dictionary_exact,1.0
39731601,Deutschland,DE,dictionary_exact,1.0
39731590,Österreich,AT,dictionary_exact,1.0
39731590,Österreich,AT,dictionary_exact,1.0
39731590,Österreich,AT,dictionary_exact,1.0
39731583,Deutschland,DE,dictionary_exact,1.0
39731583,Deutschland,DE,dictionary_exact,1.0
39729154,Deutschland,DE,dictionary_exact,1.0
39729154,Deutschland,DE,dictionary_exact,1.0
39729154,Deutschland,DE,dictionary_exact,1.0
39729117,Deutschland,DE,dictionary_exact,1.0
39729117,Deutschland,DE,dictionary_exact,1.0
39729117,Deutschland,DE,dictionary_exact,1.0
39729116,Deutschland,DE,dictionary_exact,1.0
39729116,Deutschland,DE,dictionary_exact,1.0
39729116,Deutschland,DE,dictionary_exact,1.0
39729116,Deutschland,DE,dictionary_exact,1.0
39729116,Deutschland,DE,dictionary_exact,1.0
39729116,Österreich,AT,dictionary_exact,1.0
39715860,Deutschland,DE,dictionary_exact,1.0
39715834,Schweiz,CH,dictionary_exact,1.0
39715833,Deutschland,DE,dictionary_exact,1.0
39715833,Deutschland,DE,dictionary_exact,1.0
39715833,Deutschland,DE,dictionary_exact,1.0
39715821,Deutschland,DE,dictionary_exact,1.0
39715821,Deutschland,DE,dictionary_exact,1.0
39715821,Deutschland,DE,dictionary_exact,1.0
39715821,Deutschland,DE,dictionary_exact,1.0
39715821,Deutschland,DE,dictionary_exact,1.0
39715820,Deutschland,DE,dictionary_exact,1.0
39715820,Deutschland,DE,dictionary_exact,1.0
39714740,Deutschland,DE,dictionary_exact,1.0
39714740,Deutschland,DE,dictionary_exact,1.0
39714740,Deutschland,DE,dictionary_exact,1.0
39714740,Deutschland,DE,dictionary_exact,1.0
39714604,Schweiz,CH,dictionary_exact,1.0
39714486,Deutschland,DE,dictionary_exact,1.0
39714486,Deutschland,DE,dictionary_exact,1.0
39714479,Deutschland,DE,dictionary_exact,1.0
39709335,Deutschland,DE,dictionary_exact,1.0
39709335,Deutschland,DE,dictionary_exact,1.0
39709335,Deutschland,DE,dictionary_exact,1.0
39709326,Deutschland,DE,dictionary_exact,1.0
39709326,Deutschland,DE,dictionary_exact,1.0
39709322,Deutschland,DE,dictionary_exact,1.0
39707002,Deutschland,DE,dictionary_exact,1.0
39707002,Deutschland,DE,dictionary_exact,1.0
39706980,Deutschland,DE,dictionary_exact,1.0
39706980,Deutschland,DE,dictionary_exact,1.0
39706980,Deutschland,DE,dictionary_exact,1.0
39706980,Deutschland,DE,dictionary_exact,1.0
39706218,Germany,DE,pycountry_exact,0.95
39706218,Denmark,DK,pycountry_exact,0.95
39706218,Denmark,DK,pycountry_exact,0.95
39706218,Germany,DE,pycountry_exact,0.95
39706218,Germany,DE,pycountry_exact,0.95
39706218,Germany,DE,pycountry_exact,0.95
39706218,Switzerland,CH,pycountry_exact,0.95
39706218,Denmark,DK,pycountry_exact,0.95
39706218,Denmark,DK,pycountry_exact,0.95
39706218,Denmark,DK,pycountry_exact,0.95
39706215,Haar bei München,DE,geonames_exact,0.9
39706215,Berlin,DE,pycountry_exact,0.95
39706215,corporate member of Freie Universität Berlin and Humboldt-Universität zu Berlin,DE,geonames_word,0.8
39706215,Standort Berlin-Potsdam,DE,geonames_word,0.8
39706215,Immanuel Klinik Rüdersdorf,not found,Not found,0.0
39706215,Rüdersdorf bei Berlin,DE,geonames_word,0.8
39706215,Klinik für Psychiatrie und Psychotherapie Zwiefalten,AF,geonames_word,0.8
39706215,Reutlingen,DE,geonames_exact,0.9
39706215,Universitätsklinikum Tübingen und Medizinische Fakultät der Universität Tübingen,DE,geonames_word,0.8
39706215,Weissenau,not found,Not found,0.0
39706215,Klinik für Psychiatrie und Psychotherapie II der Universität Ulm am Bezirkskrankenhaus Günzburg,DE,geonames_word,0.8
39706215,Universität Bremen,DE,geonames_word,0.8
39706215,Schweiz,CH,dictionary_exact,1.0
39706215,Neuruppin,DE,geonames_exact,0.9
39706215,Berlin,DE,pycountry_exact,0.95
39706215,Reichenau,PL,geonames_exact,0.9
39706215,Universität Ulm,DE,geonames_word,0.8
39706215,Schweiz,CH,dictionary_exact,1.0
39706215,Berlin,DE,pycountry_exact,0.95
39706215,Deggendorf,DE,geonames_exact,0.9
39704799,Deutschland,DE,dictionary_exact,1.0
39704799,Deutschland,DE,dictionary_exact,1.0
39704799,Deutschland,DE,dictionary_exact,1.0
39704799,Deutschland,DE,dictionary_exact,1.0
39704793,Deutschland,DE,dictionary_exact,1.0
39704793,Deutschland,DE,dictionary_exact,1.0
39704793,Deutschland,DE,dictionary_exact,1.0
39704792,Deutschland,DE,dictionary_exact,1.0
39704792,Deutschland,DE,dictionary_exact,1.0
39704792,Deutschland,DE,dictionary_exact,1.0
39704792,Deutschland,DE,dictionary_exact,1.0
39704791,Schweiz,CH,dictionary_exact,1.0
39704791,Deutschland,DE,dictionary_exact,1.0
39701136,Ulm,DE,geonames_exact,0.9
39701136,Würzburg,DE,geonames_exact,0.9
39701136,Ruhr-Universität Bochum,DE,geonames_word,0.8
39701136,Ruhr-Universität Bochum,DE,geonames_word,0.8
39701130,Würzburg,DE,geonames_exact,0.9
39701130,Deutsche Sporthochschule Köln,DE,geonames_word,0.8
39701130,Berlin,DE,pycountry_exact,0.95
39701130,Berlin,DE,pycountry_exact,0.95
39701130,Universität Osnabrück,DE,geonames_word,0.8
39701130,Hochschule für Gesundheit Bochum,DE,geonames_word,0.8
39701130,Bremen,DE,pycountry_exact,0.95
39701130,Leipzig,DE,geonames_exact,0.9
39701130,Deutsche Rentenversicherung Bund Berlin,DE,geonames_word,0.8
39701130,Gaißach,not found,Not found,0.0
39701130,Charité Universitätsmedizin Berlin,DE,geonames_word,0.8
39701130,Rwanda,RW,dictionary_exact,1.0
39701130,Köln,DE,geonames_exact,0.9
39699662,Deutschland,DE,dictionary_exact,1.0
39699660,Deutschland,DE,dictionary_exact,1.0
39699660,Deutschland,DE,dictionary_exact,1.0
39699635,Deutschland,DE,dictionary_exact,1.0
39694900,Deutschland,DE,dictionary_exact,1.0
39694900,Deutschland,DE,dictionary_exact,1.0
39694900,Deutschland,DE,dictionary_exact,1.0
39694900,Deutschland,DE,dictionary_exact,1.0
39694900,Deutschland,DE,dictionary_exact,1.0
39694900,Deutschland,DE,dictionary_exact,1.0
39694900,Deutschland,DE,dictionary_exact,1.0
39694049,Universitätsmedizin Rostock,DE,geonames_word,0.8
39692888,Deutschland,DE,dictionary_exact,1.0
39692888,Deutschland,DE,dictionary_exact,1.0
39692888,Deutschland,DE,dictionary_exact,1.0
39692888,Deutschland,DE,dictionary_exact,1.0
39692888,Deutschland,DE,dictionary_exact,1.0
39692863,Deutschland,DE,dictionary_exact,1.0
39692766,Deutschland,DE,dictionary_exact,1.0
39692766,Deutschland,DE,dictionary_exact,1.0
39692762,Deutschland,DE,dictionary_exact,1.0
39692762,Deutschland,DE,dictionary_exact,1.0
39690266,Deutschland,DE,dictionary_exact,1.0
39690264,Deutschland,DE,dictionary_exact,1.0
39690263,Deutschland,DE,dictionary_exact,1.0
39690263,Deutschland,DE,dictionary_exact,1.0
39690263,Deutschland,DE,dictionary_exact,1.0
39690263,Deutschland,DE,dictionary_exact,1.0
39690262,Deutschland,DE,dictionary_exact,1.0
39690262,Deutschland,DE,dictionary_exact,1.0
39690199,Deutschland,DE,dictionary_exact,1.0
39690199,Litauen,LT,dictionary_exact,1.0
39690199,Deutschland,DE,dictionary_exact,1.0
39690198,Rumänien,RO,dictionary_exact,1.0
39690198,Rumänien,RO,dictionary_exact,1.0
39690098,Deutschland,DE,dictionary_exact,1.0
39690098,Deutschland,DE,dictionary_exact,1.0
39688726,Deutschland,DE,dictionary_exact,1.0
39688689,Schweiz,CH,dictionary_exact,1.0
39688688,Deutschland,DE,dictionary_exact,1.0
39688688,Belgien,BE,dictionary_exact,1.0
39688687,Deutschland,DE,dictionary_exact,1.0
39688687,Deutschland,DE,dictionary_exact,1.0
39688687,Deutschland,DE,dictionary_exact,1.0
39688668,Deutschland,DE,dictionary_exact,1.0
39688668,Österreich,AT,dictionary_exact,1.0
39688666,Deutschland,DE,dictionary_exact,1.0
39688666,Deutschland,DE,dictionary_exact,1.0
39688666,Deutschland,DE,dictionary_exact,1.0
39688666,Deutschland,DE,dictionary_exact,1.0
39688628,Deutschland,DE,dictionary_exact,1.0
39688628,Deutschland,DE,dictionary_exact,1.0
39688628,Deutschland,DE,dictionary_exact,1.0
39688628,Deutschland,DE,dictionary_exact,1.0
39688628,Deutschland,DE,dictionary_exact,1.0
39688628,Deutschland,DE,dictionary_exact,1.0
39681731,Deutschland,DE,dictionary_exact,1.0
39681731,Deutschland,DE,dictionary_exact,1.0
39681727,Schweiz,CH,dictionary_exact,1.0
39681727,Schweiz,CH,dictionary_exact,1.0
39681724,Deutschland,DE,dictionary_exact,1.0
39681724,Deutschland,DE,dictionary_exact,1.0
39681724,Deutschland,DE,dictionary_exact,1.0
39681724,Deutschland,DE,dictionary_exact,1.0
39681723,Deutschland,DE,dictionary_exact,1.0
39681723,Deutschland,DE,dictionary_exact,1.0
39681723,Niederlande,NL,dictionary_exact,1.0
39681704,Deutschland,DE,dictionary_exact,1.0
39681136,Germany,DE,pycountry_exact,0.95
39681119,Germany,DE,pycountry_exact,0.95
39680133,Deutschland,DE,dictionary_exact,1.0
39680133,Deutschland,DE,dictionary_exact,1.0
39680133,Deutschland,DE,dictionary_exact,1.0
39680133,Deutschland,DE,dictionary_exact,1.0
39680133,Deutschland,DE,dictionary_exact,1.0
39680133,Deutschland,DE,dictionary_exact,1.0
39680133,Deutschland,DE,dictionary_exact,1.0
39680133,Deutschland,DE,dictionary_exact,1.0
39680133,Deutschland,DE,dictionary_exact,1.0
39680133,Deutschland,DE,dictionary_exact,1.0
39680133,Deutschland,DE,dictionary_exact,1.0
39680133,Deutschland,DE,dictionary_exact,1.0
39680133,Deutschland,DE,dictionary_exact,1.0
39680133,Deutschland,DE,dictionary_exact,1.0
39680132,Deutschland,DE,dictionary_exact,1.0
39680132,Deutschland,DE,dictionary_exact,1.0
39680127,Deutschland,DE,dictionary_exact,1.0
39680127,Deutschland,DE,dictionary_exact,1.0
39680108,Deutschland,DE,dictionary_exact,1.0
39680108,Deutschland,DE,dictionary_exact,1.0
39680108,Deutschland,DE,dictionary_exact,1.0
39680107,Deutschland,DE,dictionary_exact,1.0
39680107,Deutschland,DE,dictionary_exact,1.0
39680107,Deutschland,DE,dictionary_exact,1.0
39680107,Deutschland,DE,dictionary_exact,1.0
39680107,Deutschland,DE,dictionary_exact,1.0
39680107,Deutschland,DE,dictionary_exact,1.0
39680107,Deutschland,DE,dictionary_exact,1.0
39680105,Österreich,AT,dictionary_exact,1.0
39680105,Österreich,AT,dictionary_exact,1.0
39680105,Österreich,AT,dictionary_exact,1.0
39680105,Österreich,AT,dictionary_exact,1.0
39680105,Österreich,AT,dictionary_exact,1.0
39680105,Österreich,AT,dictionary_exact,1.0
39680105,Österreich,AT,dictionary_exact,1.0
39680105,Österreich,AT,dictionary_exact,1.0
39680105,Österreich,AT,dictionary_exact,1.0
39680105,Österreich,AT,dictionary_exact,1.0
39680105,Österreich,AT,dictionary_exact,1.0
39680105,Österreich,AT,dictionary_exact,1.0
39680105,Österreich,AT,dictionary_exact,1.0
39680105,Österreich,AT,dictionary_exact,1.0
39680105,Österreich,AT,dictionary_exact,1.0
39680105,Österreich,AT,dictionary_exact,1.0
39680105,Österreich,AT,dictionary_exact,1.0
39680105,Österreich,AT,dictionary_exact,1.0
39680105,Österreich,AT,dictionary_exact,1.0
39680105,Österreich,AT,dictionary_exact,1.0
39680105,Österreich,AT,dictionary_exact,1.0
39680105,Österreich,AT,dictionary_exact,1.0
39680105,Österreich,AT,dictionary_exact,1.0
39680105,Österreich,AT,dictionary_exact,1.0
39680105,Österreich,AT,dictionary_exact,1.0
39674823,Deutschland,DE,dictionary_exact,1.0
39674823,Deutschland,DE,dictionary_exact,1.0
39672694,Deutschland,DE,dictionary_exact,1.0
39672694,Deutschland,DE,dictionary_exact,1.0
39672694,Deutschland,DE,dictionary_exact,1.0
39672693,Deutschland,DE,dictionary_exact,1.0
39672192,Deutschland,DE,dictionary_exact,1.0
39672192,Deutschland,DE,dictionary_exact,1.0
39672192,Deutschland,DE,dictionary_exact,1.0
39672191,Deutschland,DE,dictionary_exact,1.0
39671170,Deutschland,DE,dictionary_exact,1.0
39671170,Deutschland,DE,dictionary_exact,1.0
39671170,Deutschland,DE,dictionary_exact,1.0
39671170,Deutschland,DE,dictionary_exact,1.0
39671170,Deutschland,DE,dictionary_exact,1.0
39671170,Deutschland,DE,dictionary_exact,1.0
39671170,Deutschland,DE,dictionary_exact,1.0
39671102,Deutschland,DE,dictionary_exact,1.0
39671102,Deutschland,DE,dictionary_exact,1.0
39671102,Deutschland,DE,dictionary_exact,1.0
39671093,Deutschland,DE,dictionary_exact,1.0
39671085,Deutschland,DE,dictionary_exact,1.0
39671081,Deutschland,DE,dictionary_exact,1.0
39671081,Deutschland,DE,dictionary_exact,1.0
39671081,Deutschland,DE,dictionary_exact,1.0
39668261,Deutschland,DE,dictionary_exact,1.0
39668261,Deutschland,DE,dictionary_exact,1.0
39668234,Deutschland,DE,dictionary_exact,1.0
39668234,Deutschland,DE,dictionary_exact,1.0
39668234,Deutschland,DE,dictionary_exact,1.0
39668234,Deutschland,DE,dictionary_exact,1.0
39668234,Deutschland,DE,dictionary_exact,1.0
39668233,Deutschland,DE,dictionary_exact,1.0
39668233,Deutschland,DE,dictionary_exact,1.0
39668233,Deutschland,DE,dictionary_exact,1.0
39668231,Deutschland,DE,dictionary_exact,1.0
39668231,Deutschland,DE,dictionary_exact,1.0
39668231,Deutschland,DE,dictionary_exact,1.0
39668231,Deutschland,DE,dictionary_exact,1.0
39668231,Deutschland,DE,dictionary_exact,1.0
39668230,Deutschland,DE,dictionary_exact,1.0
39668229,Deutschland,DE,dictionary_exact,1.0
39668229,Deutschland,DE,dictionary_exact,1.0
39667994,Deutschland,DE,dictionary_exact,1.0
39667994,Deutschland,DE,dictionary_exact,1.0
39667994,Deutschland,DE,dictionary_exact,1.0
39667994,Deutschland,DE,dictionary_exact,1.0
39667398,Deutschland,DE,dictionary_exact,1.0
39667398,Deutschland,DE,dictionary_exact,1.0
39667398,Deutschland,DE,dictionary_exact,1.0
39667398,Deutschland,DE,dictionary_exact,1.0
39667398,Deutschland,DE,dictionary_exact,1.0
39667398,Deutschland,DE,dictionary_exact,1.0
39667398,Deutschland,DE,dictionary_exact,1.0
39667398,Deutschland,DE,dictionary_exact,1.0
39667398,Deutschland,DE,dictionary_exact,1.0
39667398,Deutschland,DE,dictionary_exact,1.0
39667398,Deutschland,DE,dictionary_exact,1.0
39667398,Deutschland,DE,dictionary_exact,1.0
39667397,Berlin,DE,pycountry_exact,0.95
39667396,Albert-Ludwigs-Universität Freiburg,CH,geonames_word,0.8
39667389,Germany,DE,pycountry_exact,0.95
39667389,Switzerland,CH,pycountry_exact,0.95
39667389,Germany,DE,pycountry_exact,0.95
39667389,Germany,DE,pycountry_exact,0.95
39667389,Germany,DE,pycountry_exact,0.95
39667389,Germany,DE,pycountry_exact,0.95
39667389,Germany,DE,pycountry_exact,0.95
39667389,Germany,DE,pycountry_exact,0.95
39667389,Germany,DE,pycountry_exact,0.95
39666002,Deutschland,DE,dictionary_exact,1.0
39666002,Deutschland,DE,dictionary_exact,1.0
39666002,Deutschland,DE,dictionary_exact,1.0
39666002,Deutschland,DE,dictionary_exact,1.0
39666002,Deutschland,DE,dictionary_exact,1.0
39666002,Deutschland,DE,dictionary_exact,1.0
39666002,Deutschland,DE,dictionary_exact,1.0
39666002,Deutschland,DE,dictionary_exact,1.0
39666002,Deutschland,DE,dictionary_exact,1.0
39666002,Deutschland,DE,dictionary_exact,1.0
39666002,Deutschland,DE,dictionary_exact,1.0
39666002,Deutschland,DE,dictionary_exact,1.0
39666002,Deutschland,DE,dictionary_exact,1.0
39666002,Deutschland,DE,dictionary_exact,1.0
39666002,Deutschland,DE,dictionary_exact,1.0
39666002,Deutschland,DE,dictionary_exact,1.0
39666002,Deutschland,DE,dictionary_exact,1.0
39666002,Deutschland,DE,dictionary_exact,1.0
39665985,Deutschland,DE,dictionary_exact,1.0
39665985,Deutschland,DE,dictionary_exact,1.0
39665984,Deutschland,DE,dictionary_exact,1.0
39663247,Deutschland,DE,dictionary_exact,1.0
39663247,Deutschland,DE,dictionary_exact,1.0
39662497,Deutschland,DE,dictionary_exact,1.0
39662495,Deutschland,DE,dictionary_exact,1.0
39662490,Georgsmarienhütte,DE,geonames_exact,0.9
39661180,Österreich,AT,dictionary_exact,1.0
39661180,Österreich,AT,dictionary_exact,1.0
39661176,Deutschland,DE,dictionary_exact,1.0
39661176,Deutschland,DE,dictionary_exact,1.0
39661176,Deutschland,DE,dictionary_exact,1.0
39661176,Deutschland,DE,dictionary_exact,1.0
39661175,Deutschland,DE,dictionary_exact,1.0
39661175,Deutschland,DE,dictionary_exact,1.0
39661175,Deutschland,DE,dictionary_exact,1.0
39661175,Deutschland,DE,dictionary_exact,1.0
39661124,Deutschland,DE,dictionary_exact,1.0
39661124,Deutschland,DE,dictionary_exact,1.0
39661117,Deutschland,DE,dictionary_exact,1.0
39658679,Deutschland,DE,dictionary_exact,1.0
39658679,Deutschland,DE,dictionary_exact,1.0
39658679,Deutschland,DE,dictionary_exact,1.0
39658679,Deutschland,DE,dictionary_exact,1.0
39658679,Deutschland,DE,dictionary_exact,1.0
39658662,Deutschland,DE,dictionary_exact,1.0
39658662,Deutschland,DE,dictionary_exact,1.0
39658662,Deutschland,DE,dictionary_exact,1.0
39658662,Deutschland,DE,dictionary_exact,1.0
39658662,Deutschland,DE,dictionary_exact,1.0
39658662,Deutschland,DE,dictionary_exact,1.0
39658662,Deutschland,DE,dictionary_exact,1.0
39658660,Deutschland,DE,dictionary_exact,1.0
39658584,Deutschland,DE,dictionary_exact,1.0
39658584,Deutschland,DE,dictionary_exact,1.0
39658583,Campus Charité Mitte,DE,geonames_word,0.8
39658583,Deutschland,DE,dictionary_exact,1.0
39658583,Campus Charité Mitte,DE,geonames_word,0.8
39658583,Deutschland,DE,dictionary_exact,1.0
39657768,Germany,DE,pycountry_exact,0.95
39657768,Germany,DE,pycountry_exact,0.95
39657768,Germany,DE,pycountry_exact,0.95
39657768,Germany,DE,pycountry_exact,0.95
39657768,Germany,DE,pycountry_exact,0.95
39657768,Germany,DE,pycountry_exact,0.95
39657768,Germany,DE,pycountry_exact,0.95
39657768,Germany,DE,pycountry_exact,0.95
39656292,Österreich,AT,dictionary_exact,1.0
39656292,Österreich,AT,dictionary_exact,1.0
39656292,Schweiz,CH,dictionary_exact,1.0
39656246,Deutschland,DE,dictionary_exact,1.0
39656246,Deutschland,DE,dictionary_exact,1.0
39656242,Deutschland,DE,dictionary_exact,1.0
39656242,Deutschland,DE,dictionary_exact,1.0
39656239,Deutschland,DE,dictionary_exact,1.0
39656239,Deutschland,DE,dictionary_exact,1.0
39656239,Deutschland,DE,dictionary_exact,1.0
39656230,Österreich,AT,dictionary_exact,1.0
39656230,Österreich,AT,dictionary_exact,1.0
39656230,Deutschland,DE,dictionary_exact,1.0
39656230,Deutschland,DE,dictionary_exact,1.0
39656230,Deutschland,DE,dictionary_exact,1.0
39653864,Österreich,AT,dictionary_exact,1.0
39653864,Domagkstraße 15,not found,Not found,0.0
39653864,Österreich,AT,dictionary_exact,1.0
39653864,Österreich,AT,dictionary_exact,1.0
39653864,Deutschland,DE,dictionary_exact,1.0
39653864,Charlottenstraße 72,not found,Not found,0.0
39653857,Deutschland,DE,dictionary_exact,1.0
39653857,Deutschland,DE,dictionary_exact,1.0
39653857,Deutschland,DE,dictionary_exact,1.0
39653827,Deutschland,DE,dictionary_exact,1.0
39653827,Deutschland,DE,dictionary_exact,1.0
39653827,Deutschland,DE,dictionary_exact,1.0
39653827,Deutschland,DE,dictionary_exact,1.0
39653827,Deutschland,DE,dictionary_exact,1.0
39653827,Deutschland,DE,dictionary_exact,1.0
39653827,Deutschland,DE,dictionary_exact,1.0
39653827,Deutschland,DE,dictionary_exact,1.0
39653816,Deutschland,DE,dictionary_exact,1.0
39653816,Deutschland,DE,dictionary_exact,1.0
39653815,Deutschland,DE,dictionary_exact,1.0
39653815,Deutschland,DE,dictionary_exact,1.0
39653815,Deutschland,DE,dictionary_exact,1.0
39653814,Deutschland,DE,dictionary_exact,1.0
39653814,Deutschland,DE,dictionary_exact,1.0
39653814,Deutschland,DE,dictionary_exact,1.0
39653814,Deutschland,DE,dictionary_exact,1.0
39653814,Deutschland,DE,dictionary_exact,1.0
39653814,Deutschland,DE,dictionary_exact,1.0
39653121,Deutschland,DE,dictionary_exact,1.0
39653121,Deutschland,DE,dictionary_exact,1.0
39653121,Deutschland,DE,dictionary_exact,1.0
39653121,Deutschland,DE,dictionary_exact,1.0
39652225,Deutschland,DE,dictionary_exact,1.0
39652225,Deutschland,DE,dictionary_exact,1.0
39652225,Deutschland,DE,dictionary_exact,1.0
39652185,Deutschland,DE,dictionary_exact,1.0
39652184,Deutschland,DE,dictionary_exact,1.0
39652184,Deutschland,DE,dictionary_exact,1.0
39652177,Rumänien,RO,dictionary_exact,1.0
39652177,Rumänien,RO,dictionary_exact,1.0
39652177,Rumänien,RO,dictionary_exact,1.0
39652177,Rumänien,RO,dictionary_exact,1.0
39652177,Rumänien,RO,dictionary_exact,1.0
39652160,Deutschland,DE,dictionary_exact,1.0
39652123,Deutschland,DE,dictionary_exact,1.0
39652123,Deutschland,DE,dictionary_exact,1.0
39643776,Deutschland,DE,dictionary_exact,1.0
39643776,Deutschland,DE,dictionary_exact,1.0
39643776,Deutschland,DE,dictionary_exact,1.0
39643776,Deutschland,DE,dictionary_exact,1.0
39643775,Deutschland,DE,dictionary_exact,1.0
39643775,Deutschland,DE,dictionary_exact,1.0
39643775,Deutschland,DE,dictionary_exact,1.0
39643775,Deutschland,DE,dictionary_exact,1.0
39643775,Deutschland,DE,dictionary_exact,1.0
39643775,Deutschland,DE,dictionary_exact,1.0
39643765,Deutschland,DE,dictionary_exact,1.0
39643765,Deutschland,DE,dictionary_exact,1.0
39643749,Deutschland,DE,dictionary_exact,1.0
39643749,Deutschland,DE,dictionary_exact,1.0
39643749,Deutschland,DE,dictionary_exact,1.0
39643744,Deutschland,DE,dictionary_exact,1.0
39643744,Deutschland,DE,dictionary_exact,1.0
39643744,Deutschland,DE,dictionary_exact,1.0
39643744,Deutschland,DE,dictionary_exact,1.0
39643744,Deutschland,DE,dictionary_exact,1.0
39643744,Deutschland,DE,dictionary_exact,1.0
39643743,Deutschland,DE,dictionary_exact,1.0
39643743,Deutschland,DE,dictionary_exact,1.0
39643738,Österreich,AT,dictionary_exact,1.0
39643738,Österreich,AT,dictionary_exact,1.0
39643738,Österreich,AT,dictionary_exact,1.0
39643738,Österreich,AT,dictionary_exact,1.0
39643699,Deutschland,DE,dictionary_exact,1.0
39643699,Deutschland,DE,dictionary_exact,1.0
39643699,Deutschland,DE,dictionary_exact,1.0
39643699,Deutschland,DE,dictionary_exact,1.0
39643699,Deutschland,DE,dictionary_exact,1.0
39643669,Deutschland,DE,dictionary_exact,1.0
39643669,Deutschland,DE,dictionary_exact,1.0
39643669,Deutschland,DE,dictionary_exact,1.0
39643669,Deutschland,DE,dictionary_exact,1.0
39643668,Deutschland,DE,dictionary_exact,1.0
39643668,Deutschland,DE,dictionary_exact,1.0
39642935,Germany,DE,pycountry_exact,0.95
39642935,Germany,DE,pycountry_exact,0.95
39642935,Germany,DE,pycountry_exact,0.95
39642925,Germany,DE,pycountry_exact,0.95
39642925,Germany,DE,pycountry_exact,0.95
39642925,Germany,DE,pycountry_exact,0.95
39642924,Germany,DE,pycountry_exact,0.95
39642924,Germany,DE,pycountry_exact,0.95
39642924,Germany,DE,pycountry_exact,0.95
39642922,Deutschland,DE,dictionary_exact,1.0
39642922,Deutschland,DE,dictionary_exact,1.0
39642922,Deutschland,DE,dictionary_exact,1.0
39642922,Deutschland,DE,dictionary_exact,1.0
39642922,Deutschland,DE,dictionary_exact,1.0
39642922,Deutschland,DE,dictionary_exact,1.0
39642922,Deutschland,DE,dictionary_exact,1.0
39642922,Deutschland,DE,dictionary_exact,1.0
39641823,Deutschland,DE,dictionary_exact,1.0
39641823,Deutschland,DE,dictionary_exact,1.0
39641794,Deutschland,DE,dictionary_exact,1.0
39641793,Deutschland,DE,dictionary_exact,1.0
39641792,Rumänien,RO,dictionary_exact,1.0
39641792,Deutschland,DE,dictionary_exact,1.0
39641792,Rumänien,RO,dictionary_exact,1.0
39641792,Rumänien,RO,dictionary_exact,1.0
39641792,Rumänien,RO,dictionary_exact,1.0
39641792,Deutschland,DE,dictionary_exact,1.0
39639736,Deutschland,DE,dictionary_exact,1.0
39639736,Deutschland,DE,dictionary_exact,1.0
39639736,Deutschland,DE,dictionary_exact,1.0
39639736,Deutschland,DE,dictionary_exact,1.0
39638324,Deutschland,DE,dictionary_exact,1.0
39638324,Schweiz,CH,dictionary_exact,1.0
39638324,Deutschland,DE,dictionary_exact,1.0
39638324,Deutschland,DE,dictionary_exact,1.0
39638324,Deutschland,DE,dictionary_exact,1.0
39638324,Deutschland,DE,dictionary_exact,1.0
39638324,Deutschalnd,not found,Not found,0.0
39638324,Deutschland,DE,dictionary_exact,1.0
39638324,Deutschland,DE,dictionary_exact,1.0
39638324,Deutschland,DE,dictionary_exact,1.0
39638323,Deutschland,DE,dictionary_exact,1.0
39638323,Deutschland,DE,dictionary_exact,1.0
39638323,Deutschland,DE,dictionary_exact,1.0
39638323,Deutschland,DE,dictionary_exact,1.0
39638323,Deutschland,DE,dictionary_exact,1.0
39638323,Deutschland,DE,dictionary_exact,1.0
39638323,Deutschland,DE,dictionary_exact,1.0
39638323,Deutschland,DE,dictionary_exact,1.0
39638323,Deutschland,DE,dictionary_exact,1.0
39638323,Deutschland,DE,dictionary_exact,1.0
39638323,Deutschland,DE,dictionary_exact,1.0
39638323,Deutschland,DE,dictionary_exact,1.0
39638322,Deutschland,DE,dictionary_exact,1.0
39638322,Germany,DE,pycountry_exact,0.95
39638322,Germany,DE,pycountry_exact,0.95
39638322,Germany,DE,pycountry_exact,0.95
39638322,Germany,DE,pycountry_exact,0.95
39638320,Deutschland,DE,dictionary_exact,1.0
39638320,Deutschland,DE,dictionary_exact,1.0
39638320,Deutschland,DE,dictionary_exact,1.0
39636459,Deutschland,DE,dictionary_exact,1.0
39636459,Deutschland,DE,dictionary_exact,1.0
39636444,Deutschland,DE,dictionary_exact,1.0
39636444,Deutschland,DE,dictionary_exact,1.0
39636444,Deutschland,DE,dictionary_exact,1.0
39636444,Deutschland,DE,dictionary_exact,1.0
39636444,Deutschland,DE,dictionary_exact,1.0
39636444,Deutschland,DE,dictionary_exact,1.0
39636444,Deutschland,DE,dictionary_exact,1.0
39636444,Deutschland,DE,dictionary_exact,1.0
39636444,Deutschland,DE,dictionary_exact,1.0
39636444,Deutschland,DE,dictionary_exact,1.0
39636444,Deutschland,DE,dictionary_exact,1.0
39636444,Deutschland,DE,dictionary_exact,1.0
39636444,Deutschland,DE,dictionary_exact,1.0
39636444,Deutschland,DE,dictionary_exact,1.0
39636444,Deutschland,DE,dictionary_exact,1.0
39636444,Deutschland,DE,dictionary_exact,1.0
39636444,Deutschland,DE,dictionary_exact,1.0
39636444,Deutschland,DE,dictionary_exact,1.0
39636443,Deutschland,DE,dictionary_exact,1.0
39636443,Deutschland,DE,dictionary_exact,1.0
39636443,Deutschland,DE,dictionary_exact,1.0
39636443,Deutschland,DE,dictionary_exact,1.0
39636443,Deutschland,DE,dictionary_exact,1.0
39636443,Deutschland,DE,dictionary_exact,1.0
39636443,Deutschland,DE,dictionary_exact,1.0
39636443,Deutschland,DE,dictionary_exact,1.0
39636418,Deutschland,DE,dictionary_exact,1.0
39636418,Deutschland,DE,dictionary_exact,1.0
39636418,Deutschland,DE,dictionary_exact,1.0
39636418,Deutschland,DE,dictionary_exact,1.0
39636418,Deutschland,DE,dictionary_exact,1.0
39636418,Deutschland,DE,dictionary_exact,1.0
39636418,Deutschland,DE,dictionary_exact,1.0
39636410,Deutschland,DE,dictionary_exact,1.0
39636410,Deutschland,DE,dictionary_exact,1.0
39636395,Deutschland,DE,dictionary_exact,1.0
39636395,Deutschland,DE,dictionary_exact,1.0
39636395,Deutschland,DE,dictionary_exact,1.0
39636394,Deutschland,DE,dictionary_exact,1.0
39636394,Deutschland,DE,dictionary_exact,1.0
39636319,Deutschland,DE,dictionary_exact,1.0
39636319,Deutschland,DE,dictionary_exact,1.0
39636319,Deutschland,DE,dictionary_exact,1.0
39636319,Deutschland,DE,dictionary_exact,1.0
39636319,Deutschland,DE,dictionary_exact,1.0
39636319,Deutschland,DE,dictionary_exact,1.0
39636319,Deutschland,DE,dictionary_exact,1.0
39636319,Deutschland,DE,dictionary_exact,1.0
39633141,Deutschland,DE,dictionary_exact,1.0
39633141,Deutschland,DE,dictionary_exact,1.0
39633141,Deutschland,DE,dictionary_exact,1.0
39633141,Deutschland,DE,dictionary_exact,1.0
39633141,Deutschland,DE,dictionary_exact,1.0
39633141,Deutschland,DE,dictionary_exact,1.0
39633141,Deutschland,DE,dictionary_exact,1.0
39633141,Deutschland,DE,dictionary_exact,1.0
39633141,Deutschland,DE,dictionary_exact,1.0
39632971,Deutschland,DE,dictionary_exact,1.0
39632971,Deutschland,DE,dictionary_exact,1.0
39632971,Deutschland,DE,dictionary_exact,1.0
39632971,Deutschland,DE,dictionary_exact,1.0
39632971,Deutschland,DE,dictionary_exact,1.0
39631762,Bad Kissingen,DE,geonames_exact,0.9
39631762,Stiftung Tierärztliche Hochschule Hannover,DE,geonames_word,0.8
39631740,Germany,DE,pycountry_exact,0.95
39631740,Germany,DE,pycountry_exact,0.95
39631740,Egypt,EG,dictionary_exact,1.0
39631739,Germany,DE,pycountry_exact,0.95
39631739,Germany,DE,pycountry_exact,0.95
39631739,Germany,DE,pycountry_exact,0.95
39631739,Germany,DE,pycountry_exact,0.95
39631739,Germany,DE,pycountry_exact,0.95
39631738,Germany,DE,pycountry_exact,0.95
39631738,Germany,DE,pycountry_exact,0.95
39631738,Germany,DE,pycountry_exact,0.95
39631738,Switzerland,CH,pycountry_exact,0.95
39631738,Germany,DE,pycountry_exact,0.95
39631738,Germany,DE,pycountry_exact,0.95
39631738,Germany,DE,pycountry_exact,0.95
39631738,Germany,DE,pycountry_exact,0.95
39631736,Deutschland,DE,dictionary_exact,1.0
39631734,Deutschland,DE,dictionary_exact,1.0
39631734,Deutschland,DE,dictionary_exact,1.0
39631732,Deutschland,DE,dictionary_exact,1.0
39631732,Deutschland,DE,dictionary_exact,1.0
39631732,Deutschland,DE,dictionary_exact,1.0
39631732,Deutschland,DE,dictionary_exact,1.0
39631732,Deutschland,DE,dictionary_exact,1.0
39631731,Deutschland,DE,dictionary_exact,1.0
39631731,Deutschland,DE,dictionary_exact,1.0
39631731,Deutschland,DE,dictionary_exact,1.0
39631731,Deutschland,DE,dictionary_exact,1.0
39631731,Deutschland,DE,dictionary_exact,1.0
39631730,Deutschland,DE,dictionary_exact,1.0
39631730,Deutschland,DE,dictionary_exact,1.0
39631730,Deutschland,DE,dictionary_exact,1.0
39631730,Deutschland,DE,dictionary_exact,1.0
39631730,Deutschland,DE,dictionary_exact,1.0
39631730,Deutschland,DE,dictionary_exact,1.0
39631730,Deutschland,DE,dictionary_exact,1.0
39631730,Deutschland,DE,dictionary_exact,1.0
39631730,Deutschland,DE,dictionary_exact,1.0
39631730,Deutschland,DE,dictionary_exact,1.0
39630288,Deutschland,DE,dictionary_exact,1.0
39630288,Deutschland,DE,dictionary_exact,1.0
39630288,Deutschland,DE,dictionary_exact,1.0
39630288,Deutschland,DE,dictionary_exact,1.0
39630288,Australien,AU,dictionary_exact,1.0
39630286,Deutschland,DE,dictionary_exact,1.0
39630286,Deutschland,DE,dictionary_exact,1.0
39630286,Deutschland,DE,dictionary_exact,1.0
39630246,Deutschland,DE,dictionary_exact,1.0
39630246,Deutschland,DE,dictionary_exact,1.0
39630246,Deutschland,DE,dictionary_exact,1.0
39630246,Deutschland,DE,dictionary_exact,1.0
39630246,Deutschland,DE,dictionary_exact,1.0
39630246,Deutschland,DE,dictionary_exact,1.0
39630246,Deutschland,DE,dictionary_exact,1.0
39630246,Deutschland,DE,dictionary_exact,1.0
39630245,Deutschland,DE,dictionary_exact,1.0
39630245,Deutschland,DE,dictionary_exact,1.0
39630245,Deutschland,DE,dictionary_exact,1.0
39630244,Deutschland,DE,dictionary_exact,1.0
39630244,Deutschland,DE,dictionary_exact,1.0
39630244,Deutschland,DE,dictionary_exact,1.0
39630244,Deutschland,DE,dictionary_exact,1.0
39630244,Deutschland,DE,dictionary_exact,1.0
39630244,Deutschland,DE,dictionary_exact,1.0
39630244,Deutschland,DE,dictionary_exact,1.0
39630243,Deutschland,DE,dictionary_exact,1.0
39630243,Deutschland,DE,dictionary_exact,1.0
39630232,Deutschland,DE,dictionary_exact,1.0
39630232,Deutschland,DE,dictionary_exact,1.0
39630232,Deutschland,DE,dictionary_exact,1.0
39630227,Schweiz,CH,dictionary_exact,1.0
39630227,Schweiz,CH,dictionary_exact,1.0
39630227,Schweiz,CH,dictionary_exact,1.0
39629621,Deutschland,DE,dictionary_exact,1.0
39627513,Deutschland,DE,dictionary_exact,1.0
39627513,Deutschland,DE,dictionary_exact,1.0
39627513,Deutschland,DE,dictionary_exact,1.0
39627513,Deutschland,DE,dictionary_exact,1.0
39626772,Germany,DE,pycountry_exact,0.95
39626760,Germany,DE,pycountry_exact,0.95
39626760,Germany,DE,pycountry_exact,0.95
39626759,Germany,DE,pycountry_exact,0.95
39626759,Germany,DE,pycountry_exact,0.95
39626759,Germany,DE,pycountry_exact,0.95
39626759,Germany,DE,pycountry_exact,0.95
39626759,Germany,DE,pycountry_exact,0.95
39626759,Germany,DE,pycountry_exact,0.95
39626759,Germany,DE,pycountry_exact,0.95
39625584,Deutschland,DE,dictionary_exact,1.0
39625584,Deutschland,DE,dictionary_exact,1.0
39625583,Deutschland,DE,dictionary_exact,1.0
39625583,Deutschland,DE,dictionary_exact,1.0
39625582,Deutschland,DE,dictionary_exact,1.0
39625521,Österreich,AT,dictionary_exact,1.0
39625521,Deutschland,DE,dictionary_exact,1.0
39625521,Österreich,AT,dictionary_exact,1.0
39625521,Deutschland,DE,dictionary_exact,1.0
39625521,Deutschland,DE,dictionary_exact,1.0
39623913,Schweiz,CH,dictionary_exact,1.0
39622496,Charité Universitätsmedizin Berlin,DE,geonames_word,0.8
39622496,Berlin,DE,pycountry_exact,0.95
39622496,Österreich,AT,dictionary_exact,1.0
39622496,Österreich,AT,dictionary_exact,1.0
39622496,Charité Universitätsmedizin Berlin,DE,geonames_word,0.8
39622495,Ravensburg,DE,geonames_exact,0.9
39622495,Universität Ulm,DE,geonames_word,0.8
39622495,Biberach,DE,geonames_exact,0.9
39622495,Berlin,DE,pycountry_exact,0.95
39622495,Berlin,DE,pycountry_exact,0.95
39622495,Charité Universitätsmedizin Berlin,DE,geonames_word,0.8
39622495,Universität Ulm,DE,geonames_word,0.8
39622495,Berlin,DE,pycountry_exact,0.95
39621055,Deutschland,DE,dictionary_exact,1.0
39621055,Deutschland,DE,dictionary_exact,1.0
39621054,Deutschland,DE,dictionary_exact,1.0
39621054,Deutschland,DE,dictionary_exact,1.0
39621054,Spanien,ES,dictionary_exact,1.0
39621054,Deutschland,DE,dictionary_exact,1.0
39621054,Deutschland,DE,dictionary_exact,1.0
39621054,Deutschland,DE,dictionary_exact,1.0
39621054,Deutschland,DE,dictionary_exact,1.0
39621054,Deutschland,DE,dictionary_exact,1.0
39621054,Deutschland,DE,dictionary_exact,1.0
39621054,Deutschland,DE,dictionary_exact,1.0
39621054,Deutschland,DE,dictionary_exact,1.0
39621054,Deutschland,DE,dictionary_exact,1.0
39621054,Deutschland,DE,dictionary_exact,1.0
39621054,Deutschland,DE,dictionary_exact,1.0
39621054,Deutschland,DE,dictionary_exact,1.0
39621054,Deutschland,DE,dictionary_exact,1.0
39621054,Deutschland,DE,dictionary_exact,1.0
39621054,Deutschland,DE,dictionary_exact,1.0
39621054,Deutschland,DE,dictionary_exact,1.0
39621054,Deutschland,DE,dictionary_exact,1.0
39621049,Deutschland,DE,dictionary_exact,1.0
39621049,Deutschland,DE,dictionary_exact,1.0
39621047,Österreich,AT,dictionary_exact,1.0
39621047,Österreich,AT,dictionary_exact,1.0
39621047,Österreich,AT,dictionary_exact,1.0
39621047,Schweden,SE,dictionary_exact,1.0
39621047,Österreich,AT,dictionary_exact,1.0
39621047,Österreich,AT,dictionary_exact,1.0
39621047,Estland,EE,dictionary_exact,1.0
39621046,Deutschland,DE,dictionary_exact,1.0
39621046,Deutschland,DE,dictionary_exact,1.0
39621045,Deutschland,DE,dictionary_exact,1.0
39621045,Deutschland,DE,dictionary_exact,1.0
39621045,Deutschland,DE,dictionary_exact,1.0
39621045,Deutschland,DE,dictionary_exact,1.0
39621035,Deutschland,DE,dictionary_exact,1.0
39621035,Deutschland,DE,dictionary_exact,1.0
39621034,Deutschland,DE,dictionary_exact,1.0
39621034,Deutschland,DE,dictionary_exact,1.0
39621033,Deutschland,DE,dictionary_exact,1.0
39621033,Deutschland,DE,dictionary_exact,1.0
39617723,China,CN,pycountry_exact,0.95
39617723,China,CN,pycountry_exact,0.95
39616285,Deutschland,DE,dictionary_exact,1.0
39616285,Deutschland,DE,dictionary_exact,1.0
39616284,Deutschland,DE,dictionary_exact,1.0
39616284,Deutschland,DE,dictionary_exact,1.0
39616284,Deutschland,DE,dictionary_exact,1.0
39616284,Deutschland,DE,dictionary_exact,1.0
39616284,Deutschland,DE,dictionary_exact,1.0
39616284,Deutschland,DE,dictionary_exact,1.0
39613966,Deutschland,DE,dictionary_exact,1.0
39613966,Österreich,AT,dictionary_exact,1.0
39613966,Deutschland,DE,dictionary_exact,1.0
39613966,Österreich,AT,dictionary_exact,1.0
39613965,Deutschland,DE,dictionary_exact,1.0
39613965,Deutschland,DE,dictionary_exact,1.0
39613912,Deutschland,DE,dictionary_exact,1.0
39613912,Deutschland,DE,dictionary_exact,1.0
39613912,Deutschland,DE,dictionary_exact,1.0
39613884,Deutschland,DE,dictionary_exact,1.0
39613884,Deutschland,DE,dictionary_exact,1.0
39613884,Deutschland,DE,dictionary_exact,1.0
39612945,GERMANY,DE,pycountry_exact,0.95
39612945,Universität Freiburg,CH,geonames_word,0.8
39612945,Berlin,DE,pycountry_exact,0.95
39612945,Villingen-Schwenningen,DE,geonames_exact,0.9
39612945,Ostfildern,DE,geonames_exact,0.9
39612945,Institut für Pharmazeutische Wissenschaften,not found,Not found,0.0
39612945,Universitätsklinikum Schleswig-Holstein Campus Lübeck,DE,geonames_word,0.8
39612945,Universitätsklinikum Erlangen,DE,geonames_word,0.8
39612945,Universitätsklinikum Carl Gustav Carus an der TU Dresden,DE,geonames_word,0.8
39611978,Deutschland,DE,dictionary_exact,1.0
39611953,Deutschland,DE,dictionary_exact,1.0
39611953,Deutschland,DE,dictionary_exact,1.0
39611894,Österreich,AT,dictionary_exact,1.0
39611894,Österreich,AT,dictionary_exact,1.0
39611894,USA,US,dictionary_exact,1.0
39611894,Österreich,AT,dictionary_exact,1.0
39609303,Deutschland,DE,dictionary_exact,1.0
39609303,Deutschland,DE,dictionary_exact,1.0
39609303,Deutschland,DE,dictionary_exact,1.0
39609268,Deutschland,DE,dictionary_exact,1.0
39609268,Deutschland,DE,dictionary_exact,1.0
39609267,Deutschland,DE,dictionary_exact,1.0
39609267,Deutschland,DE,dictionary_exact,1.0
39609267,Deutschland,DE,dictionary_exact,1.0
39609267,Deutschland,DE,dictionary_exact,1.0
39609267,Deutschland,DE,dictionary_exact,1.0
39607526,Deutschland,DE,dictionary_exact,1.0
39607526,Schweiz,CH,dictionary_exact,1.0
39607526,Deutschland,DE,dictionary_exact,1.0
39607526,Deutschland,DE,dictionary_exact,1.0
39607526,Deutschland,DE,dictionary_exact,1.0
39607511,Deutschland,DE,dictionary_exact,1.0
39607511,Deutschland,DE,dictionary_exact,1.0
39607511,Deutschland,DE,dictionary_exact,1.0
39607511,Deutschland,DE,dictionary_exact,1.0
39607484,Deutschland,DE,dictionary_exact,1.0
39607483,Deutschland,DE,dictionary_exact,1.0
39607483,Deutschland,DE,dictionary_exact,1.0
39607462,Österreich,AT,dictionary_exact,1.0
39607462,Schweiz,CH,dictionary_exact,1.0
39607461,Deutschland,DE,dictionary_exact,1.0
39607461,Deutschland,DE,dictionary_exact,1.0
39607461,Deutschland,DE,dictionary_exact,1.0
39607461,Deutschland,DE,dictionary_exact,1.0
39607461,Deutschland,DE,dictionary_exact,1.0
39607461,Deutschland,DE,dictionary_exact,1.0
39607461,Deutschland,DE,dictionary_exact,1.0
39607461,Deutschland,DE,dictionary_exact,1.0
39607461,Deutschland,DE,dictionary_exact,1.0
39607461,Österreich,AT,dictionary_exact,1.0
39607461,Deutschland,DE,dictionary_exact,1.0
39607461,Deutschland,DE,dictionary_exact,1.0
39607461,Deutschland,DE,dictionary_exact,1.0
39607461,Deutschland,DE,dictionary_exact,1.0
39607461,Deutschland,DE,dictionary_exact,1.0
39607461,Deutschland,DE,dictionary_exact,1.0
39607461,Deutschland,DE,dictionary_exact,1.0
39607461,Deutschland,DE,dictionary_exact,1.0
39607461,Deutschland,DE,dictionary_exact,1.0
39607461,Deutschland,DE,dictionary_exact,1.0
39607461,Deutschland,DE,dictionary_exact,1.0
39604644,Deutschland,DE,dictionary_exact,1.0
39604644,Deutschland,DE,dictionary_exact,1.0
39604517,Deutschland,DE,dictionary_exact,1.0
39603252,Germany,DE,pycountry_exact,0.95
39603252,Germany,DE,pycountry_exact,0.95
39603252,Germany,DE,pycountry_exact,0.95
39603247,Switzerland,CH,pycountry_exact,0.95
39601875,Deutschland,DE,dictionary_exact,1.0
39601875,Deutschland,DE,dictionary_exact,1.0
39601875,Deutschland,DE,dictionary_exact,1.0
39601828,Deutschland,DE,dictionary_exact,1.0
39601828,Deutschland,DE,dictionary_exact,1.0
39601828,Deutschland,DE,dictionary_exact,1.0
39601816,Deutschland,DE,dictionary_exact,1.0
39601816,Deutschland,DE,dictionary_exact,1.0
39601816,Deutschland,DE,dictionary_exact,1.0
39601816,Deutschland,DE,dictionary_exact,1.0
39601816,Deutschland,DE,dictionary_exact,1.0
39601816,Deutschland,DE,dictionary_exact,1.0
39592511,Deutschland,DE,dictionary_exact,1.0
39592511,Deutschland,DE,dictionary_exact,1.0
39592511,Deutschland,DE,dictionary_exact,1.0
39592511,Deutschland,DE,dictionary_exact,1.0
39592511,Deutschland,DE,dictionary_exact,1.0
39592511,Deutschland,DE,dictionary_exact,1.0
39592511,Deutschland,DE,dictionary_exact,1.0
39592511,Deutschland,DE,dictionary_exact,1.0
39592511,Deutschland,DE,dictionary_exact,1.0
39592511,Deutschland,DE,dictionary_exact,1.0
39592511,Deutschland,DE,dictionary_exact,1.0
39592511,Deutschland,DE,dictionary_exact,1.0
39592511,Deutschland,DE,dictionary_exact,1.0
39592511,Deutschland,DE,dictionary_exact,1.0
39592460,Deutschland,DE,dictionary_exact,1.0
39592460,Deutschland,DE,dictionary_exact,1.0
39592460,Deutschland,DE,dictionary_exact,1.0
39592009,Deutschland,DE,dictionary_exact,1.0
39589515,Deutschland,DE,dictionary_exact,1.0
39589515,Österreich,AT,dictionary_exact,1.0
39589503,Deutschland,DE,dictionary_exact,1.0
39589503,Deutschland,DE,dictionary_exact,1.0
39589503,Deutschland,DE,dictionary_exact,1.0
39589503,Deutschland,DE,dictionary_exact,1.0
39589503,Australien,AU,dictionary_exact,1.0
39589503,Australien,AU,dictionary_exact,1.0
39589503,Deutschland,DE,dictionary_exact,1.0
39589503,Deutschland,DE,dictionary_exact,1.0
39589503,Deutschland,DE,dictionary_exact,1.0
39589503,Deutschland,DE,dictionary_exact,1.0
39589482,Deutschland,DE,dictionary_exact,1.0
39589482,Deutschland,DE,dictionary_exact,1.0
39589482,Deutschland,DE,dictionary_exact,1.0
39589482,Deutschland,DE,dictionary_exact,1.0
39589444,Österreich,AT,dictionary_exact,1.0
39589444,Österreich,AT,dictionary_exact,1.0
39589443,Deutschland,DE,dictionary_exact,1.0
39589443,Deutschland,DE,dictionary_exact,1.0
39589443,Deutschland,DE,dictionary_exact,1.0
39589406,Österreich,AT,dictionary_exact,1.0
39589406,Österreich,AT,dictionary_exact,1.0
39586921,Deutschland,DE,dictionary_exact,1.0
39586921,Deutschland,DE,dictionary_exact,1.0
39586920,Deutschland,DE,dictionary_exact,1.0
39586920,Deutschland,DE,dictionary_exact,1.0
39586920,Deutschland,DE,dictionary_exact,1.0
39586812,Germany,DE,pycountry_exact,0.95
39586812,Germany,DE,pycountry_exact,0.95
39586812,Germany,DE,pycountry_exact,0.95
39586812,Germany,DE,pycountry_exact,0.95
39586812,Germany,DE,pycountry_exact,0.95
39586812,Germany,DE,pycountry_exact,0.95
39586806,Deutschland,DE,dictionary_exact,1.0
39586806,Germany,DE,pycountry_exact,0.95
39586787,Germany,DE,pycountry_exact,0.95
39586787,Germany,DE,pycountry_exact,0.95
39586787,Germany,DE,pycountry_exact,0.95
39586786,Germany,DE,pycountry_exact,0.95
39586786,Germany,DE,pycountry_exact,0.95
39586786,Germany,DE,pycountry_exact,0.95
39585415,Deutschland,DE,dictionary_exact,1.0
39585415,Deutschland,DE,dictionary_exact,1.0
39585415,Deutschland,DE,dictionary_exact,1.0
39585415,Deutschland,DE,dictionary_exact,1.0
39585393,Deutschland,DE,dictionary_exact,1.0
39585393,Deutschland,DE,dictionary_exact,1.0
39585393,Deutschland,DE,dictionary_exact,1.0
39585393,Deutschland,DE,dictionary_exact,1.0
39585371,Deutschland,DE,dictionary_exact,1.0
39585371,Deutschland,DE,dictionary_exact,1.0
39585359,Deutschland,DE,dictionary_exact,1.0
39585359,Deutschland,DE,dictionary_exact,1.0
39578266,Deutschland,DE,dictionary_exact,1.0
39578266,Deutschland,DE,dictionary_exact,1.0
39572168,Germany,DE,pycountry_exact,0.95
39572168,Germany,DE,pycountry_exact,0.95
39572156,GERMANY,DE,pycountry_exact,0.95
39572156,GERMANY,DE,pycountry_exact,0.95
39572156,GERMANY,DE,pycountry_exact,0.95
39572156,GERMANY,DE,pycountry_exact,0.95
39570421,Deutschland,DE,dictionary_exact,1.0
39570421,Deutschland,DE,dictionary_exact,1.0
39570421,Deutschland,DE,dictionary_exact,1.0
39570412,Schweiz,CH,dictionary_exact,1.0
39570412,Schweiz,CH,dictionary_exact,1.0
39570412,Schweiz,CH,dictionary_exact,1.0
39570379,Deutschland,DE,dictionary_exact,1.0
39570379,Deutschland,DE,dictionary_exact,1.0
39570379,Deutschland,DE,dictionary_exact,1.0
39566549,Deutschland,DE,dictionary_exact,1.0
39566517,Friedrich-Schiller-Universität Jena,DE,geonames_word,0.8
39566517,Friedrich-Schiller-Universitat Jena,DE,geonames_word,0.8
39566513,United States,US,dictionary_exact,1.0
39566513,Germany,DE,pycountry_exact,0.95
39566513,Germany,DE,pycountry_exact,0.95
39566513,Germany,DE,pycountry_exact,0.95
39566513,Germany,DE,pycountry_exact,0.95
39566513,Italy,IT,pycountry_exact,0.95
39566513,Hungary,HU,pycountry_exact,0.95
39566513,Switzerland,CH,pycountry_exact,0.95
39566512,Germany,DE,pycountry_exact,0.95
39566512,Germany,DE,pycountry_exact,0.95
39566512,Germany,DE,pycountry_exact,0.95
39566512,Germany,DE,pycountry_exact,0.95
39566512,Germany,DE,pycountry_exact,0.95
39566512,Germany,DE,pycountry_exact,0.95
39561789,Technische Universität Braunschweig,DE,geonames_word,0.8
39561789,Löhne,DE,geonames_exact,0.9
39560760,Deutschland,DE,dictionary_exact,1.0
39560760,Deutschland,DE,dictionary_exact,1.0
39560760,Deutschland,DE,dictionary_exact,1.0
39560728,Deutschland,DE,dictionary_exact,1.0
39560728,Deutschland,DE,dictionary_exact,1.0
39560707,Deutschland,DE,dictionary_exact,1.0
39560707,Deutschland,DE,dictionary_exact,1.0
39560707,Deutschland,DE,dictionary_exact,1.0
39560707,Deutschland,DE,dictionary_exact,1.0
39557659,Deutschland,DE,dictionary_exact,1.0
39557659,Deutschland,DE,dictionary_exact,1.0
39557659,Deutschland,DE,dictionary_exact,1.0
39557659,Deutschland,DE,dictionary_exact,1.0
39557659,Deutschland,DE,dictionary_exact,1.0
39557659,Deutschland,DE,dictionary_exact,1.0
39557659,Deutschland,DE,dictionary_exact,1.0
39557659,Deutschland,DE,dictionary_exact,1.0
39557659,Deutschland,DE,dictionary_exact,1.0
39557659,Deutschland,DE,dictionary_exact,1.0
39557659,Deutschland,DE,dictionary_exact,1.0
39557659,Deutschland,DE,dictionary_exact,1.0
39557049,Deutschland,DE,dictionary_exact,1.0
39557047,Germany,DE,pycountry_exact,0.95
39556170,Deutschland,DE,dictionary_exact,1.0
39556170,Deutschland,DE,dictionary_exact,1.0
39556170,Deutschland,DE,dictionary_exact,1.0
39550751,Deutschland,DE,dictionary_exact,1.0
39550751,Deutschland,DE,dictionary_exact,1.0
39550751,Deutschland,DE,dictionary_exact,1.0
39550751,Deutschland,DE,dictionary_exact,1.0
39550751,Deutschland,DE,dictionary_exact,1.0
39550750,Deutschland,DE,dictionary_exact,1.0
39550750,Deutschland,DE,dictionary_exact,1.0
39550750,Deutschland,DE,dictionary_exact,1.0
39550750,Deutschland,DE,dictionary_exact,1.0
39550750,Deutschland,DE,dictionary_exact,1.0
39550738,Deutschland,DE,dictionary_exact,1.0
39550738,Deutschland,DE,dictionary_exact,1.0
39550738,Deutschland,DE,dictionary_exact,1.0
39545990,Deutschland,DE,dictionary_exact,1.0
39545990,Deutschland,DE,dictionary_exact,1.0
39545990,Deutschland,DE,dictionary_exact,1.0
39545990,Deutschland,DE,dictionary_exact,1.0
39545976,Deutschland,DE,dictionary_exact,1.0
39545976,Deutschland,DE,dictionary_exact,1.0
39545976,Deutschland,DE,dictionary_exact,1.0
39545976,Deutschland,DE,dictionary_exact,1.0
39545961,Deutschland,DE,dictionary_exact,1.0
39545961,Deutschland,DE,dictionary_exact,1.0
39545961,Deutschland,DE,dictionary_exact,1.0
39545961,Deutschland,DE,dictionary_exact,1.0
39545961,Deutschland,DE,dictionary_exact,1.0
39545961,Deutschland,DE,dictionary_exact,1.0
39542916,Deutschland,DE,dictionary_exact,1.0
39542916,Deutschland,DE,dictionary_exact,1.0
39542916,Deutschland,DE,dictionary_exact,1.0
39542916,Deutschland,DE,dictionary_exact,1.0
39542916,Deutschland,DE,dictionary_exact,1.0
39542916,Deutschland,DE,dictionary_exact,1.0
39542916,Deutschland,DE,dictionary_exact,1.0
39542916,Deutschland,DE,dictionary_exact,1.0
39542916,Deutschland,DE,dictionary_exact,1.0
39542916,Deutschland,DE,dictionary_exact,1.0
39542916,Deutschland,DE,dictionary_exact,1.0
39542916,Deutschland,DE,dictionary_exact,1.0
39542916,Deutschland,DE,dictionary_exact,1.0
39542916,Deutschland,DE,dictionary_exact,1.0
39542916,Deutschland,DE,dictionary_exact,1.0
39542916,Deutschland,DE,dictionary_exact,1.0
39542916,Deutschland,DE,dictionary_exact,1.0
39542916,Deutschland,DE,dictionary_exact,1.0
39542916,Deutschland,DE,dictionary_exact,1.0
39542913,Deutschland,DE,dictionary_exact,1.0
39542913,Deutschland,DE,dictionary_exact,1.0
39542913,Deutschland,DE,dictionary_exact,1.0
39542913,Deutschland,DE,dictionary_exact,1.0
39542903,Deutschland,DE,dictionary_exact,1.0
39542903,Deutschland,DE,dictionary_exact,1.0
39542902,Deutschland,DE,dictionary_exact,1.0
39542902,Deutschland,DE,dictionary_exact,1.0
39542902,Deutschland,DE,dictionary_exact,1.0
39542882,Deutschland,DE,dictionary_exact,1.0
39542882,Deutschland,DE,dictionary_exact,1.0
39542021,Germany,DE,pycountry_exact,0.95
39542021,Germany,DE,pycountry_exact,0.95
39542021,Germany,DE,pycountry_exact,0.95
39542021,Germany,DE,pycountry_exact,0.95
39542021,Germany,DE,pycountry_exact,0.95
39542021,Germany,DE,pycountry_exact,0.95
39542014,Germany,DE,pycountry_exact,0.95
39540936,Deutschland,DE,dictionary_exact,1.0
39540936,Deutschland,DE,dictionary_exact,1.0
39540936,Deutschland,DE,dictionary_exact,1.0
39540931,Deutschland,DE,dictionary_exact,1.0
39540931,Deutschland,DE,dictionary_exact,1.0
39540931,Deutschland,DE,dictionary_exact,1.0
39540919,Deutschland,DE,dictionary_exact,1.0
39540919,Deutschland,DE,dictionary_exact,1.0
39540919,Deutschland,DE,dictionary_exact,1.0
39540919,Deutschland,DE,dictionary_exact,1.0
39537937,Deutschland,DE,dictionary_exact,1.0
39537937,Deutschland,DE,dictionary_exact,1.0
39536944,Germany,DE,pycountry_exact,0.95
39536944,Germany,DE,pycountry_exact,0.95
39536944,Germany,DE,pycountry_exact,0.95
39536944,Switzerland,CH,pycountry_exact,0.95
39536944,Germany,DE,pycountry_exact,0.95
39536944,Germany,DE,pycountry_exact,0.95
39535629,Österreich,AT,dictionary_exact,1.0
39535629,Österreich,AT,dictionary_exact,1.0
39535629,Österreich,AT,dictionary_exact,1.0
39535207,Deutschland,DE,dictionary_exact,1.0
39535207,Deutschland,DE,dictionary_exact,1.0
39535207,Deutschland,DE,dictionary_exact,1.0
39535207,Österreich,AT,dictionary_exact,1.0
39535207,Deutschland,DE,dictionary_exact,1.0
39532726,Deutschland,DE,dictionary_exact,1.0
39532726,Deutschland,DE,dictionary_exact,1.0
39532726,Deutschland,DE,dictionary_exact,1.0
39532726,Deutschland,DE,dictionary_exact,1.0
39532726,Deutschland,DE,dictionary_exact,1.0
39532726,Deutschland,DE,dictionary_exact,1.0
39532725,Deutschland,DE,dictionary_exact,1.0
39532725,Deutschland,DE,dictionary_exact,1.0
39532725,Deutschland,DE,dictionary_exact,1.0
39532725,Deutschland,DE,dictionary_exact,1.0
39532725,Deutschland,DE,dictionary_exact,1.0
39532725,Deutschland,DE,dictionary_exact,1.0
39532725,Deutschland,DE,dictionary_exact,1.0
39532725,Deutschland,DE,dictionary_exact,1.0
39532725,Deutschland,DE,dictionary_exact,1.0
39532725,Deutschland,DE,dictionary_exact,1.0
39532725,Deutschland,DE,dictionary_exact,1.0
39532725,Deutschland,DE,dictionary_exact,1.0
39532725,Deutschland,DE,dictionary_exact,1.0
39532123,Universität Hildesheim,DE,geonames_word,0.8
39532123,Schön Klinik Bad Bramstedt,TG,geonames_word,0.8
39532121,Germany,DE,pycountry_exact,0.95
39532118,Deutschland,DE,dictionary_exact,1.0
39531074,Deutschland,DE,dictionary_exact,1.0
39531064,Deutschland,DE,dictionary_exact,1.0
39531064,Deutschland,DE,dictionary_exact,1.0
39527290,Deutschland,DE,dictionary_exact,1.0
39527290,Deutschland,DE,dictionary_exact,1.0
39527290,Schweiz,CH,dictionary_exact,1.0
39527290,Deutschland,DE,dictionary_exact,1.0
39527278,Deutschland,DE,dictionary_exact,1.0
39527278,Deutschland,DE,dictionary_exact,1.0
39527125,Deutschland,DE,dictionary_exact,1.0
39527125,Deutschland,DE,dictionary_exact,1.0
39515373,Günzburg,DE,geonames_exact,0.9
39515373,Leipzig,DE,geonames_exact,0.9
39515373,Universität Ulm,DE,geonames_word,0.8
39515373,Leipzig,DE,geonames_exact,0.9
39515373,Augsburg,DE,geonames_exact,0.9
39515373,Standort München/Augsburg,not found,Not found,0.0
39515373,Universitätsklinikum München,DE,geonames_word,0.8
39515373,Kbo-Isar-Amper-Klinikum Haar,DE,geonames_word,0.8
39515373,Kbo-Isar-Amper-Klinikum Haar,DE,geonames_word,0.8
39515373,Bezirkskrankenhaus Donauwörth,DE,geonames_word,0.8
39515373,Bezirkskrankenhaus(BKH) Kempten,DE,geonames_word,0.8
39515373,Bezirkskrankenhaus Memmingen,DE,geonames_word,0.8
39515373,Bezirkskrankenhaus Kaufbeuren,DE,geonames_word,0.8
39515373,Chemnitz,DE,geonames_exact,0.9
39515370,Karlsruhe,DE,geonames_exact,0.9
39515370,Universitätsklinikum Regensburg,DE,geonames_word,0.8
39515370,Zentrum für Innere Medizin und Dermatologie; Charité - Universitätsmedizin Berlin,DE,geonames_word,0.8
39515370,Teltow,DE,geonames_exact,0.9
39514128,Deutschland,DE,dictionary_exact,1.0
39514128,Deutschland,DE,dictionary_exact,1.0
39514128,Deutschland,DE,dictionary_exact,1.0
39514128,Deutschland,DE,dictionary_exact,1.0
39514128,Deutschland,DE,dictionary_exact,1.0
39514023,Deutschland,DE,dictionary_exact,1.0
39514022,Deutschland,DE,dictionary_exact,1.0
39514018,Schweiz,CH,dictionary_exact,1.0
39514018,Schweiz,CH,dictionary_exact,1.0
39514018,Schweiz,CH,dictionary_exact,1.0
39514002,Deutschland,DE,dictionary_exact,1.0
39514002,Deutschland,DE,dictionary_exact,1.0
39514002,Deutschland,DE,dictionary_exact,1.0
39514002,Deutschland,DE,dictionary_exact,1.0
39513727,Deutschland,DE,dictionary_exact,1.0
39510990,Deutschland,DE,dictionary_exact,1.0
39510990,Deutschland,DE,dictionary_exact,1.0
39510990,Deutschland,DE,dictionary_exact,1.0
39510990,Deutschland,DE,dictionary_exact,1.0
39510990,Deutschland,DE,dictionary_exact,1.0
39510990,Deutschland,DE,dictionary_exact,1.0
39510990,Deutschland,DE,dictionary_exact,1.0
39510990,Deutschland,DE,dictionary_exact,1.0
39510513,Deutschland,DE,dictionary_exact,1.0
39510513,Deutschland,DE,dictionary_exact,1.0
39510513,Deutschland,DE,dictionary_exact,1.0
39510511,Germany,DE,pycountry_exact,0.95
39510508,Deutschland,DE,dictionary_exact,1.0
39510508,Deutschland,DE,dictionary_exact,1.0
39508911,Deutschland,DE,dictionary_exact,1.0
39508911,Deutschland,DE,dictionary_exact,1.0
39508865,Deutschland,DE,dictionary_exact,1.0
39508865,Deutschland,DE,dictionary_exact,1.0
39508865,Deutschland,DE,dictionary_exact,1.0
39508865,Deutschland,DE,dictionary_exact,1.0
39508865,Deutschland,DE,dictionary_exact,1.0
39508865,Deutschland,DE,dictionary_exact,1.0
39508838,Deutschland,DE,dictionary_exact,1.0
39508838,Tschechien,CZ,dictionary_exact,1.0
39508838,Deutschland,DE,dictionary_exact,1.0
39508838,Deutschland,DE,dictionary_exact,1.0
39508838,Deutschland,DE,dictionary_exact,1.0
39508838,Deutschland,DE,dictionary_exact,1.0
39505785,Schweiz,CH,dictionary_exact,1.0
39505785,Schweiz,CH,dictionary_exact,1.0
39505751,Österreich,AT,dictionary_exact,1.0
39505751,Österreich,AT,dictionary_exact,1.0
39505751,Deutschland,DE,dictionary_exact,1.0
39505751,Österreich,AT,dictionary_exact,1.0
39505751,Österreich,AT,dictionary_exact,1.0
39504984,Universitätsklinikum Leipzig,DE,geonames_word,0.8
39504984,Universität Greifswald,DE,geonames_word,0.8
39504984,HMU Health and Medical University Erfurt,DE,geonames_word,0.8
39504984,Wiesbaden,DE,geonames_exact,0.9
39504984,Universitätsmedizin der Johannes Gutenberg-Universität Mainz,DE,geonames_word,0.8
39504984,Universität Leipzig,DE,geonames_word,0.8
39503912,Seebad 82/83,not found,Not found,0.0
39503912,Martinistraße 52,not found,Not found,0.0
39503912,Seebad 82/83,not found,Not found,0.0
39503911,Deutschland,DE,dictionary_exact,1.0
39503911,Deutschland,DE,dictionary_exact,1.0
39503911,Deutschland,DE,dictionary_exact,1.0
39503849,Deutschland,DE,dictionary_exact,1.0
39503849,Deutschland,DE,dictionary_exact,1.0
39503781,Deutschland,DE,dictionary_exact,1.0
39503781,Deutschland,DE,dictionary_exact,1.0
39503781,Deutschland,DE,dictionary_exact,1.0
39500338,Universitätsklinikum Jena,DE,geonames_word,0.8
39500336,Schweiz,CH,dictionary_exact,1.0
39500336,Schweiz,CH,dictionary_exact,1.0
39500336,Deutschland,DE,dictionary_exact,1.0
39500336,Schweiz,CH,dictionary_exact,1.0
39499287,Deutschland,DE,dictionary_exact,1.0
39499287,Deutschland,DE,dictionary_exact,1.0
39499287,Deutschland,DE,dictionary_exact,1.0
39499287,Deutschland,DE,dictionary_exact,1.0
39499287,Deutschland,DE,dictionary_exact,1.0
39499287,Deutschland,DE,dictionary_exact,1.0
39499287,Deutschland,DE,dictionary_exact,1.0
39499287,Deutschland,DE,dictionary_exact,1.0
39496838,Deutschland,DE,dictionary_exact,1.0
39496838,Deutschland,DE,dictionary_exact,1.0
39496838,Deutschland,DE,dictionary_exact,1.0
39496838,Deutschland,DE,dictionary_exact,1.0
39496295,Germany,DE,pycountry_exact,0.95
39496295,Germany,DE,pycountry_exact,0.95
39496294,Germany,DE,pycountry_exact,0.95
39496294,Germany,DE,pycountry_exact,0.95
39496294,Germany,DE,pycountry_exact,0.95
39496294,Germany,DE,pycountry_exact,0.95
39496294,Germany,DE,pycountry_exact,0.95
39496294,Germany,DE,pycountry_exact,0.95
39496294,Germany,DE,pycountry_exact,0.95
39496294,Germany,DE,pycountry_exact,0.95
39496294,Switzerland,CH,pycountry_exact,0.95
39496294,Germany,DE,pycountry_exact,0.95
39496294,Germany,DE,pycountry_exact,0.95
39496294,Germany,DE,pycountry_exact,0.95
39496292,Deutschland,DE,dictionary_exact,1.0
39496292,Deutschland,DE,dictionary_exact,1.0
39488643,Deutschland,DE,dictionary_exact,1.0
39488643,Deutschland,DE,dictionary_exact,1.0
39488643,Deutschland,DE,dictionary_exact,1.0
39488643,Deutschland,DE,dictionary_exact,1.0
39488643,Deutschland,DE,dictionary_exact,1.0
39488590,Deutschland,DE,dictionary_exact,1.0
39488590,Deutschland,DE,dictionary_exact,1.0
39488590,Deutschland,DE,dictionary_exact,1.0
39485494,Deutschland,DE,dictionary_exact,1.0
39477225,Universitätsklinikum Hamburg-Eppendorf,DE,geonames_word,0.8
39477225,Universitätsklinikum Hamburg-Eppendorf,DE,geonames_word,0.8
39477225,Universitätsklinikum Hamburg-Eppendorf,DE,geonames_word,0.8
39477225,Universitätsklinikum Hamburg-Eppendorf,DE,geonames_word,0.8
39477218,Germany,DE,pycountry_exact,0.95
39477218,Germany,DE,pycountry_exact,0.95
39477216,Germany,DE,pycountry_exact,0.95
39477215,Germany,DE,pycountry_exact,0.95
39477215,Germany,DE,pycountry_exact,0.95
39477215,Germany,DE,pycountry_exact,0.95
39477215,Germany,DE,pycountry_exact,0.95
39477215,Germany,DE,pycountry_exact,0.95
39477215,Germany,DE,pycountry_exact,0.95
39477215,Germany,DE,pycountry_exact,0.95
39477215,Germany,DE,pycountry_exact,0.95
39477215,Germany,DE,pycountry_exact,0.95
39477214,Ukraine,UA,dictionary_exact,1.0
39477214,Ukraine,UA,dictionary_exact,1.0
39472343,Deutschland,DE,dictionary_exact,1.0
39472343,Deutschland,DE,dictionary_exact,1.0
39472343,Deutschland,DE,dictionary_exact,1.0
39472343,Deutschland,DE,dictionary_exact,1.0
39471978,Germany,DE,pycountry_exact,0.95
39470773,Deutschland,DE,dictionary_exact,1.0
39470773,Deutschland,DE,dictionary_exact,1.0
39470773,Deutschland,DE,dictionary_exact,1.0
39467578,Germany,DE,pycountry_exact,0.95
39467578,Germany,DE,pycountry_exact,0.95
39467577,Germany,DE,pycountry_exact,0.95
39467577,Germany,DE,pycountry_exact,0.95
39467577,Germany,DE,pycountry_exact,0.95
39467574,Städtische Kliniken Köln,DE,geonames_word,0.8
39467574,Deutschland,DE,dictionary_exact,1.0
39467574,Aachen Deutschland,DE,geonames_word,0.8
39467574,Italien,IT,dictionary_exact,1.0
39467574,Deutschland,DE,dictionary_exact,1.0
39467574,Deutschland,DE,dictionary_exact,1.0
39467574,Schweiz,CH,dictionary_exact,1.0
39467574,Deutschland,DE,dictionary_exact,1.0
39467574,Deutschland,DE,dictionary_exact,1.0
39467574,Deutschland,DE,dictionary_exact,1.0
39467574,Deutschland,DE,dictionary_exact,1.0
39467574,Deutschland,DE,dictionary_exact,1.0
39467574,Deutschland,DE,dictionary_exact,1.0
39455446,Deutschland,DE,dictionary_exact,1.0
39455446,Deutschland,DE,dictionary_exact,1.0
39455446,Deutschland,DE,dictionary_exact,1.0
39455446,Deutschland,DE,dictionary_exact,1.0
39455446,Deutschland,DE,dictionary_exact,1.0
39447599,Charité Universitätsmedizin Berlin,DE,geonames_word,0.8
39447598,Zwiefalten,not found,Not found,0.0
39447598,Weissenau,not found,Not found,0.0
39447598,Reutlingen,DE,geonames_exact,0.9
39447598,Universitätsklinik für Psychiatrie und Psychotherapie Tübingen,DE,geonames_word,0.8
39447597,Otto-Friedrich-Universität Bamberg,DE,geonames_word,0.8
39447597,Universität Münster,DE,geonames_word,0.8
39447597,Ohm Technische Hochschule Nürnberg,DE,geonames_word,0.8
39446220,Deutschland,DE,dictionary_exact,1.0
39446220,Deutschland,DE,dictionary_exact,1.0
39446220,Deutschland,DE,dictionary_exact,1.0
39446174,Deutschland,DE,dictionary_exact,1.0
39446174,Deutschland,DE,dictionary_exact,1.0
39446174,Deutschland,DE,dictionary_exact,1.0
39446174,Deutschland,DE,dictionary_exact,1.0
39446174,Deutschland,DE,dictionary_exact,1.0
39446174,Deutschland,DE,dictionary_exact,1.0
39442552,Germany,DE,pycountry_exact,0.95
39442552,Germany,DE,pycountry_exact,0.95
39442552,King's College London,CA,geonames_word,0.8
39442552,Germany,DE,pycountry_exact,0.95
39441387,Deutschland,DE,dictionary_exact,1.0
39441387,Deutschland,DE,dictionary_exact,1.0
39441387,Deutschland,DE,dictionary_exact,1.0
39441387,Deutschland,DE,dictionary_exact,1.0
39441387,Deutschland,DE,dictionary_exact,1.0
39441387,Deutschland,DE,dictionary_exact,1.0
39441386,Deutschland,DE,dictionary_exact,1.0
39441386,Deutschland,DE,dictionary_exact,1.0
39441386,Deutschland,DE,dictionary_exact,1.0
39441386,Deutschland,DE,dictionary_exact,1.0
39441386,Deutschland,DE,dictionary_exact,1.0
39441339,Deutschland,DE,dictionary_exact,1.0
39441339,Deutschland,DE,dictionary_exact,1.0
39441339,Deutschland,DE,dictionary_exact,1.0
39441339,Deutschland,DE,dictionary_exact,1.0
39441339,Deutschland,DE,dictionary_exact,1.0
39438290,Deutschland,DE,dictionary_exact,1.0
39438290,Deutschland,DE,dictionary_exact,1.0
39438290,Deutschland,DE,dictionary_exact,1.0
39438290,Deutschland,DE,dictionary_exact,1.0
39438290,Deutschland,DE,dictionary_exact,1.0
39438290,Deutschland,DE,dictionary_exact,1.0
39438290,Deutschland,DE,dictionary_exact,1.0
39438290,Deutschland,DE,dictionary_exact,1.0
39438290,Deutschland,DE,dictionary_exact,1.0
39438290,Deutschland,DE,dictionary_exact,1.0
39438290,Deutschland,DE,dictionary_exact,1.0
39438290,Deutschland,DE,dictionary_exact,1.0
39438290,Deutschland,DE,dictionary_exact,1.0
39438290,Deutschland,DE,dictionary_exact,1.0
39438290,Deutschland,DE,dictionary_exact,1.0
39438290,Deutschland,DE,dictionary_exact,1.0
39438002,Deutschland,DE,dictionary_exact,1.0
39438002,Deutschland,DE,dictionary_exact,1.0
39438002,Deutschland,DE,dictionary_exact,1.0
39438002,Deutschland,DE,dictionary_exact,1.0
39437998,Germany,DE,pycountry_exact,0.95
39437998,Germany,DE,pycountry_exact,0.95
39437997,Austria,AT,pycountry_exact,0.95
39437991,Deutschland,DE,dictionary_exact,1.0
39437991,Deutschland,DE,dictionary_exact,1.0
39433608,Deutschland,DE,dictionary_exact,1.0
39433608,Deutschland,DE,dictionary_exact,1.0
39433608,Deutschland,DE,dictionary_exact,1.0
39433278,Germany,DE,pycountry_exact,0.95
39433278,Germany,DE,pycountry_exact,0.95
39432063,Deutschland,DE,dictionary_exact,1.0
39432063,Deutschland,DE,dictionary_exact,1.0
39424399,Germany,DE,pycountry_exact,0.95
39424399,Germany,DE,pycountry_exact,0.95
39424399,Germany,DE,pycountry_exact,0.95
39424399,Germany,DE,pycountry_exact,0.95
39424399,Germany,DE,pycountry_exact,0.95
39424399,Germany,DE,pycountry_exact,0.95
39424399,Germany,DE,pycountry_exact,0.95
39424399,Germany,DE,pycountry_exact,0.95
39419857,Deutschland,DE,dictionary_exact,1.0
39419857,Deutschland,DE,dictionary_exact,1.0
39419038,Germany,DE,pycountry_exact,0.95
39419038,Germany,DE,pycountry_exact,0.95
39414671,Deutschland,DE,dictionary_exact,1.0
39414631,Deutschland,DE,dictionary_exact,1.0
39414631,Deutschland,DE,dictionary_exact,1.0
39414631,Deutschland,DE,dictionary_exact,1.0
39414631,Österreich,AT,dictionary_exact,1.0
39414626,Deutschland,DE,dictionary_exact,1.0
39414626,Deutschland,DE,dictionary_exact,1.0
39414625,Deutschland,DE,dictionary_exact,1.0
39414625,Deutschland,DE,dictionary_exact,1.0
39413844,Germany,DE,pycountry_exact,0.95
39413844,Germany,DE,pycountry_exact,0.95
39413844,Germany,DE,pycountry_exact,0.95
39413844,Germany,DE,pycountry_exact,0.95
39413844,Germany,DE,pycountry_exact,0.95
39413844,Germany,DE,pycountry_exact,0.95
39413844,Germany,DE,pycountry_exact,0.95
39413844,Germany,DE,pycountry_exact,0.95
39413844,Germany,DE,pycountry_exact,0.95
39413844,Germany,DE,pycountry_exact,0.95
39413844,Germany,DE,pycountry_exact,0.95
39413844,Germany,DE,pycountry_exact,0.95
39413843,Germany,DE,pycountry_exact,0.95
39413843,Germany,DE,pycountry_exact,0.95
39413843,Germany,DE,pycountry_exact,0.95
39413843,Germany,DE,pycountry_exact,0.95
39413843,Estonia,EE,pycountry_exact,0.95
39413843,Germany,DE,pycountry_exact,0.95
39413843,Germany,DE,pycountry_exact,0.95
39413843,Germany,DE,pycountry_exact,0.95
39413843,Germany,DE,pycountry_exact,0.95
39413842,Germany,DE,pycountry_exact,0.95
39413842,Germany,DE,pycountry_exact,0.95
39413842,Germany,DE,pycountry_exact,0.95
39413842,Germany,DE,pycountry_exact,0.95
39413842,Germany,DE,pycountry_exact,0.95
39413842,Germany,DE,pycountry_exact,0.95
39413841,Germany,DE,pycountry_exact,0.95
39413840,Germany,DE,pycountry_exact,0.95
39413840,Germany,DE,pycountry_exact,0.95
39412705,Österreich,AT,dictionary_exact,1.0
39407008,Deutschland,DE,dictionary_exact,1.0
39407008,Deutschland,DE,dictionary_exact,1.0
39406989,Deutschland,DE,dictionary_exact,1.0
39406989,Deutschland,DE,dictionary_exact,1.0
39406989,Deutschland,DE,dictionary_exact,1.0
39406367,Germany,DE,pycountry_exact,0.95
39406367,Germany,DE,pycountry_exact,0.95
39404849,Deutschland,DE,dictionary_exact,1.0
39404849,Deutschland,DE,dictionary_exact,1.0
39401524,Germany,DE,pycountry_exact,0.95
39401524,Germany,DE,pycountry_exact,0.95
39401518,Germany,DE,pycountry_exact,0.95
39401518,Germany,DE,pycountry_exact,0.95
39400712,Deutschland,DE,dictionary_exact,1.0
39400712,Deutschland,DE,dictionary_exact,1.0
39393793,Germany,DE,pycountry_exact,0.95
39393793,Germany,DE,pycountry_exact,0.95
39393793,Germany,DE,pycountry_exact,0.95
39393793,Germany,DE,pycountry_exact,0.95
39393793,Germany,DE,pycountry_exact,0.95
39393793,Germany,DE,pycountry_exact,0.95
39393793,Germany,DE,pycountry_exact,0.95
39393424,Germany,DE,pycountry_exact,0.95
39392542,Deutschland,DE,dictionary_exact,1.0
39392542,Deutschland,DE,dictionary_exact,1.0
39392542,Deutschland,DE,dictionary_exact,1.0
39392489,Deutschland,DE,dictionary_exact,1.0
39392489,Deutschland,DE,dictionary_exact,1.0
39392489,Deutschland,DE,dictionary_exact,1.0
39389575,Germany,DE,pycountry_exact,0.95
39389575,Germany,DE,pycountry_exact,0.95
39389575,Germany,DE,pycountry_exact,0.95
39389575,Germany,DE,pycountry_exact,0.95
39389575,Germany,DE,pycountry_exact,0.95
39389575,Germany,DE,pycountry_exact,0.95
39389575,Germany,DE,pycountry_exact,0.95
39389575,Germany,DE,pycountry_exact,0.95
39389575,Germany,DE,pycountry_exact,0.95
39389575,Germany,DE,pycountry_exact,0.95
39389575,Germany,DE,pycountry_exact,0.95
39389575,Germany,DE,pycountry_exact,0.95
39389575,Germany,DE,pycountry_exact,0.95
39389575,Germany,DE,pycountry_exact,0.95
39389563,Deutschland,DE,dictionary_exact,1.0
39389563,Deutschland,DE,dictionary_exact,1.0
39389563,Deutschland,DE,dictionary_exact,1.0
39389563,Deutschland,DE,dictionary_exact,1.0
39389563,Deutschland,DE,dictionary_exact,1.0
39389563,Deutschland,DE,dictionary_exact,1.0
39389563,Deutschland,DE,dictionary_exact,1.0
39389563,Deutschland,DE,dictionary_exact,1.0
39387921,Deutschland,DE,dictionary_exact,1.0
39387921,Deutschland,DE,dictionary_exact,1.0
39387921,Deutschland,DE,dictionary_exact,1.0
39387921,Deutschland,DE,dictionary_exact,1.0
39387921,Deutschland,DE,dictionary_exact,1.0
39387921,Deutschland,DE,dictionary_exact,1.0
39387888,Deutschland,DE,dictionary_exact,1.0
39387888,Deutschland,DE,dictionary_exact,1.0
39387888,Deutschland,DE,dictionary_exact,1.0
39388529,Deutschland,DE,dictionary_exact,1.0
39388529,Deutschland,DE,dictionary_exact,1.0
39388529,Deutschland,DE,dictionary_exact,1.0
39388529,Deutschland,DE,dictionary_exact,1.0
39388529,Deutschland,DE,dictionary_exact,1.0
39388529,Deutschland,DE,dictionary_exact,1.0
39388529,Deutschland,DE,dictionary_exact,1.0
39388529,Deutschland,DE,dictionary_exact,1.0
39388529,Deutschland,DE,dictionary_exact,1.0
39384617,Deutschland,DE,dictionary_exact,1.0
39384617,Deutschland,DE,dictionary_exact,1.0
39384617,Deutschland,DE,dictionary_exact,1.0
39384617,Deutschland,DE,dictionary_exact,1.0
39384617,Deutschland,DE,dictionary_exact,1.0
39384617,Deutschland,DE,dictionary_exact,1.0
39384617,Deutschland,DE,dictionary_exact,1.0
39384318,Rüdersdorf,not found,Not found,0.0
39384318,Neuruppin,DE,geonames_exact,0.9
39384318,Zwiefalten,not found,Not found,0.0
39384318,Akademisches Lehrkrankenhaus der Universität Tübingen,DE,geonames_word,0.8
39384318,Tübingen,DE,geonames_exact,0.9
39384318,Weissenau,not found,Not found,0.0
39384318,Akademisches Lehrkrankenhaus der Ludwig-Maximilians-Universität München,DE,geonames_word,0.8
39384318,Deggendorf,DE,geonames_exact,0.9
39384318,Berlin,DE,pycountry_exact,0.95
39384318,corporate member of Freie Universität Berlin and Humboldt-Universität zu Berlin,DE,geonames_word,0.8
39384318,Reichenau,PL,geonames_exact,0.9
39384318,Universität Ulm,DE,geonames_word,0.8
39384318,Schweiz,CH,dictionary_exact,1.0
39384318,Universität Bremen,DE,geonames_word,0.8
39384318,Günzburg,DE,geonames_exact,0.9
39384318,Berlin,DE,pycountry_exact,0.95
39384318,Offenburg,DE,geonames_exact,0.9
39384318,Schweiz,CH,dictionary_exact,1.0
39384318,Berlin,DE,pycountry_exact,0.95
39384317,Germany,DE,pycountry_exact,0.95
39384317,Standort Tübingen,DE,geonames_word,0.8
39384317,PFH Private Hochschule Göttingen,DE,geonames_word,0.8
39384316,Medizinische Fakultät der Universität Leipzig,DE,geonames_word,0.8
39384316,Frankfurt,DE,geonames_exact,0.9
39384316,Greifswald,DE,geonames_exact,0.9
39379022,Germany,DE,pycountry_exact,0.95
39379022,Netherlands,NL,pycountry_exact,0.95
39379022,Germany,DE,pycountry_exact,0.95
39379022,Germany,DE,pycountry_exact,0.95
39379022,Germany,DE,pycountry_exact,0.95
39379022,Germany,DE,pycountry_exact,0.95
39379022,Germany,DE,pycountry_exact,0.95
39379022,Germany,DE,pycountry_exact,0.95
39379022,Germany,DE,pycountry_exact,0.95
39379022,Austria,AT,pycountry_exact,0.95
39377794,Deutschland,DE,dictionary_exact,1.0
39377794,Deutschland,DE,dictionary_exact,1.0
39377794,Deutschland,DE,dictionary_exact,1.0
39375232,Deutschland,DE,dictionary_exact,1.0
39375218,Deutschland,DE,dictionary_exact,1.0
39375218,Deutschland,DE,dictionary_exact,1.0
39375218,Deutschland,DE,dictionary_exact,1.0
39375218,Deutschland,DE,dictionary_exact,1.0
39375218,Deutschland,DE,dictionary_exact,1.0
39375218,Deutschland,DE,dictionary_exact,1.0
39375218,Deutschland,DE,dictionary_exact,1.0
39375218,Deutschland,DE,dictionary_exact,1.0
39375218,Deutschland,DE,dictionary_exact,1.0
39375218,Deutschland,DE,dictionary_exact,1.0
39375218,Deutschland,DE,dictionary_exact,1.0
39366406,Germany,DE,pycountry_exact,0.95
39366406,Germany,DE,pycountry_exact,0.95
39366405,Germany,DE,pycountry_exact,0.95
39366404,Germany,DE,pycountry_exact,0.95
39366404,Poland,PL,pycountry_exact,0.95
39366404,Poland,PL,pycountry_exact,0.95
39366404,Germany,DE,pycountry_exact,0.95
39365440,Italien,IT,dictionary_exact,1.0
39365440,Italien,IT,dictionary_exact,1.0
39365440,Deutschland,DE,dictionary_exact,1.0
39365347,Deutschland,DE,dictionary_exact,1.0
39365347,Deutschland,DE,dictionary_exact,1.0
39365347,Deutschland,DE,dictionary_exact,1.0
39357846,Deutschland,DE,dictionary_exact,1.0
39357846,München,DE,geonames_exact,0.9
39357846,Deutschland,DE,dictionary_exact,1.0
39357846,Deutschland,DE,dictionary_exact,1.0
39357846,Deutschland,DE,dictionary_exact,1.0
39357846,Schweiz,CH,dictionary_exact,1.0
39357846,Deutschland,DE,dictionary_exact,1.0
39357846,Deutschland,DE,dictionary_exact,1.0
39357846,Deutschland,DE,dictionary_exact,1.0
39357846,Deutschland,DE,dictionary_exact,1.0
39357846,Deutschland,DE,dictionary_exact,1.0
39357846,Deutschland,DE,dictionary_exact,1.0
39357846,Deutschland,DE,dictionary_exact,1.0
39357846,Deutschland,DE,dictionary_exact,1.0
39357846,Deutschland,DE,dictionary_exact,1.0
39357846,Deutschland,DE,dictionary_exact,1.0
39357846,Deutschland,DE,dictionary_exact,1.0
39357846,Deutschland,DE,dictionary_exact,1.0
39357846,Deutschland,DE,dictionary_exact,1.0
39357846,Deutschland,DE,dictionary_exact,1.0
39357846,Deutschland,DE,dictionary_exact,1.0
39357846,Deutschland,DE,dictionary_exact,1.0
39353600,Germany,DE,pycountry_exact,0.95
39353600,Germany,DE,pycountry_exact,0.95
39353600,Germany,DE,pycountry_exact,0.95
39353600,Germany,DE,pycountry_exact,0.95
39353600,Austria,AT,pycountry_exact,0.95
39353600,Austria,AT,pycountry_exact,0.95
39353600,Switzerland,CH,pycountry_exact,0.95
39353600,Switzerland,CH,pycountry_exact,0.95
39353600,Germany,DE,pycountry_exact,0.95
39353600,Germany,DE,pycountry_exact,0.95
39353599,Germany,DE,pycountry_exact,0.95
39353599,Germany,DE,pycountry_exact,0.95
39353599,Germany,DE,pycountry_exact,0.95
39353599,Germany,DE,pycountry_exact,0.95
39353599,Austria,AT,pycountry_exact,0.95
39353599,Austria,AT,pycountry_exact,0.95
39353599,Switzerland,CH,pycountry_exact,0.95
39353599,Switzerland,CH,pycountry_exact,0.95
39353599,Germany,DE,pycountry_exact,0.95
39353599,Germany,DE,pycountry_exact,0.95
39353591,Austria,AT,pycountry_exact,0.95
39354234,Deutschland,DE,dictionary_exact,1.0
39354234,Deutschland,DE,dictionary_exact,1.0
39354234,Deutschland,DE,dictionary_exact,1.0
39354234,Deutschland,DE,dictionary_exact,1.0
39354234,Deutschland,DE,dictionary_exact,1.0
39354234,Deutschland,DE,dictionary_exact,1.0
39354234,Deutschland,DE,dictionary_exact,1.0
39352491,Deutschland,DE,dictionary_exact,1.0
39352491,Deutschland,DE,dictionary_exact,1.0
39348842,Germany,DE,pycountry_exact,0.95
39348842,Germany,DE,pycountry_exact,0.95
39348842,Germany,DE,pycountry_exact,0.95
39348842,Germany,DE,pycountry_exact,0.95
39348842,Germany,DE,pycountry_exact,0.95
39342034,Deutschland,DE,dictionary_exact,1.0
39342034,Deutschland,DE,dictionary_exact,1.0
39342034,Deutschland,DE,dictionary_exact,1.0
39342034,Deutschland,DE,dictionary_exact,1.0
39340694,Deutschland,DE,dictionary_exact,1.0
39340694,Deutschland,DE,dictionary_exact,1.0
39340694,Deutschland,DE,dictionary_exact,1.0
39340694,Deutschland,DE,dictionary_exact,1.0
39340569,Deutschland,DE,dictionary_exact,1.0
39340569,Deutschland,DE,dictionary_exact,1.0
39340569,Deutschland,DE,dictionary_exact,1.0
39340569,Deutschland,DE,dictionary_exact,1.0
39340569,Deutschland,DE,dictionary_exact,1.0
39340552,Deutschland,DE,dictionary_exact,1.0
39340552,Deutschland,DE,dictionary_exact,1.0
39331062,Deutschland,DE,dictionary_exact,1.0
39331062,Deutschland,DE,dictionary_exact,1.0
39327271,Deutschland,DE,dictionary_exact,1.0
39327271,Deutschland,DE,dictionary_exact,1.0
39327271,Deutschland,DE,dictionary_exact,1.0
39327271,Deutschland,DE,dictionary_exact,1.0
39327271,Deutschland,DE,dictionary_exact,1.0
39327271,Deutschland,DE,dictionary_exact,1.0
39326513,Germany,DE,pycountry_exact,0.95
39326513,Germany,DE,pycountry_exact,0.95
39326438,Germany,DE,pycountry_exact,0.95
39326436,Germany,DE,pycountry_exact,0.95
39326436,Germany,DE,pycountry_exact,0.95
39326436,Germany,DE,pycountry_exact,0.95
39326436,Switzerland,CH,pycountry_exact,0.95
39325201,Deutschland,DE,dictionary_exact,1.0
39325201,Deutschland,DE,dictionary_exact,1.0
39325201,Deutschland,DE,dictionary_exact,1.0
39325199,Deutschland,DE,dictionary_exact,1.0
39325199,Deutschland,DE,dictionary_exact,1.0
39322227,Germany,DE,pycountry_exact,0.95
39322227,Germany,DE,pycountry_exact,0.95
39322227,Poland,PL,pycountry_exact,0.95
39322227,Poland,PL,pycountry_exact,0.95
39322227,Germany,DE,pycountry_exact,0.95
39321986,Germany,DE,pycountry_exact,0.95
39321986,Germany,DE,pycountry_exact,0.95
39321986,Germany,DE,pycountry_exact,0.95
39317725,Deutschland,DE,dictionary_exact,1.0
39317725,Deutschland,DE,dictionary_exact,1.0
39317725,Deutschland,DE,dictionary_exact,1.0
39317219,Germany,DE,pycountry_exact,0.95
39317219,Germany,DE,pycountry_exact,0.95
39317219,Germany,DE,pycountry_exact,0.95
39317219,Germany,DE,pycountry_exact,0.95
39317219,Germany,DE,pycountry_exact,0.95
39317219,Germany,DE,pycountry_exact,0.95
39317219,Germany,DE,pycountry_exact,0.95
39317219,Germany,DE,pycountry_exact,0.95
39317219,Germany,DE,pycountry_exact,0.95
39317219,Germany,DE,pycountry_exact,0.95
39317219,Germany,DE,pycountry_exact,0.95
39317219,Germany,DE,pycountry_exact,0.95
39317219,Germany,DE,pycountry_exact,0.95
39317219,Germany,DE,pycountry_exact,0.95
39317219,Germany,DE,pycountry_exact,0.95
39317219,Germany,DE,pycountry_exact,0.95
39317219,Germany,DE,pycountry_exact,0.95
39317219,Germany,DE,pycountry_exact,0.95
39317219,Germany,DE,pycountry_exact,0.95
39317219,Germany,DE,pycountry_exact,0.95
39316180,Deutschland,DE,dictionary_exact,1.0
39316180,Deutschland,DE,dictionary_exact,1.0
39316132,Deutschland,DE,dictionary_exact,1.0
39316132,Deutschland,DE,dictionary_exact,1.0
39316132,Deutschland,DE,dictionary_exact,1.0
39316132,Deutschland,DE,dictionary_exact,1.0
39316132,Deutschland,DE,dictionary_exact,1.0
39316132,Deutschland,DE,dictionary_exact,1.0
39316100,Deutschland,DE,dictionary_exact,1.0
39316100,Deutschland,DE,dictionary_exact,1.0
39316100,Deutschland,DE,dictionary_exact,1.0
39316100,USA,US,dictionary_exact,1.0
39316100,Deutschland,DE,dictionary_exact,1.0
39316100,Deutschland,DE,dictionary_exact,1.0
39316100,Deutschland,DE,dictionary_exact,1.0
39316100,Deutschland,DE,dictionary_exact,1.0
39316100,Deutschland,DE,dictionary_exact,1.0
39316100,Kanada,CA,dictionary_exact,1.0
39316100,Kanada,CA,dictionary_exact,1.0
39316100,Deutschland,DE,dictionary_exact,1.0
39316100,Deutschland,DE,dictionary_exact,1.0
39316100,USA,US,dictionary_exact,1.0
39316100,Deutschland,DE,dictionary_exact,1.0
39316100,USA,US,dictionary_exact,1.0
39316100,Deutschland,DE,dictionary_exact,1.0
39316100,Deutschland,DE,dictionary_exact,1.0
39316100,Deutschland,DE,dictionary_exact,1.0
39316100,Deutschland,DE,dictionary_exact,1.0
39316100,Deutschland,DE,dictionary_exact,1.0
39316100,Deutschland,DE,dictionary_exact,1.0
39316100,Deutschland,DE,dictionary_exact,1.0
39316100,Deutschland,DE,dictionary_exact,1.0
39316088,Deutschland,DE,dictionary_exact,1.0
39316088,Deutschland,DE,dictionary_exact,1.0
39316088,Deutschland,DE,dictionary_exact,1.0
39316075,Deutschland,DE,dictionary_exact,1.0
39316075,Deutschland,DE,dictionary_exact,1.0
39316075,Deutschland,DE,dictionary_exact,1.0
39313604,Deutschland,DE,dictionary_exact,1.0
39313604,Deutschland,DE,dictionary_exact,1.0
39313203,Germany,DE,pycountry_exact,0.95
39311917,Deutschland,DE,dictionary_exact,1.0
39311917,Deutschland,DE,dictionary_exact,1.0
39311917,Deutschland,DE,dictionary_exact,1.0
39304562,Deutschland,DE,dictionary_exact,1.0
39304562,Deutschland,DE,dictionary_exact,1.0
39304562,Deutschland,DE,dictionary_exact,1.0
39302457,Deutschland,DE,dictionary_exact,1.0
39302457,Deutschland,DE,dictionary_exact,1.0
39302457,Deutschland,DE,dictionary_exact,1.0
39302439,Deutschland,DE,dictionary_exact,1.0
39302439,Deutschland,DE,dictionary_exact,1.0
39302439,Deutschland,DE,dictionary_exact,1.0
39302439,Deutschland,DE,dictionary_exact,1.0
39302439,Deutschland,DE,dictionary_exact,1.0
39293465,Germany,DE,pycountry_exact,0.95
39293465,Germany,DE,pycountry_exact,0.95
39293465,Germany,DE,pycountry_exact,0.95
39293464,Germany,DE,pycountry_exact,0.95
39293464,Germany,DE,pycountry_exact,0.95
39293464,Germany,DE,pycountry_exact,0.95
39293464,Germany,DE,pycountry_exact,0.95
39292267,Deutschland,DE,dictionary_exact,1.0
39292267,Deutschland,DE,dictionary_exact,1.0
39292267,Deutschland,DE,dictionary_exact,1.0
39292267,Deutschland,DE,dictionary_exact,1.0
39292267,Deutschland,DE,dictionary_exact,1.0
39288906,Deutschland,DE,dictionary_exact,1.0
39288903,Deutschland,DE,dictionary_exact,1.0
39288903,Deutschland,DE,dictionary_exact,1.0
39288902,Deutschland,DE,dictionary_exact,1.0
39288902,Deutschland,DE,dictionary_exact,1.0
39288902,Deutschland,DE,dictionary_exact,1.0
39288902,Deutschland,DE,dictionary_exact,1.0
39288902,Deutschland,DE,dictionary_exact,1.0
39288902,Deutschland,DE,dictionary_exact,1.0
39287812,Deutschland,DE,dictionary_exact,1.0
39287812,Deutschland,DE,dictionary_exact,1.0
39287812,Deutschland,DE,dictionary_exact,1.0
39287812,Deutschland,DE,dictionary_exact,1.0
39287812,Deutschland,DE,dictionary_exact,1.0
39287812,Deutschland,DE,dictionary_exact,1.0
39287792,Deutschland,DE,dictionary_exact,1.0
39287792,Deutschland,DE,dictionary_exact,1.0
39285096,Deutschland,DE,dictionary_exact,1.0
39285096,Deutschland,DE,dictionary_exact,1.0
39285096,Deutschland,DE,dictionary_exact,1.0
39285096,Deutschland,DE,dictionary_exact,1.0
39285096,Deutschland,DE,dictionary_exact,1.0
39285096,Deutschland,DE,dictionary_exact,1.0
39285096,Deutschland,DE,dictionary_exact,1.0
39285096,Deutschland,DE,dictionary_exact,1.0
39285096,Deutschland,DE,dictionary_exact,1.0
39285096,Deutschland,DE,dictionary_exact,1.0
39285096,Deutschland,DE,dictionary_exact,1.0
39284575,Germany,DE,pycountry_exact,0.95
39284575,Germany,DE,pycountry_exact,0.95
39284575,Germany,DE,pycountry_exact,0.95
39284575,Germany,DE,pycountry_exact,0.95
39284575,Germany,DE,pycountry_exact,0.95
39284574,Germany,DE,pycountry_exact,0.95
39284574,Germany,DE,pycountry_exact,0.95
39284574,Germany,DE,pycountry_exact,0.95
39284347,Deutschland,DE,dictionary_exact,1.0
39284347,Deutschland,DE,dictionary_exact,1.0
39284347,Deutschland,DE,dictionary_exact,1.0
39283513,Deutschland,DE,dictionary_exact,1.0
39283513,Deutschland,DE,dictionary_exact,1.0
39283513,Deutschland,DE,dictionary_exact,1.0
39283513,Deutschland,DE,dictionary_exact,1.0
39283513,Deutschland,DE,dictionary_exact,1.0
39283513,Deutschland,DE,dictionary_exact,1.0
39271543,Deutschland,DE,dictionary_exact,1.0
39271543,Deutschland,DE,dictionary_exact,1.0
39271543,Deutschland,DE,dictionary_exact,1.0
39271100,Germany,DE,pycountry_exact,0.95
39271100,Germany,DE,pycountry_exact,0.95
39271100,Germany,DE,pycountry_exact,0.95
39269527,Deutschland,DE,dictionary_exact,1.0
39269527,Deutschland,DE,dictionary_exact,1.0
39269527,Deutschland,DE,dictionary_exact,1.0
39269527,Deutschland,DE,dictionary_exact,1.0
39261337,Deutschland,DE,dictionary_exact,1.0
39261337,Deutschland,DE,dictionary_exact,1.0
39261337,Deutschland,DE,dictionary_exact,1.0
39261337,Deutschland,DE,dictionary_exact,1.0
39261316,Deutschland,DE,dictionary_exact,1.0
39261316,Deutschland,DE,dictionary_exact,1.0
39260390,Germany,DE,pycountry_exact,0.95
39260378,Universitätsklinikum Leipzig,DE,geonames_word,0.8
39260375,Italy,IT,pycountry_exact,0.95
39260375,Latvia,LV,pycountry_exact,0.95
39260375,Italy,IT,pycountry_exact,0.95
39260375,Austria,AT,pycountry_exact,0.95
39259281,Schweiz,CH,dictionary_exact,1.0
39259281,Schweiz,CH,dictionary_exact,1.0
39255820,Greece,GR,pycountry_exact,0.95
39255820,Germany,DE,pycountry_exact,0.95
39254831,Deutschland,DE,dictionary_exact,1.0
39254831,Deutschland,DE,dictionary_exact,1.0
39254831,Deutschland,DE,dictionary_exact,1.0
39254688,Auenbruggerplatz 4,not found,Not found,0.0
39254688,Auenbruggerplatz 4,not found,Not found,0.0
39251203,Deutschland,DE,dictionary_exact,1.0
39251193,Germany,DE,pycountry_exact,0.95
39251193,Germany,DE,pycountry_exact,0.95
39251193,Germany,DE,pycountry_exact,0.95
39248416,Schweiz,CH,dictionary_exact,1.0
39248416,Schweiz,CH,dictionary_exact,1.0
39248416,Fürstentum Liechtenstein,LI,geonames_word,0.8
39248416,Schweiz,CH,dictionary_exact,1.0
39242086,Italy,IT,pycountry_exact,0.95
39242086,Germany,DE,pycountry_exact,0.95
39242086,Italy,IT,pycountry_exact,0.95
39242086,Italy,IT,pycountry_exact,0.95
39242086,Italy,IT,pycountry_exact,0.95
39240384,Österreich,AT,dictionary_exact,1.0
39240384,Österreich,AT,dictionary_exact,1.0
39240313,Deutschland,DE,dictionary_exact,1.0
39240313,Deutschland,DE,dictionary_exact,1.0
39240313,Deutschland,DE,dictionary_exact,1.0
39240313,Deutschland,DE,dictionary_exact,1.0
39240313,Deutschland,DE,dictionary_exact,1.0
39240313,Germanenstr. 33,FI,geonames_word,0.8
39236740,Germany,DE,pycountry_exact,0.95
39236740,Germany,DE,pycountry_exact,0.95
39235632,Deutschland,DE,dictionary_exact,1.0
39235632,Deutschland,DE,dictionary_exact,1.0
39235523,Deutschland,DE,dictionary_exact,1.0
39235523,Deutschland,DE,dictionary_exact,1.0
39235523,Deutschland,DE,dictionary_exact,1.0
39235523,Deutschland,DE,dictionary_exact,1.0
39235523,Deutschland,DE,dictionary_exact,1.0
39235523,Deutschland,DE,dictionary_exact,1.0
39235523,Deutschland,DE,dictionary_exact,1.0
39235523,Deutschland,DE,dictionary_exact,1.0
39235523,Deutschland,DE,dictionary_exact,1.0
39235523,Deutschland,DE,dictionary_exact,1.0
39231839,Deutschland,DE,dictionary_exact,1.0
39231839,Deutschland,DE,dictionary_exact,1.0
39231839,Deutschland,DE,dictionary_exact,1.0
39231839,Deutschland,DE,dictionary_exact,1.0
39231839,Deutschland,DE,dictionary_exact,1.0
39231839,Deutschland,DE,dictionary_exact,1.0
39231497,Germany,DE,pycountry_exact,0.95
39230770,Schweiz,CH,dictionary_exact,1.0
39230770,Schweiz,CH,dictionary_exact,1.0
39230770,Schweiz,CH,dictionary_exact,1.0
39230727,Deutschland,DE,dictionary_exact,1.0
39230727,Deutschland,DE,dictionary_exact,1.0
39230727,Deutschland,DE,dictionary_exact,1.0
39230577,Deutschland,DE,dictionary_exact,1.0
39230577,Deutschland,DE,dictionary_exact,1.0
39230577,Deutschland,DE,dictionary_exact,1.0
39230577,Deutschland,DE,dictionary_exact,1.0
39227011,Germany,DE,pycountry_exact,0.95
39227011,Germany,DE,pycountry_exact,0.95
39222722,Germany,DE,pycountry_exact,0.95
39222722,Germany,DE,pycountry_exact,0.95
39222722,Germany,DE,pycountry_exact,0.95
39222722,Germany,DE,pycountry_exact,0.95
39222722,Germany,DE,pycountry_exact,0.95
39222722,Germany,DE,pycountry_exact,0.95
39222722,Germany,DE,pycountry_exact,0.95
39222256,Deutschland,DE,dictionary_exact,1.0
39222256,Deutschland,DE,dictionary_exact,1.0
39222256,Deutschland,DE,dictionary_exact,1.0
39214137,Germany,DE,pycountry_exact,0.95
39214137,Germany,DE,pycountry_exact,0.95
39208875,Deutschland,DE,dictionary_exact,1.0
39208875,Deutschland,DE,dictionary_exact,1.0
39208875,Deutschland,DE,dictionary_exact,1.0
39208875,Deutschland,DE,dictionary_exact,1.0
39208875,Deutschland,DE,dictionary_exact,1.0
39208875,Deutsches Zentrum für Lungenforschung (DZL),not found,Not found,0.0
39208875,Deutschland,DE,dictionary_exact,1.0
39208874,Germany,DE,pycountry_exact,0.95
39208874,Germany,DE,pycountry_exact,0.95
39207470,Deutschland,DE,dictionary_exact,1.0
39207470,Schweiz,CH,dictionary_exact,1.0
39207470,Deutschland,DE,dictionary_exact,1.0
39207470,Deutschland,DE,dictionary_exact,1.0
39207470,Deutschland,DE,dictionary_exact,1.0
39207470,Deutschland,DE,dictionary_exact,1.0
39196361,Deutschland,DE,dictionary_exact,1.0
39196361,Deutschland,DE,dictionary_exact,1.0
39194019,Schweiz,CH,dictionary_exact,1.0
39194019,Schweiz,CH,dictionary_exact,1.0
39192811,Deutschland,DE,dictionary_exact,1.0
39192811,Deutschland,DE,dictionary_exact,1.0
39192811,Deutschland,DE,dictionary_exact,1.0
39192811,Deutschland,DE,dictionary_exact,1.0
39191386,Deutschland,DE,dictionary_exact,1.0
39191386,Deutschland,DE,dictionary_exact,1.0
39191386,Kyrgyzstan,KG,dictionary_exact,1.0
39191386,Kazakhstan,KZ,dictionary_exact,1.0
39191386,Deutschland,DE,dictionary_exact,1.0
39191385,Deutschland,DE,dictionary_exact,1.0
39191385,Deutschland,DE,dictionary_exact,1.0
39191374,Germany,DE,pycountry_exact,0.95
39191374,Germany,DE,pycountry_exact,0.95
39187244,Germany,DE,pycountry_exact,0.95
39187244,Germany,DE,pycountry_exact,0.95
39187243,Germany,DE,pycountry_exact,0.95
39187243,Germany,DE,pycountry_exact,0.95
39187243,AG Versorgungsforschung,MY,geonames_word,0.8
39187243,Germany,DE,pycountry_exact,0.95
39187243,Germany,DE,pycountry_exact,0.95
39187243,Germany,DE,pycountry_exact,0.95
39187243,Germany,DE,pycountry_exact,0.95
39187243,Germany,DE,pycountry_exact,0.95
39187243,Germany,DE,pycountry_exact,0.95
39187243,Germany,DE,pycountry_exact,0.95
39187240,Deutschland,DE,dictionary_exact,1.0
39187240,Deutschland,DE,dictionary_exact,1.0
39186106,Deutschland,DE,dictionary_exact,1.0
39186106,Deutschland,DE,dictionary_exact,1.0
39186106,Deutschland,DE,dictionary_exact,1.0
39186106,Deutschland,DE,dictionary_exact,1.0
39186106,Deutschland,DE,dictionary_exact,1.0
39186106,Deutschland,DE,dictionary_exact,1.0
39186106,Deutschland,DE,dictionary_exact,1.0
39186106,Deutschland,DE,dictionary_exact,1.0
39186106,Deutschland,DE,dictionary_exact,1.0
39186106,Deutschland,DE,dictionary_exact,1.0
39179699,Deutschland,DE,dictionary_exact,1.0
39179699,Deutschland,DE,dictionary_exact,1.0
39179699,Deutschland,DE,dictionary_exact,1.0
39179699,Deutschland,DE,dictionary_exact,1.0
39174813,Deutschland,DE,dictionary_exact,1.0
39174813,Deutschland,DE,dictionary_exact,1.0
39172276,Deutschland,DE,dictionary_exact,1.0
39172276,Deutschland,DE,dictionary_exact,1.0
39172252,Deutschland,DE,dictionary_exact,1.0
39172252,Deutschland,DE,dictionary_exact,1.0
39172252,Dänemark,DK,dictionary_exact,1.0
39172252,Deutschland,DE,dictionary_exact,1.0
39172252,Deutschland,DE,dictionary_exact,1.0
39172252,Deutschland,DE,dictionary_exact,1.0
39172252,Deutschland,DE,dictionary_exact,1.0
39172252,Deutschland,DE,dictionary_exact,1.0
39172252,Deutschland,DE,dictionary_exact,1.0
39172252,Deutschland,DE,dictionary_exact,1.0
39172252,Deutschland,DE,dictionary_exact,1.0
39172252,Deutschland,DE,dictionary_exact,1.0
39172252,Deutschland,DE,dictionary_exact,1.0
39172252,Deutschland,DE,dictionary_exact,1.0
39172251,Deutschland,DE,dictionary_exact,1.0
39172251,Deutschland,DE,dictionary_exact,1.0
39172251,Deutschland,DE,dictionary_exact,1.0
39172251,Deutschland,DE,dictionary_exact,1.0
39172251,Deutschland,DE,dictionary_exact,1.0
39172251,Deutschland,DE,dictionary_exact,1.0
39172251,Deutschland,DE,dictionary_exact,1.0
39172251,Deutschland,DE,dictionary_exact,1.0
39172251,Deutschland,DE,dictionary_exact,1.0
39172251,Deutschland,DE,dictionary_exact,1.0
39172251,Deutschland,DE,dictionary_exact,1.0
39172251,Deutschland,DE,dictionary_exact,1.0
39172251,Deutschland,DE,dictionary_exact,1.0
39172251,Schweiz,CH,dictionary_exact,1.0
39172251,Deutschland,DE,dictionary_exact,1.0
39171355,Deutschland,DE,dictionary_exact,1.0
39168132,Germany,DE,pycountry_exact,0.95
39168132,Germany,DE,pycountry_exact,0.95
39168130,Deutschland,DE,dictionary_exact,1.0
39168130,Deutschland,DE,dictionary_exact,1.0
39168130,Deutschland,DE,dictionary_exact,1.0
39168130,Deutschland,DE,dictionary_exact,1.0
39168130,Deutschland,DE,dictionary_exact,1.0
39168130,Deutschland,DE,dictionary_exact,1.0
39167217,Deutschland,DE,dictionary_exact,1.0
39167217,Deutschland,DE,dictionary_exact,1.0
39167217,Deutschland,DE,dictionary_exact,1.0
39167217,Deutschland,DE,dictionary_exact,1.0
39167217,Deutschland,DE,dictionary_exact,1.0
39163885,Germany,DE,pycountry_exact,0.95
39163885,Germany,DE,pycountry_exact,0.95
39163885,Germany,DE,pycountry_exact,0.95
39163884,Austria,AT,pycountry_exact,0.95
39163884,Austria,AT,pycountry_exact,0.95
39150508,Deutschland,DE,dictionary_exact,1.0
39150508,Deutschland,DE,dictionary_exact,1.0
39146969,Deutschland,DE,dictionary_exact,1.0
39146969,Deutschland,DE,dictionary_exact,1.0
39146969,Deutschland,DE,dictionary_exact,1.0
39146969,Deutschland,DE,dictionary_exact,1.0
39146969,Deutschland,DE,dictionary_exact,1.0
39146969,Deutschland,DE,dictionary_exact,1.0
39146969,Deutschland,DE,dictionary_exact,1.0
39146969,Deutschland,DE,dictionary_exact,1.0
39146967,Deutschland,DE,dictionary_exact,1.0
39146966,Germany,DE,pycountry_exact,0.95
39146966,Germany,DE,pycountry_exact,0.95
39146966,Germany,DE,pycountry_exact,0.95
39146966,Germany,DE,pycountry_exact,0.95
39146966,Germany,DE,pycountry_exact,0.95
39146966,Germany,DE,pycountry_exact,0.95
39146965,Germany,DE,pycountry_exact,0.95
39146965,Germany,DE,pycountry_exact,0.95
39146965,Germany,DE,pycountry_exact,0.95
39146965,Germany,DE,pycountry_exact,0.95
39146965,Germany,DE,pycountry_exact,0.95
39146965,Germany,DE,pycountry_exact,0.95
39146965,Philipps-Universität Marburg,DE,geonames_word,0.8
39143420,Deutschland,DE,dictionary_exact,1.0
39143420,Deutschland,DE,dictionary_exact,1.0
39143420,Deutschland,DE,dictionary_exact,1.0
39143420,Deutschland,DE,dictionary_exact,1.0
39143314,Deutschland,DE,dictionary_exact,1.0
39143314,Deutschland,DE,dictionary_exact,1.0
39142351,Germany,DE,pycountry_exact,0.95
39142351,Germany,DE,pycountry_exact,0.95
39141095,Schweiz,CH,dictionary_exact,1.0
39141095,Schweiz,CH,dictionary_exact,1.0
39141095,Schweiz,CH,dictionary_exact,1.0
39137922,Germany,DE,pycountry_exact,0.95
39137922,Germany,DE,pycountry_exact,0.95
39137922,Germany,DE,pycountry_exact,0.95
39137922,Germany,DE,pycountry_exact,0.95
39137922,Germany,DE,pycountry_exact,0.95
39137922,Germany,DE,pycountry_exact,0.95
39137922,Germany,DE,pycountry_exact,0.95
39136716,Deutschland,DE,dictionary_exact,1.0
39136716,Deutschland,DE,dictionary_exact,1.0
39134805,Deutschland,DE,dictionary_exact,1.0
39134805,Deutschland,DE,dictionary_exact,1.0
39134805,Deutschland,DE,dictionary_exact,1.0
39134031,Deutschland,DE,dictionary_exact,1.0
39134031,Deutschland,DE,dictionary_exact,1.0
39112595,Deutschland,DE,dictionary_exact,1.0
39112595,Deutschland,DE,dictionary_exact,1.0
39112595,Deutschland,DE,dictionary_exact,1.0
39112595,Deutschland,DE,dictionary_exact,1.0
39112595,Deutschland,DE,dictionary_exact,1.0
39112595,Deutschland,DE,dictionary_exact,1.0
39112595,Deutschland,DE,dictionary_exact,1.0
39106897,Deutschland,DE,dictionary_exact,1.0
39106884,Switzerland,CH,pycountry_exact,0.95
39102848,Germany,DE,pycountry_exact,0.95
39102848,Germany,DE,pycountry_exact,0.95
39102847,Germany,DE,pycountry_exact,0.95
39102837,Deutschland,DE,dictionary_exact,1.0
39102837,Deutschland,DE,dictionary_exact,1.0
39102837,Deutschland,DE,dictionary_exact,1.0
39102837,Deutschland,DE,dictionary_exact,1.0
39102837,Deutschland,DE,dictionary_exact,1.0
39089323,Deutschland,DE,dictionary_exact,1.0
39089323,Deutschland,DE,dictionary_exact,1.0
39089323,Deutschland,DE,dictionary_exact,1.0
39089323,Deutschland,DE,dictionary_exact,1.0
39079692,Germany,DE,pycountry_exact,0.95
39079690,Deutschland,DE,dictionary_exact,1.0
39074805,Deutschland,DE,dictionary_exact,1.0
39074805,Köln,DE,geonames_exact,0.9
39074804,Deutschland,DE,dictionary_exact,1.0
39074804,Deutschland,DE,dictionary_exact,1.0
39074804,Deutschland,DE,dictionary_exact,1.0
39074798,Germany,DE,pycountry_exact,0.95
39058409,Deutschland,DE,dictionary_exact,1.0
39058409,Deutschland,DE,dictionary_exact,1.0
39053640,Germany,DE,pycountry_exact,0.95
39053640,Germany,DE,pycountry_exact,0.95
39053639,Germany,DE,pycountry_exact,0.95
39053502,Germany,DE,pycountry_exact,0.95
39053502,Germany,DE,pycountry_exact,0.95
39053502,Germany,DE,pycountry_exact,0.95
39053502,Germany,DE,pycountry_exact,0.95
39053502,Germany,DE,pycountry_exact,0.95
39053502,Germany,DE,pycountry_exact,0.95
39053502,Germany,DE,pycountry_exact,0.95
39053502,Germany,DE,pycountry_exact,0.95
39053502,Germany,DE,pycountry_exact,0.95
39053502,Germany,DE,pycountry_exact,0.95
39053502,Germany,DE,pycountry_exact,0.95
39053502,Germany,DE,pycountry_exact,0.95
39053502,Germany,DE,pycountry_exact,0.95
39052047,Deutschland,DE,dictionary_exact,1.0
39052047,Deutschland,DE,dictionary_exact,1.0
39052047,Charitéplatz 1,not found,Not found,0.0
39047783,Germany,DE,pycountry_exact,0.95
39047783,Germany,DE,pycountry_exact,0.95
39038456,Deutschland,DE,dictionary_exact,1.0
39037486,Deutschland,DE,dictionary_exact,1.0
39037486,Slowakei,SK,dictionary_exact,1.0
39037486,Deutschland,DE,dictionary_exact,1.0
39037486,Italien,IT,dictionary_exact,1.0
39037486,Deutschland,DE,dictionary_exact,1.0
39029511,Germany,DE,pycountry_exact,0.95
39025473,Germany,DE,pycountry_exact,0.95
39025473,Germany,DE,pycountry_exact,0.95
39025473,Germany,DE,pycountry_exact,0.95
39023317,Schweiz,CH,dictionary_exact,1.0
39023317,Schweiz,CH,dictionary_exact,1.0
39023317,Schweiz,CH,dictionary_exact,1.0
39020096,Deutschland,DE,dictionary_exact,1.0
39020096,Deutschland,DE,dictionary_exact,1.0
39012480,Deutschland,DE,dictionary_exact,1.0
39012480,Deutschland,DE,dictionary_exact,1.0
39012480,Deutschland,DE,dictionary_exact,1.0
39009032,Germany,DE,pycountry_exact,0.95
39009032,Germany,DE,pycountry_exact,0.95
39009032,Germany,DE,pycountry_exact,0.95
39009032,Switzerland,CH,pycountry_exact,0.95
39009032,Germany,DE,pycountry_exact,0.95
39009032,Germany,DE,pycountry_exact,0.95
39009032,Germany,DE,pycountry_exact,0.95
39009032,Germany,DE,pycountry_exact,0.95
39009032,Germany,DE,pycountry_exact,0.95
39009032,Germany,DE,pycountry_exact,0.95
39009032,Germany,DE,pycountry_exact,0.95
39009032,Germany,DE,pycountry_exact,0.95
39009032,Germany,DE,pycountry_exact,0.95
39009032,Germany,DE,pycountry_exact,0.95
39009032,Germany,DE,pycountry_exact,0.95
39009032,Germany,DE,pycountry_exact,0.95
39009032,Germany,DE,pycountry_exact,0.95
39009032,Germany,DE,pycountry_exact,0.95
39009032,Germany,DE,pycountry_exact,0.95
39009032,Germany,DE,pycountry_exact,0.95
39009032,Germany,DE,pycountry_exact,0.95
39009032,Germany,DE,pycountry_exact,0.95
39009032,Germany,DE,pycountry_exact,0.95
38996446,Germany,DE,pycountry_exact,0.95
38996446,Germany,DE,pycountry_exact,0.95
38996434,Deutschland,DE,dictionary_exact,1.0
38996433,Justus-Liebig-Universität Gießen,DE,geonames_word,0.8
38996433,Lübeck/Großhansdorf,not found,Not found,0.0
38996433,Deutsches Zentrum für Lungenforschung,not found,Not found,0.0
38996433,Philipps-Universität Marburg - Fachbereich Medizin,DE,geonames_word,0.8
38996433,Deutschland,DE,dictionary_exact,1.0
38996432,Deutschland,DE,dictionary_exact,1.0
38996431,Germany,DE,pycountry_exact,0.95
38996430,Schweiz,CH,dictionary_exact,1.0
38996430,Schweiz,CH,dictionary_exact,1.0
38985295,Deutschland,DE,dictionary_exact,1.0
38985295,Deutschland,DE,dictionary_exact,1.0
38985176,Deutschland,DE,dictionary_exact,1.0
38985176,Deutschland,DE,dictionary_exact,1.0
38985176,Deutschland,DE,dictionary_exact,1.0
38985176,Deutschland,DE,dictionary_exact,1.0
38985176,Deutschland,DE,dictionary_exact,1.0
38985176,Deutschland,DE,dictionary_exact,1.0
38981926,Deutschland,DE,dictionary_exact,1.0
38981926,Medizinische Klinik V Nephrologie,not found,Not found,0.0
38981926,Rheumatologie,not found,Not found,0.0
38981926,Deutschland,DE,dictionary_exact,1.0
38981926,Medizinische Klinik V Nephrologie,not found,Not found,0.0
38981926,Rheumatologie,not found,Not found,0.0
38981926,Deutschland,DE,dictionary_exact,1.0
38981676,Austria,AT,pycountry_exact,0.95
38981676,Austria,AT,pycountry_exact,0.95
38977005,Schweiz,CH,dictionary_exact,1.0
38977005,Schweiz,CH,dictionary_exact,1.0
38968964,Germany,DE,pycountry_exact,0.95
38968964,Germany,DE,pycountry_exact,0.95
38965073,Deutschland,DE,dictionary_exact,1.0
38965073,Deutschland,DE,dictionary_exact,1.0
38965073,Deutschland,DE,dictionary_exact,1.0
38965073,Deutschland,DE,dictionary_exact,1.0
38965073,Deutschland,DE,dictionary_exact,1.0
38965072,Deutschland,DE,dictionary_exact,1.0
38965072,Deutschland,DE,dictionary_exact,1.0
38959954,Germany,DE,pycountry_exact,0.95
38959952,Deutschland,DE,dictionary_exact,1.0
38959952,Deutschland,DE,dictionary_exact,1.0
38959950,Deutschland,DE,dictionary_exact,1.0
38959949,Germany,DE,pycountry_exact,0.95
38959949,Hungary,HU,pycountry_exact,0.95
38959947,Germany,DE,pycountry_exact,0.95
38959947,Germany,DE,pycountry_exact,0.95
38953920,Deutschland,DE,dictionary_exact,1.0
38953920,Deutschland,DE,dictionary_exact,1.0
38953920,Deutschland,DE,dictionary_exact,1.0
38953920,Deutschland,DE,dictionary_exact,1.0
38953920,Deutschland,DE,dictionary_exact,1.0
38953920,Deutschland,DE,dictionary_exact,1.0
38953920,Deutschland,DE,dictionary_exact,1.0
38953920,Deutschland,DE,dictionary_exact,1.0
38953920,Deutschland,DE,dictionary_exact,1.0
38942032,Germany,DE,pycountry_exact,0.95
38942032,Germany,DE,pycountry_exact,0.95
38942032,Germany,DE,pycountry_exact,0.95
38942032,Germany,DE,pycountry_exact,0.95
38940836,Deutschland,DE,dictionary_exact,1.0
38940836,Deutschland,DE,dictionary_exact,1.0
38926201,Deutschland,DE,dictionary_exact,1.0
38926201,Deutschland,DE,dictionary_exact,1.0
38926201,Deutschland,DE,dictionary_exact,1.0
38926201,Deutschland,DE,dictionary_exact,1.0
38926201,Deutschland,DE,dictionary_exact,1.0
38917849,Germany,DE,pycountry_exact,0.95
38917849,Germany,DE,pycountry_exact,0.95
38917849,Germany,DE,pycountry_exact,0.95
38916655,Deutschland,DE,dictionary_exact,1.0
38916655,Deutschland,DE,dictionary_exact,1.0
38916655,Deutschland,DE,dictionary_exact,1.0
38916655,Deutschland,DE,dictionary_exact,1.0
38916655,Deutschland,DE,dictionary_exact,1.0
38916655,Deutschland,DE,dictionary_exact,1.0
38906159,Germany,DE,pycountry_exact,0.95
38906159,Germany,DE,pycountry_exact,0.95
38906159,Germany,DE,pycountry_exact,0.95
38906159,Austria,AT,pycountry_exact,0.95
38906159,Germany,DE,pycountry_exact,0.95
38906159,Germany,DE,pycountry_exact,0.95
38906159,Germany,DE,pycountry_exact,0.95
38906159,Germany,DE,pycountry_exact,0.95
38906159,Germany,DE,pycountry_exact,0.95
38906159,Germany,DE,pycountry_exact,0.95
38906159,Germany,DE,pycountry_exact,0.95
38901437,Germany,DE,pycountry_exact,0.95
38901437,Germany,DE,pycountry_exact,0.95
38901437,Germany,DE,pycountry_exact,0.95
38889762,Deutschland,DE,dictionary_exact,1.0
38889761,Schweiz,CH,dictionary_exact,1.0
38889761,Schweiz,CH,dictionary_exact,1.0
38887916,Deutschland,DE,dictionary_exact,1.0
38866033,Germany,DE,pycountry_exact,0.95
38866033,Germany,DE,pycountry_exact,0.95
38863163,Germany,DE,pycountry_exact,0.95
38861032,Deutschland,DE,dictionary_exact,1.0
38861032,Deutschland,DE,dictionary_exact,1.0
38861032,Deutschland,DE,dictionary_exact,1.0
38861032,Deutschland,DE,dictionary_exact,1.0
38861032,Deutschland,DE,dictionary_exact,1.0
38861032,Deutschland,DE,dictionary_exact,1.0
38861032,Deutschland,DE,dictionary_exact,1.0
38843816,Germany,DE,pycountry_exact,0.95
38843816,Germany,DE,pycountry_exact,0.95
38843815,Germany,DE,pycountry_exact,0.95
38843815,Germany,DE,pycountry_exact,0.95
38843815,Germany,DE,pycountry_exact,0.95
38843815,Germany,DE,pycountry_exact,0.95
38830381,Germany,DE,pycountry_exact,0.95
38830381,Germany,DE,pycountry_exact,0.95
38830381,Germany,DE,pycountry_exact,0.95
38830381,Germany,DE,pycountry_exact,0.95
38830381,Germany,DE,pycountry_exact,0.95
38830381,Germany,DE,pycountry_exact,0.95
38829524,Deutschland,DE,dictionary_exact,1.0
38829524,Deutschland,DE,dictionary_exact,1.0
38829524,Deutschland,DE,dictionary_exact,1.0
38829524,Deutschland,DE,dictionary_exact,1.0
38829524,Deutschland,DE,dictionary_exact,1.0
38829524,Deutschland,DE,dictionary_exact,1.0
38829524,Deutschland,DE,dictionary_exact,1.0
38810966,Deutschland,DE,dictionary_exact,1.0
38810966,Deutschland,DE,dictionary_exact,1.0
38810966,Deutschland,DE,dictionary_exact,1.0
38810966,Deutschland,DE,dictionary_exact,1.0
38810966,Deutschland,DE,dictionary_exact,1.0
38810966,Deutschland,DE,dictionary_exact,1.0
38810966,Deutschland,DE,dictionary_exact,1.0
38810966,Deutschland,DE,dictionary_exact,1.0
38810966,Deutschland,DE,dictionary_exact,1.0
38810966,Deutschland,DE,dictionary_exact,1.0
38810966,Deutschland,DE,dictionary_exact,1.0
38810966,Deutschland,DE,dictionary_exact,1.0
38810966,Deutschland,DE,dictionary_exact,1.0
38810966,Deutschland,DE,dictionary_exact,1.0
38810966,Deutschland,DE,dictionary_exact,1.0
38810966,Deutschland,DE,dictionary_exact,1.0
38809026,Deutschland,DE,dictionary_exact,1.0
38806813,Deutschland,DE,dictionary_exact,1.0
38806813,Deutschland,DE,dictionary_exact,1.0
38806813,Deutschland,DE,dictionary_exact,1.0
38806813,Deutschland,DE,dictionary_exact,1.0
38806813,Deutschland,DE,dictionary_exact,1.0
38806813,Deutschland,DE,dictionary_exact,1.0
38806150,Germany,DE,pycountry_exact,0.95
38806150,Germany,DE,pycountry_exact,0.95
38802077,Deutschland,DE,dictionary_exact,1.0
38802072,Deutschland,DE,dictionary_exact,1.0
38782000,Deutschland,DE,dictionary_exact,1.0
38782000,Deutschland,DE,dictionary_exact,1.0
38782000,Deutschland,DE,dictionary_exact,1.0
38782000,Deutschland,DE,dictionary_exact,1.0
38782000,Deutschland,DE,dictionary_exact,1.0
38782000,Deutschland,DE,dictionary_exact,1.0
38782000,Deutschland,DE,dictionary_exact,1.0
38782000,Deutschland,DE,dictionary_exact,1.0
38782000,United States,US,dictionary_exact,1.0
38761228,Schweiz,CH,dictionary_exact,1.0
38761228,Schweiz,CH,dictionary_exact,1.0
38758224,Deutschland,DE,dictionary_exact,1.0
38758224,Deutschland,DE,dictionary_exact,1.0
38758224,Deutschland,DE,dictionary_exact,1.0
38758224,Deutschland,DE,dictionary_exact,1.0
38758224,Deutschland,DE,dictionary_exact,1.0
38749453,Mannheim,DE,geonames_exact,0.9
38749453,Mannheim,DE,geonames_exact,0.9
38749453,Schweiz,CH,dictionary_exact,1.0
38749430,Germany,DE,pycountry_exact,0.95
38749430,Germany,DE,pycountry_exact,0.95
38748078,Deutschland,DE,dictionary_exact,1.0
38748078,Deutschland,DE,dictionary_exact,1.0
38748078,Deutschland,DE,dictionary_exact,1.0
38740593,Deutschland,DE,dictionary_exact,1.0
38740593,Deutschland,DE,dictionary_exact,1.0
38740593,Deutschland,DE,dictionary_exact,1.0
38740593,Deutschland,DE,dictionary_exact,1.0
38740593,Deutschland,DE,dictionary_exact,1.0
38730094,Deutschland,DE,dictionary_exact,1.0
38718817,Germany,DE,pycountry_exact,0.95
38718817,Germany,DE,pycountry_exact,0.95
38718817,Germany,DE,pycountry_exact,0.95
38718817,Germany,DE,pycountry_exact,0.95
38718817,Germany,DE,pycountry_exact,0.95
38718817,Germany,DE,pycountry_exact,0.95
38718817,Germany,DE,pycountry_exact,0.95
38718817,Germany,DE,pycountry_exact,0.95
38717505,Deutschland,DE,dictionary_exact,1.0
38717505,Deutschland,DE,dictionary_exact,1.0
38717505,USA,US,dictionary_exact,1.0
38717505,Deutschland,DE,dictionary_exact,1.0
38717505,Niederlande,NL,dictionary_exact,1.0
38717505,Deutschland,DE,dictionary_exact,1.0
38717505,Deutschland,DE,dictionary_exact,1.0
38714307,Germany,DE,pycountry_exact,0.95
38714307,Germany,DE,pycountry_exact,0.95
38714307,Germany,DE,pycountry_exact,0.95
38714307,Germany,DE,pycountry_exact,0.95
38714307,Germany,DE,pycountry_exact,0.95
38713210,Deutschland,DE,dictionary_exact,1.0
38713210,Deutschland,DE,dictionary_exact,1.0
38713210,Deutschland,DE,dictionary_exact,1.0
38710229,Germany,DE,pycountry_exact,0.95
38710228,Germany,DE,pycountry_exact,0.95
38710228,Germany,DE,pycountry_exact,0.95
38710228,Germany,DE,pycountry_exact,0.95
38710228,Germany,DE,pycountry_exact,0.95
38710228,Germany,DE,pycountry_exact,0.95
38710228,Germany,DE,pycountry_exact,0.95
38710228,Germany,DE,pycountry_exact,0.95
38710228,Germany,DE,pycountry_exact,0.95
38710228,Germany,DE,pycountry_exact,0.95
38710228,Germany,DE,pycountry_exact,0.95
38710228,Germany,DE,pycountry_exact,0.95
38710228,Germany,DE,pycountry_exact,0.95
38710228,Germany,DE,pycountry_exact,0.95
38710228,Germany,DE,pycountry_exact,0.95
38710228,Germany,DE,pycountry_exact,0.95
38710228,Germany,DE,pycountry_exact,0.95
38710228,Germany,DE,pycountry_exact,0.95
38710228,Germany,DE,pycountry_exact,0.95
38710228,Germany,DE,pycountry_exact,0.95
38710228,Germany,DE,pycountry_exact,0.95
38710228,Germany,DE,pycountry_exact,0.95
38710228,Germany,DE,pycountry_exact,0.95
38700582,Deutschland,DE,dictionary_exact,1.0
38700582,Deutschland,DE,dictionary_exact,1.0
38700582,Deutschland,DE,dictionary_exact,1.0
38695898,Schweiz,CH,dictionary_exact,1.0
38695898,Österreich,AT,dictionary_exact,1.0
38695898,Deutschland,DE,dictionary_exact,1.0
38695898,Schweiz,CH,dictionary_exact,1.0
38695187,Hochschule Osnabrück,DE,geonames_word,0.8
38653784,Deutschland,DE,dictionary_exact,1.0
38653784,Deutschland,DE,dictionary_exact,1.0
38653784,Deutschland,DE,dictionary_exact,1.0
38653784,Deutschland,DE,dictionary_exact,1.0
38653784,Deutschland,DE,dictionary_exact,1.0
38653784,Großbritannien,GB,dictionary_exact,1.0
38653784,Großbritannien,GB,dictionary_exact,1.0
38653458,Deutschland,DE,dictionary_exact,1.0
38653458,Deutschland,DE,dictionary_exact,1.0
38653457,Germany,DE,pycountry_exact,0.95
38652144,Deutschland,DE,dictionary_exact,1.0
38651458,Deutschland,DE,dictionary_exact,1.0
38651458,Deutschland,DE,dictionary_exact,1.0
38649496,Deutschland,DE,dictionary_exact,1.0
38649496,Deutschland,DE,dictionary_exact,1.0
38647666,Österreich,AT,dictionary_exact,1.0
38647666,Österreich,AT,dictionary_exact,1.0
38647666,Deutschland,DE,dictionary_exact,1.0
38639823,Deutschland,DE,dictionary_exact,1.0
38639823,Deutschland,DE,dictionary_exact,1.0
38634866,Deutschland,DE,dictionary_exact,1.0
38621696,Deutschland,DE,dictionary_exact,1.0
38604607,Germany,DE,pycountry_exact,0.95
38604607,Germany,DE,pycountry_exact,0.95
38604607,Germany,DE,pycountry_exact,0.95
38604234,Campus Charité Mitte,DE,geonames_word,0.8
38604234,Deutschland,DE,dictionary_exact,1.0
38602301,Österreich,AT,dictionary_exact,1.0
38602301,Österreich,AT,dictionary_exact,1.0
38602301,Österreich,AT,dictionary_exact,1.0
38602124,Schweiz,CH,dictionary_exact,1.0
38602124,Schweiz,CH,dictionary_exact,1.0
38592743,Österreich,AT,dictionary_exact,1.0
38592743,Österreich,AT,dictionary_exact,1.0
38592522,Deutschland,DE,dictionary_exact,1.0
38592522,Deutschland,DE,dictionary_exact,1.0
38592522,Deutschland,DE,dictionary_exact,1.0
38592522,Deutschland,DE,dictionary_exact,1.0
38592522,Deutschland,DE,dictionary_exact,1.0
38547902,Germany,DE,pycountry_exact,0.95
38547902,Germany,DE,pycountry_exact,0.95
38547902,Germany,DE,pycountry_exact,0.95
38547902,Germany,DE,pycountry_exact,0.95
38547902,Germany,DE,pycountry_exact,0.95
38546863,Schweiz,CH,dictionary_exact,1.0
38546863,Schweiz,CH,dictionary_exact,1.0
38536423,Deutschland,DE,dictionary_exact,1.0
38536423,Deutschland,DE,dictionary_exact,1.0
38536423,Deutschland,DE,dictionary_exact,1.0
38536423,Deutschland,DE,dictionary_exact,1.0
38536423,Deutschland,DE,dictionary_exact,1.0
38536423,Deutschland,DE,dictionary_exact,1.0
38536423,Deutschland,DE,dictionary_exact,1.0
38531372,Deutschland,DE,dictionary_exact,1.0
38531372,Deutschland,DE,dictionary_exact,1.0
38517609,Österreich,AT,dictionary_exact,1.0
38517238,Schweiz,CH,dictionary_exact,1.0
38517238,Schweiz,CH,dictionary_exact,1.0
38517238,Schweiz,CH,dictionary_exact,1.0
38517238,Schweiz,CH,dictionary_exact,1.0
38467151,Germany,DE,pycountry_exact,0.95
38467151,Germany,DE,pycountry_exact,0.95
38467151,Germany,DE,pycountry_exact,0.95
38459360,Schweiz,CH,dictionary_exact,1.0
38459360,Schweiz,CH,dictionary_exact,1.0
38459360,Schweiz,CH,dictionary_exact,1.0
38459360,Schweiz,CH,dictionary_exact,1.0
38459360,Schweiz,CH,dictionary_exact,1.0
38459268,Deutschland,DE,dictionary_exact,1.0
38459268,Deutschland,DE,dictionary_exact,1.0
38456996,Deutschland,DE,dictionary_exact,1.0
38456996,Deutschland,DE,dictionary_exact,1.0
38456996,Deutschland,DE,dictionary_exact,1.0
38456996,Deutschland,DE,dictionary_exact,1.0
38453733,Deutschland,DE,dictionary_exact,1.0
38453733,Deutschland,DE,dictionary_exact,1.0
38453733,Deutschland,DE,dictionary_exact,1.0
38453733,Deutschland,DE,dictionary_exact,1.0
38453733,Deutschland,DE,dictionary_exact,1.0
38453733,Deutschland,DE,dictionary_exact,1.0
38453733,Deutschland,DE,dictionary_exact,1.0
38453733,Deutschland,DE,dictionary_exact,1.0
38452808,Germany,DE,pycountry_exact,0.95
38452808,Germany,DE,pycountry_exact,0.95
38452808,Germany,DE,pycountry_exact,0.95
38452808,Germany,DE,pycountry_exact,0.95
38450503,Deutschland,DE,dictionary_exact,1.0
38450503,Deutschland,DE,dictionary_exact,1.0
38450503,Deutschland,DE,dictionary_exact,1.0
38436744,Australien,AU,dictionary_exact,1.0
38436744,Kanada,CA,dictionary_exact,1.0
38436744,Australien,AU,dictionary_exact,1.0
38436744,Australien,AU,dictionary_exact,1.0
38436744,Kanada,CA,dictionary_exact,1.0
38421382,Deutschland,DE,dictionary_exact,1.0
38420928,Deutschland,DE,dictionary_exact,1.0
38420928,Deutschland,DE,dictionary_exact,1.0
38411152,Deutschland,DE,dictionary_exact,1.0
38411152,Deutschland,DE,dictionary_exact,1.0
38411152,Deutschland,DE,dictionary_exact,1.0
38393352,Österreich,AT,dictionary_exact,1.0
38393352,Österreich,AT,dictionary_exact,1.0
38386035,Deutschland,DE,dictionary_exact,1.0
38386035,Deutschland,DE,dictionary_exact,1.0
38382563,Deutschland,DE,dictionary_exact,1.0
38382563,Deutschland,DE,dictionary_exact,1.0
38382563,Deutschland,DE,dictionary_exact,1.0
38382563,Deutschland,DE,dictionary_exact,1.0
38382563,Deutschland,DE,dictionary_exact,1.0
38382563,Deutschland,DE,dictionary_exact,1.0
38382563,Deutschland,DE,dictionary_exact,1.0
38382563,Deutschland,DE,dictionary_exact,1.0
38382563,Deutschland,DE,dictionary_exact,1.0
38382563,Deutschland,DE,dictionary_exact,1.0
38382561,Deutschland,DE,dictionary_exact,1.0
38382561,Deutschland,DE,dictionary_exact,1.0
38381187,USA,US,dictionary_exact,1.0
38381187,USA,US,dictionary_exact,1.0
38381187,USA,US,dictionary_exact,1.0
38381187,USA,US,dictionary_exact,1.0
38381187,USA,US,dictionary_exact,1.0
38381187,USA,US,dictionary_exact,1.0
38381187,USA,US,dictionary_exact,1.0
38381187,USA,US,dictionary_exact,1.0
38381187,USA,US,dictionary_exact,1.0
38381187,USA,US,dictionary_exact,1.0
38381187,USA,US,dictionary_exact,1.0
38381187,USA,US,dictionary_exact,1.0
38381187,USA,US,dictionary_exact,1.0
38381187,USA,US,dictionary_exact,1.0
38381187,USA,US,dictionary_exact,1.0
38351150,Deutschland,DE,dictionary_exact,1.0
38345648,Deutschland,DE,dictionary_exact,1.0
38345648,Deutschland,DE,dictionary_exact,1.0
38234247,Deutschland,DE,dictionary_exact,1.0
38234247,Deutschland,DE,dictionary_exact,1.0
38234247,Deutschland,DE,dictionary_exact,1.0
38224690,Germany,DE,pycountry_exact,0.95
38224690,Germany,DE,pycountry_exact,0.95
38224690,Germany,DE,pycountry_exact,0.95
38224690,Germany,DE,pycountry_exact,0.95
38197292,Deutschland,DE,dictionary_exact,1.0
38197292,Deutschland,DE,dictionary_exact,1.0
38194114,Deutschland,DE,dictionary_exact,1.0
38194114,Tschechien,CZ,dictionary_exact,1.0
38175268,Deutschland,DE,dictionary_exact,1.0
38175268,Deutschland,DE,dictionary_exact,1.0
38175268,Deutschland,DE,dictionary_exact,1.0
38170297,Deutschland,DE,dictionary_exact,1.0
38170297,Deutschland,DE,dictionary_exact,1.0
38170297,Deutschland,DE,dictionary_exact,1.0
38170297,Deutschland,DE,dictionary_exact,1.0
38170297,Deutschland,DE,dictionary_exact,1.0
38165491,Deutschland,DE,dictionary_exact,1.0
38165491,Albert-Schweitzer-Str. 10,DE,geonames_word,0.8
38134910,Deutschland,DE,dictionary_exact,1.0
38134910,Deutschland,DE,dictionary_exact,1.0
38134910,Deutschland,DE,dictionary_exact,1.0
38134910,Deutschland,DE,dictionary_exact,1.0
38134910,Deutschland,DE,dictionary_exact,1.0
38134910,Deutschland,DE,dictionary_exact,1.0
38134910,Deutschland,DE,dictionary_exact,1.0
38130160,Schweiz,CH,dictionary_exact,1.0
38113904,Germany,DE,pycountry_exact,0.95
38113904,Germany,DE,pycountry_exact,0.95
38113904,Germany,DE,pycountry_exact,0.95
38049104,Göttingen,DE,geonames_exact,0.9
38049104,Deutschland,DE,dictionary_exact,1.0
38049104,Deutschland,DE,dictionary_exact,1.0
37989211,Germany,DE,pycountry_exact,0.95
37989211,Germany,DE,pycountry_exact,0.95
37989211,Germany,DE,pycountry_exact,0.95
37989211,Germany,DE,pycountry_exact,0.95
37989204,Germany,DE,pycountry_exact,0.95
37989204,Germany,DE,pycountry_exact,0.95
37967818,Deutschland,DE,dictionary_exact,1.0
37963580,Germany,DE,pycountry_exact,0.95
37956870,Germany,DE,pycountry_exact,0.95
37931649,Switzerland,CH,pycountry_exact,0.95
37871616,Switzerland,CH,pycountry_exact,0.95
37871615,Germany,DE,pycountry_exact,0.95
37871615,Germany,DE,pycountry_exact,0.95
37845560,Deutschland,DE,dictionary_exact,1.0
37845560,Deutschland,DE,dictionary_exact,1.0
37845560,Deutschland,DE,dictionary_exact,1.0
37845560,Deutschland,DE,dictionary_exact,1.0
37845560,Deutschland,DE,dictionary_exact,1.0
37669765,Deutschland,DE,dictionary_exact,1.0
37620679,Deutschland,DE,dictionary_exact,1.0
37620679,Deutschland,DE,dictionary_exact,1.0
37586402,Deutschland,DE,dictionary_exact,1.0
37541660,Deutschland,DE,dictionary_exact,1.0
37541660,Deutschland,DE,dictionary_exact,1.0
37405523,Deutschland,DE,dictionary_exact,1.0
37405523,Deutschland,DE,dictionary_exact,1.0
37405523,Schweiz,CH,dictionary_exact,1.0
37405523,Deutschland,DE,dictionary_exact,1.0
37327816,Switzerland,CH,pycountry_exact,0.95
37327816,Switzerland,CH,pycountry_exact,0.95
37327816,Germany,DE,pycountry_exact,0.95
37327816,Switzerland,CH,pycountry_exact,0.95
37072537,Deutschland,DE,dictionary_exact,1.0
37072537,Deutschland,DE,dictionary_exact,1.0
37072537,Deutschland,DE,dictionary_exact,1.0
37072537,Deutschland,DE,dictionary_exact,1.0
37044116,Switzerland,CH,pycountry_exact,0.95
37044116,Switzerland,CH,pycountry_exact,0.95
36958342,Germany,DE,pycountry_exact,0.95
36958342,Germany,DE,pycountry_exact,0.95
36958342,Germany,DE,pycountry_exact,0.95
36958342,Germany,DE,pycountry_exact,0.95
36958342,Germany,DE,pycountry_exact,0.95
36892330,Deutschland,DE,dictionary_exact,1.0
36892330,Deutschland,DE,dictionary_exact,1.0
36892330,Deutschland,DE,dictionary_exact,1.0
36522164,Deutschland,DE,dictionary_exact,1.0
36522164,Deutschland,DE,dictionary_exact,1.0
36522164,Deutschland,DE,dictionary_exact,1.0
36168071,Deutschland,DE,dictionary_exact,1.0
36168071,Deutschland,DE,dictionary_exact,1.0
36168071,Deutschland,DE,dictionary_exact,1.0
36168071,Deutschland,DE,dictionary_exact,1.0
36168071,Deutschland,DE,dictionary_exact,1.0
36168071,Deutschland,DE,dictionary_exact,1.0
35545951,Deutschland,DE,dictionary_exact,1.0
35545951,Deutschland,DE,dictionary_exact,1.0
34808674,Deutschland,DE,dictionary_exact,1.0
34808674,Republic of Korea,KR,dictionary_exact,1.0
34694453,Deutschland,DE,dictionary_exact,1.0
34694453,Deutschland,DE,dictionary_exact,1.0
34265859,Deutschland,DE,dictionary_exact,1.0
33906241,Deutschland,DE,dictionary_exact,1.0
33906241,UKM-Marienhospital Steinfurt,DE,geonames_word,0.8
33906241,Schweiz,CH,dictionary_exact,1.0
33906241,Österreich,AT,dictionary_exact,1.0
33906241,Deutschland,DE,dictionary_exact,1.0
33906241,Universitätsklinikum Heidelberg,DE,geonames_word,0.8
33906241,Universitätsklinik für Kinder- und Jugendheilkunde Paracelsus Medizinische Privatuniversität Salzburg,AT,geonames_word,0.8
33906241,Département Femme-Mère-Enfant,not found,Not found,0.0
33906241,Hohmann & Partner),not found,Not found,0.0
32785737,Deutschland,DE,dictionary_exact,1.0
32785737,Deutschland,DE,dictionary_exact,1.0
32076817,Deutschland,DE,dictionary_exact,1.0
32076817,Deutschland,DE,dictionary_exact,1.0
30993358,Deutschland,DE,dictionary_exact,1.0
30993358,Deutschland,DE,dictionary_exact,1.0
27752759,Österreich,AT,dictionary_exact,1.0
27752759,Österreich,AT,dictionary_exact,1.0
27752759,Österreich,AT,dictionary_exact,1.0
